cricsheet_match_id,match_date,event_name,competition_type,venue,city,team_1,team_2,source_search_query,source_url,source_title,accessed_at_utc,scheduled_start_local,timezone_name,scheduled_start_utc,start_time_status,verifier_id,verification_note,exclusion_reason
749781,2015-01-11,Sri Lanka in New Zealand ODI Series,bilateral_series,Hagley Oval,Christchurch,Sri Lanka,New Zealand,"""Sri Lanka"" ""New Zealand"" ""2015-01-11"" scheduled start time",,,,,,,pending,,,
810829,2015-01-12,Dubai Triangular Series,multi_team_series,Dubai International Cricket Stadium,Unknown,Scotland,Ireland,"""Scotland"" ""Ireland"" ""2015-01-12"" scheduled start time",,,,,,,pending,,,
749783,2015-01-15,Sri Lanka in New Zealand ODI Series,bilateral_series,Seddon Park,Hamilton,New Zealand,Sri Lanka,"""New Zealand"" ""Sri Lanka"" ""2015-01-15"" scheduled start time",,,,,,,pending,,,
754751,2015-01-16,Carlton Mid One-Day International Tri-Series,multi_team_series,Sydney Cricket Ground,Unknown,England,Australia,"""England"" ""Australia"" ""2015-01-16"" scheduled start time",,,,,,,pending,,,
722341,2015-01-18,West Indies in South Africa ODI Series,bilateral_series,New Wanderers Stadium,Johannesburg,South Africa,West Indies,"""South Africa"" ""West Indies"" ""2015-01-18"" scheduled start time",,,,,,,pending,,,
754749,2015-01-18,Carlton Mid One-Day International Tri-Series,multi_team_series,Melbourne Cricket Ground,Unknown,India,Australia,"""India"" ""Australia"" ""2015-01-18"" scheduled start time",,,,,,,pending,,,
749787,2015-01-20,Sri Lanka in New Zealand ODI Series,bilateral_series,Saxton Oval,Nelson,Sri Lanka,New Zealand,"""Sri Lanka"" ""New Zealand"" ""2015-01-20"" scheduled start time",,,,,,,pending,,,
754753,2015-01-20,Carlton Mid One-Day International Tri-Series,multi_team_series,"Brisbane Cricket Ground, Woolloongabba",Brisbane,India,England,"""India"" ""England"" ""2015-01-20"" scheduled start time",,,,,,,pending,,,
722343,2015-01-21,West Indies in South Africa ODI Series,bilateral_series,Buffalo Park,East London,West Indies,South Africa,"""West Indies"" ""South Africa"" ""2015-01-21"" scheduled start time",,,,,,,pending,,,
749789,2015-01-23,Sri Lanka in New Zealand ODI Series,bilateral_series,University Oval,Dunedin,New Zealand,Sri Lanka,"""New Zealand"" ""Sri Lanka"" ""2015-01-23"" scheduled start time",,,,,,,pending,,,
754755,2015-01-23,Carlton Mid One-Day International Tri-Series,multi_team_series,Bellerive Oval,Hobart,England,Australia,"""England"" ""Australia"" ""2015-01-23"" scheduled start time",,,,,,,pending,,,
722345,2015-01-25,West Indies in South Africa ODI Series,bilateral_series,St George's Park,Port Elizabeth,South Africa,West Indies,"""South Africa"" ""West Indies"" ""2015-01-25"" scheduled start time",,,,,,,pending,,,
749791,2015-01-25,Sri Lanka in New Zealand ODI Series,bilateral_series,University Oval,Dunedin,New Zealand,Sri Lanka,"""New Zealand"" ""Sri Lanka"" ""2015-01-25"" scheduled start time",,,,,,,pending,,,
722347,2015-01-28,West Indies in South Africa ODI Series,bilateral_series,SuperSport Park,Centurion,South Africa,West Indies,"""South Africa"" ""West Indies"" ""2015-01-28"" scheduled start time",,,,,,,pending,,,
749793,2015-01-29,Sri Lanka in New Zealand ODI Series,bilateral_series,Westpac Stadium,Wellington,Sri Lanka,New Zealand,"""Sri Lanka"" ""New Zealand"" ""2015-01-29"" scheduled start time",,,,,,,pending,,,
754759,2015-01-30,Carlton Mid One-Day International Tri-Series,multi_team_series,Western Australia Cricket Association Ground,Perth,India,England,"""India"" ""England"" ""2015-01-30"" scheduled start time",,,,,,,pending,,,
749795,2015-01-31,Pakistan in New Zealand ODI Series,bilateral_series,Westpac Stadium,Wellington,Pakistan,New Zealand,"""Pakistan"" ""New Zealand"" ""2015-01-31"" scheduled start time",,,,,,,pending,,,
754761,2015-02-01,Carlton Mid One-Day International Tri-Series,multi_team_series,Western Australia Cricket Association Ground,Perth,Australia,England,"""Australia"" ""England"" ""2015-02-01"" scheduled start time",,,,,,,pending,,,
749797,2015-02-03,Pakistan in New Zealand ODI Series,bilateral_series,McLean Park,Napier,New Zealand,Pakistan,"""New Zealand"" ""Pakistan"" ""2015-02-03"" scheduled start time",,,,,,,pending,,,
656399,2015-02-14,ICC Cricket World Cup,world_cup,Hagley Oval,Christchurch,New Zealand,Sri Lanka,"""New Zealand"" ""Sri Lanka"" ""2015-02-14"" scheduled start time",,,,,,,pending,,,
656401,2015-02-14,ICC Cricket World Cup,world_cup,Melbourne Cricket Ground,Unknown,Australia,England,"""Australia"" ""England"" ""2015-02-14"" scheduled start time",,,,,,,pending,,,
656403,2015-02-15,ICC Cricket World Cup,world_cup,Seddon Park,Hamilton,South Africa,Zimbabwe,"""South Africa"" ""Zimbabwe"" ""2015-02-15"" scheduled start time",,,,,,,pending,,,
656405,2015-02-15,ICC Cricket World Cup,world_cup,Adelaide Oval,Unknown,India,Pakistan,"""India"" ""Pakistan"" ""2015-02-15"" scheduled start time",,,,,,,pending,,,
656407,2015-02-16,ICC Cricket World Cup,world_cup,Saxton Oval,Nelson,West Indies,Ireland,"""West Indies"" ""Ireland"" ""2015-02-16"" scheduled start time",,,,,,,pending,,,
656409,2015-02-17,ICC Cricket World Cup,world_cup,University Oval,Dunedin,Scotland,New Zealand,"""Scotland"" ""New Zealand"" ""2015-02-17"" scheduled start time",,,,,,,pending,,,
656413,2015-02-19,ICC Cricket World Cup,world_cup,Saxton Oval,Nelson,United Arab Emirates,Zimbabwe,"""United Arab Emirates"" ""Zimbabwe"" ""2015-02-19"" scheduled start time",,,,,,,pending,,,
656415,2015-02-20,ICC Cricket World Cup,world_cup,Westpac Stadium,Wellington,England,New Zealand,"""England"" ""New Zealand"" ""2015-02-20"" scheduled start time",,,,,,,pending,,,
656417,2015-02-21,ICC Cricket World Cup,world_cup,Hagley Oval,Christchurch,West Indies,Pakistan,"""West Indies"" ""Pakistan"" ""2015-02-21"" scheduled start time",,,,,,,pending,,,
656423,2015-02-22,ICC Cricket World Cup,world_cup,Melbourne Cricket Ground,Unknown,India,South Africa,"""India"" ""South Africa"" ""2015-02-22"" scheduled start time",,,,,,,pending,,,
656425,2015-02-23,ICC Cricket World Cup,world_cup,Hagley Oval,Christchurch,England,Scotland,"""England"" ""Scotland"" ""2015-02-23"" scheduled start time",,,,,,,pending,,,
656429,2015-02-25,ICC Cricket World Cup,world_cup,"Brisbane Cricket Ground, Woolloongabba",Brisbane,United Arab Emirates,Ireland,"""United Arab Emirates"" ""Ireland"" ""2015-02-25"" scheduled start time",,,,,,,pending,,,
656433,2015-02-26,ICC Cricket World Cup,world_cup,Melbourne Cricket Ground,Unknown,Sri Lanka,Bangladesh,"""Sri Lanka"" ""Bangladesh"" ""2015-02-26"" scheduled start time",,,,,,,pending,,,
656435,2015-02-27,ICC Cricket World Cup,world_cup,Sydney Cricket Ground,Unknown,South Africa,West Indies,"""South Africa"" ""West Indies"" ""2015-02-27"" scheduled start time",,,,,,,pending,,,
656437,2015-02-28,ICC Cricket World Cup,world_cup,Eden Park,Auckland,Australia,New Zealand,"""Australia"" ""New Zealand"" ""2015-02-28"" scheduled start time",,,,,,,pending,,,
656439,2015-02-28,ICC Cricket World Cup,world_cup,Western Australia Cricket Association Ground,Perth,United Arab Emirates,India,"""United Arab Emirates"" ""India"" ""2015-02-28"" scheduled start time",,,,,,,pending,,,
656441,2015-03-01,ICC Cricket World Cup,world_cup,Westpac Stadium,Wellington,England,Sri Lanka,"""England"" ""Sri Lanka"" ""2015-03-01"" scheduled start time",,,,,,,pending,,,
656443,2015-03-01,ICC Cricket World Cup,world_cup,"Brisbane Cricket Ground, Woolloongabba",Brisbane,Pakistan,Zimbabwe,"""Pakistan"" ""Zimbabwe"" ""2015-03-01"" scheduled start time",,,,,,,pending,,,
656445,2015-03-03,ICC Cricket World Cup,world_cup,Manuka Oval,Canberra,South Africa,Ireland,"""South Africa"" ""Ireland"" ""2015-03-03"" scheduled start time",,,,,,,pending,,,
656447,2015-03-04,ICC Cricket World Cup,world_cup,McLean Park,Napier,Pakistan,United Arab Emirates,"""Pakistan"" ""United Arab Emirates"" ""2015-03-04"" scheduled start time",,,,,,,pending,,,
656451,2015-03-05,ICC Cricket World Cup,world_cup,Saxton Oval,Nelson,Scotland,Bangladesh,"""Scotland"" ""Bangladesh"" ""2015-03-05"" scheduled start time",,,,,,,pending,,,
656453,2015-03-06,ICC Cricket World Cup,world_cup,Western Australia Cricket Association Ground,Perth,West Indies,India,"""West Indies"" ""India"" ""2015-03-06"" scheduled start time",,,,,,,pending,,,
656457,2015-03-07,ICC Cricket World Cup,world_cup,Bellerive Oval,Hobart,Ireland,Zimbabwe,"""Ireland"" ""Zimbabwe"" ""2015-03-07"" scheduled start time",,,,,,,pending,,,
656461,2015-03-08,ICC Cricket World Cup,world_cup,Sydney Cricket Ground,Unknown,Australia,Sri Lanka,"""Australia"" ""Sri Lanka"" ""2015-03-08"" scheduled start time",,,,,,,pending,,,
656463,2015-03-09,ICC Cricket World Cup,world_cup,Adelaide Oval,Unknown,Bangladesh,England,"""Bangladesh"" ""England"" ""2015-03-09"" scheduled start time",,,,,,,pending,,,
656465,2015-03-10,ICC Cricket World Cup,world_cup,Seddon Park,Hamilton,Ireland,India,"""Ireland"" ""India"" ""2015-03-10"" scheduled start time",,,,,,,pending,,,
656467,2015-03-11,ICC Cricket World Cup,world_cup,Bellerive Oval,Hobart,Sri Lanka,Scotland,"""Sri Lanka"" ""Scotland"" ""2015-03-11"" scheduled start time",,,,,,,pending,,,
656469,2015-03-12,ICC Cricket World Cup,world_cup,Westpac Stadium,Wellington,South Africa,United Arab Emirates,"""South Africa"" ""United Arab Emirates"" ""2015-03-12"" scheduled start time",,,,,,,pending,,,
656471,2015-03-13,ICC Cricket World Cup,world_cup,Seddon Park,Hamilton,Bangladesh,New Zealand,"""Bangladesh"" ""New Zealand"" ""2015-03-13"" scheduled start time",,,,,,,pending,,,
656475,2015-03-14,ICC Cricket World Cup,world_cup,Eden Park,Auckland,Zimbabwe,India,"""Zimbabwe"" ""India"" ""2015-03-14"" scheduled start time",,,,,,,pending,,,
656477,2015-03-14,ICC Cricket World Cup,world_cup,Bellerive Oval,Hobart,Scotland,Australia,"""Scotland"" ""Australia"" ""2015-03-14"" scheduled start time",,,,,,,pending,,,
656479,2015-03-15,ICC Cricket World Cup,world_cup,McLean Park,Napier,United Arab Emirates,West Indies,"""United Arab Emirates"" ""West Indies"" ""2015-03-15"" scheduled start time",,,,,,,pending,,,
656481,2015-03-15,ICC Cricket World Cup,world_cup,Adelaide Oval,Unknown,Ireland,Pakistan,"""Ireland"" ""Pakistan"" ""2015-03-15"" scheduled start time",,,,,,,pending,,,
656483,2015-03-18,ICC Cricket World Cup,world_cup,Sydney Cricket Ground,Unknown,Sri Lanka,South Africa,"""Sri Lanka"" ""South Africa"" ""2015-03-18"" scheduled start time",,,,,,,pending,,,
656485,2015-03-19,ICC Cricket World Cup,world_cup,Melbourne Cricket Ground,Unknown,India,Bangladesh,"""India"" ""Bangladesh"" ""2015-03-19"" scheduled start time",,,,,,,pending,,,
656487,2015-03-20,ICC Cricket World Cup,world_cup,Adelaide Oval,Unknown,Pakistan,Australia,"""Pakistan"" ""Australia"" ""2015-03-20"" scheduled start time",,,,,,,pending,,,
656489,2015-03-21,ICC Cricket World Cup,world_cup,Westpac Stadium,Wellington,New Zealand,West Indies,"""New Zealand"" ""West Indies"" ""2015-03-21"" scheduled start time",,,,,,,pending,,,
656493,2015-03-26,ICC Cricket World Cup,world_cup,Sydney Cricket Ground,Unknown,Australia,India,"""Australia"" ""India"" ""2015-03-26"" scheduled start time",,,,,,,pending,,,
656495,2015-03-29,ICC Cricket World Cup,world_cup,Melbourne Cricket Ground,Unknown,New Zealand,Australia,"""New Zealand"" ""Australia"" ""2015-03-29"" scheduled start time",,,,,,,pending,,,
858485,2015-04-17,Pakistan in Bangladesh ODI Series,bilateral_series,Shere Bangla National Stadium,Mirpur,Bangladesh,Pakistan,"""Bangladesh"" ""Pakistan"" ""2015-04-17"" scheduled start time",,,,,,,pending,,,
858487,2015-04-19,Pakistan in Bangladesh ODI Series,bilateral_series,Shere Bangla National Stadium,Mirpur,Pakistan,Bangladesh,"""Pakistan"" ""Bangladesh"" ""2015-04-19"" scheduled start time",,,,,,,pending,,,
858489,2015-04-22,Pakistan in Bangladesh ODI Series,bilateral_series,Shere Bangla National Stadium,Mirpur,Pakistan,Bangladesh,"""Pakistan"" ""Bangladesh"" ""2015-04-22"" scheduled start time",,,,,,,pending,,,
868727,2015-05-26,Zimbabwe in Pakistan ODI Series,bilateral_series,Gaddafi Stadium,Lahore,Pakistan,Zimbabwe,"""Pakistan"" ""Zimbabwe"" ""2015-05-26"" scheduled start time",,,,,,,pending,,,
868729,2015-05-29,Zimbabwe in Pakistan ODI Series,bilateral_series,Gaddafi Stadium,Lahore,Zimbabwe,Pakistan,"""Zimbabwe"" ""Pakistan"" ""2015-05-29"" scheduled start time",,,,,,,pending,,,
743943,2015-06-09,New Zealand in England ODI Series,bilateral_series,Edgbaston,Birmingham,England,New Zealand,"""England"" ""New Zealand"" ""2015-06-09"" scheduled start time",,,,,,,pending,,,
743947,2015-06-14,New Zealand in England ODI Series,bilateral_series,The Rose Bowl,Southampton,England,New Zealand,"""England"" ""New Zealand"" ""2015-06-14"" scheduled start time",,,,,,,pending,,,
743949,2015-06-17,New Zealand in England ODI Series,bilateral_series,Trent Bridge,Nottingham,New Zealand,England,"""New Zealand"" ""England"" ""2015-06-17"" scheduled start time",,,,,,,pending,,,
870731,2015-06-18,India in Bangladesh ODI Series,bilateral_series,Shere Bangla National Stadium,Mirpur,Bangladesh,India,"""Bangladesh"" ""India"" ""2015-06-18"" scheduled start time",,,,,,,pending,,,
870735,2015-06-24,India in Bangladesh ODI Series,bilateral_series,Shere Bangla National Stadium,Mirpur,India,Bangladesh,"""India"" ""Bangladesh"" ""2015-06-24"" scheduled start time",,,,,,,pending,,,
817207,2015-07-10,South Africa in Bangladesh ODI Series,bilateral_series,Shere Bangla National Stadium,Mirpur,Bangladesh,South Africa,"""Bangladesh"" ""South Africa"" ""2015-07-10"" scheduled start time",,,,,,,pending,,,
885959,2015-07-10,India in Zimbabwe ODI Series,bilateral_series,Harare Sports Club,Unknown,India,Zimbabwe,"""India"" ""Zimbabwe"" ""2015-07-10"" scheduled start time",,,,,,,pending,,,
860269,2015-07-11,Pakistan in Sri Lanka ODI Series,bilateral_series,Rangiri Dambulla International Stadium,Unknown,Sri Lanka,Pakistan,"""Sri Lanka"" ""Pakistan"" ""2015-07-11"" scheduled start time",,,,,,,pending,,,
817209,2015-07-12,South Africa in Bangladesh ODI Series,bilateral_series,Shere Bangla National Stadium,Mirpur,South Africa,Bangladesh,"""South Africa"" ""Bangladesh"" ""2015-07-12"" scheduled start time",,,,,,,pending,,,
885965,2015-07-12,India in Zimbabwe ODI Series,bilateral_series,Harare Sports Club,Unknown,India,Zimbabwe,"""India"" ""Zimbabwe"" ""2015-07-12"" scheduled start time",,,,,,,pending,,,
885967,2015-07-14,India in Zimbabwe ODI Series,bilateral_series,Harare Sports Club,Unknown,India,Zimbabwe,"""India"" ""Zimbabwe"" ""2015-07-14"" scheduled start time",,,,,,,pending,,,
860271,2015-07-15,Pakistan in Sri Lanka ODI Series,bilateral_series,Pallekele International Cricket Stadium,Unknown,Pakistan,Sri Lanka,"""Pakistan"" ""Sri Lanka"" ""2015-07-15"" scheduled start time",,,,,,,pending,,,
860273,2015-07-19,Pakistan in Sri Lanka ODI Series,bilateral_series,R Premadasa Stadium,Colombo,Pakistan,Sri Lanka,"""Pakistan"" ""Sri Lanka"" ""2015-07-19"" scheduled start time",,,,,,,pending,,,
860275,2015-07-22,Pakistan in Sri Lanka ODI Series,bilateral_series,R Premadasa Stadium,Colombo,Sri Lanka,Pakistan,"""Sri Lanka"" ""Pakistan"" ""2015-07-22"" scheduled start time",,,,,,,pending,,,
860277,2015-07-26,Pakistan in Sri Lanka ODI Series,bilateral_series,"Mahinda Rajapaksa International Cricket Stadium, Sooriyawewa",Hambantota,Sri Lanka,Pakistan,"""Sri Lanka"" ""Pakistan"" ""2015-07-26"" scheduled start time",,,,,,,pending,,,
894287,2015-08-02,New Zealand in Zimbabwe ODI Series,bilateral_series,Harare Sports Club,Unknown,New Zealand,Zimbabwe,"""New Zealand"" ""Zimbabwe"" ""2015-08-02"" scheduled start time",,,,,,,pending,,,
894289,2015-08-04,New Zealand in Zimbabwe ODI Series,bilateral_series,Harare Sports Club,Unknown,Zimbabwe,New Zealand,"""Zimbabwe"" ""New Zealand"" ""2015-08-04"" scheduled start time",,,,,,,pending,,,
894291,2015-08-07,New Zealand in Zimbabwe ODI Series,bilateral_series,Harare Sports Club,Unknown,New Zealand,Zimbabwe,"""New Zealand"" ""Zimbabwe"" ""2015-08-07"" scheduled start time",,,,,,,pending,,,
848843,2015-08-19,New Zealand in South Africa ODI Series,bilateral_series,SuperSport Park,Centurion,South Africa,New Zealand,"""South Africa"" ""New Zealand"" ""2015-08-19"" scheduled start time",,,,,,,pending,,,
848845,2015-08-23,New Zealand in South Africa ODI Series,bilateral_series,Senwes Park,Potchefstroom,South Africa,New Zealand,"""South Africa"" ""New Zealand"" ""2015-08-23"" scheduled start time",,,,,,,pending,,,
848847,2015-08-26,New Zealand in South Africa ODI Series,bilateral_series,Kingsmead,Durban,South Africa,New Zealand,"""South Africa"" ""New Zealand"" ""2015-08-26"" scheduled start time",,,,,,,pending,,,
743977,2015-09-03,Australia in England ODI Series,bilateral_series,The Rose Bowl,Southampton,Australia,England,"""Australia"" ""England"" ""2015-09-03"" scheduled start time",,,,,,,pending,,,
743979,2015-09-05,Australia in England ODI Series,bilateral_series,Lord's,London,Australia,England,"""Australia"" ""England"" ""2015-09-05"" scheduled start time",,,,,,,pending,,,
743981,2015-09-08,Australia in England ODI Series,bilateral_series,Old Trafford,Manchester,England,Australia,"""England"" ""Australia"" ""2015-09-08"" scheduled start time",,,,,,,pending,,,
743983,2015-09-11,Australia in England ODI Series,bilateral_series,Headingley,Leeds,Australia,England,"""Australia"" ""England"" ""2015-09-11"" scheduled start time",,,,,,,pending,,,
743985,2015-09-13,Australia in England ODI Series,bilateral_series,Old Trafford,Manchester,England,Australia,"""England"" ""Australia"" ""2015-09-13"" scheduled start time",,,,,,,pending,,,
919607,2015-10-01,Pakistan in Zimbabwe ODI Series,bilateral_series,Harare Sports Club,Unknown,Pakistan,Zimbabwe,"""Pakistan"" ""Zimbabwe"" ""2015-10-01"" scheduled start time",,,,,,,pending,,,
919611,2015-10-05,Pakistan in Zimbabwe ODI Series,bilateral_series,Harare Sports Club,Unknown,Zimbabwe,Pakistan,"""Zimbabwe"" ""Pakistan"" ""2015-10-05"" scheduled start time",,,,,,,pending,,,
919613,2015-10-09,Ireland in Zimbabwe ODI Series,bilateral_series,Harare Sports Club,Unknown,Ireland,Zimbabwe,"""Ireland"" ""Zimbabwe"" ""2015-10-09"" scheduled start time",,,,,,,pending,,,
903593,2015-10-11,South Africa in India ODI Series,bilateral_series,Green Park,Kanpur,South Africa,India,"""South Africa"" ""India"" ""2015-10-11"" scheduled start time",,,,,,,pending,,,
919615,2015-10-11,Ireland in Zimbabwe ODI Series,bilateral_series,Harare Sports Club,Unknown,Ireland,Zimbabwe,"""Ireland"" ""Zimbabwe"" ""2015-10-11"" scheduled start time",,,,,,,pending,,,
919617,2015-10-13,Ireland in Zimbabwe ODI Series,bilateral_series,Harare Sports Club,Unknown,Zimbabwe,Ireland,"""Zimbabwe"" ""Ireland"" ""2015-10-13"" scheduled start time",,,,,,,pending,,,
903595,2015-10-14,South Africa in India ODI Series,bilateral_series,Holkar Cricket Stadium,Indore,India,South Africa,"""India"" ""South Africa"" ""2015-10-14"" scheduled start time",,,,,,,pending,,,
903597,2015-10-18,South Africa in India ODI Series,bilateral_series,Saurashtra Cricket Association Stadium,Rajkot,South Africa,India,"""South Africa"" ""India"" ""2015-10-18"" scheduled start time",,,,,,,pending,,,
903599,2015-10-22,South Africa in India ODI Series,bilateral_series,"MA Chidambaram Stadium, Chepauk",Chennai,India,South Africa,"""India"" ""South Africa"" ""2015-10-22"" scheduled start time",,,,,,,pending,,,
903601,2015-10-25,South Africa in India ODI Series,bilateral_series,Wankhede Stadium,Mumbai,South Africa,India,"""South Africa"" ""India"" ""2015-10-25"" scheduled start time",,,,,,,pending,,,
931390,2015-11-07,Zimbabwe in Bangladesh ODI Series,bilateral_series,Shere Bangla National Stadium,Mirpur,Bangladesh,Zimbabwe,"""Bangladesh"" ""Zimbabwe"" ""2015-11-07"" scheduled start time",,,,,,,pending,,,
931392,2015-11-09,Zimbabwe in Bangladesh ODI Series,bilateral_series,Shere Bangla National Stadium,Mirpur,Bangladesh,Zimbabwe,"""Bangladesh"" ""Zimbabwe"" ""2015-11-09"" scheduled start time",,,,,,,pending,,,
902641,2015-11-11,Pakistan v England ODI Series,other_odi,Sheikh Zayed Stadium,Abu Dhabi,England,Pakistan,"""England"" ""Pakistan"" ""2015-11-11"" scheduled start time",,,,,,,pending,,,
931394,2015-11-11,Zimbabwe in Bangladesh ODI Series,bilateral_series,Shere Bangla National Stadium,Mirpur,Bangladesh,Zimbabwe,"""Bangladesh"" ""Zimbabwe"" ""2015-11-11"" scheduled start time",,,,,,,pending,,,
902643,2015-11-13,Pakistan v England ODI Series,other_odi,Sheikh Zayed Stadium,Abu Dhabi,England,Pakistan,"""England"" ""Pakistan"" ""2015-11-13"" scheduled start time",,,,,,,pending,,,
911049,2015-11-16,ICC World Cricket League Championship,qualification_pathway,ICC Academy,Dubai,Hong Kong,United Arab Emirates,"""Hong Kong"" ""United Arab Emirates"" ""2015-11-16"" scheduled start time",,,,,,,pending,,,
902645,2015-11-17,Pakistan v England ODI Series,other_odi,Sharjah Cricket Stadium,Unknown,Pakistan,England,"""Pakistan"" ""England"" ""2015-11-17"" scheduled start time",,,,,,,pending,,,
902647,2015-11-20,Pakistan v England ODI Series,other_odi,Dubai International Cricket Stadium,Unknown,England,Pakistan,"""England"" ""Pakistan"" ""2015-11-20"" scheduled start time",,,,,,,pending,,,
914207,2015-12-26,Sri Lanka in New Zealand ODI Series,bilateral_series,Hagley Oval,Christchurch,Sri Lanka,New Zealand,"""Sri Lanka"" ""New Zealand"" ""2015-12-26"" scheduled start time",,,,,,,pending,,,
914211,2015-12-31,Sri Lanka in New Zealand ODI Series,bilateral_series,Saxton Oval,Nelson,New Zealand,Sri Lanka,"""New Zealand"" ""Sri Lanka"" ""2015-12-31"" scheduled start time",,,,,,,pending,,,
914215,2016-01-05,Sri Lanka in New Zealand ODI Series,bilateral_series,Bay Oval,Mount Maunganui,New Zealand,Sri Lanka,"""New Zealand"" ""Sri Lanka"" ""2016-01-05"" scheduled start time",,,,,,,pending,,,
895807,2016-01-12,India in Australia ODI Series,bilateral_series,Western Australia Cricket Association Ground,Perth,India,Australia,"""India"" ""Australia"" ""2016-01-12"" scheduled start time",,,,,,,pending,,,
895809,2016-01-15,India in Australia ODI Series,bilateral_series,"Brisbane Cricket Ground, Woolloongabba",Brisbane,India,Australia,"""India"" ""Australia"" ""2016-01-15"" scheduled start time",,,,,,,pending,,,
895811,2016-01-17,India in Australia ODI Series,bilateral_series,Melbourne Cricket Ground,Unknown,India,Australia,"""India"" ""Australia"" ""2016-01-17"" scheduled start time",,,,,,,pending,,,
895813,2016-01-20,India in Australia ODI Series,bilateral_series,Manuka Oval,Canberra,Australia,India,"""Australia"" ""India"" ""2016-01-20"" scheduled start time",,,,,,,pending,,,
895815,2016-01-23,India in Australia ODI Series,bilateral_series,Sydney Cricket Ground,Unknown,Australia,India,"""Australia"" ""India"" ""2016-01-23"" scheduled start time",,,,,,,pending,,,
914227,2016-01-25,Pakistan in New Zealand ODI Series,bilateral_series,Basin Reserve,Wellington,New Zealand,Pakistan,"""New Zealand"" ""Pakistan"" ""2016-01-25"" scheduled start time",,,,,,,pending,,,
914231,2016-02-03,Chappell-Hadlee Trophy,other_odi,Eden Park,Auckland,New Zealand,Australia,"""New Zealand"" ""Australia"" ""2016-02-03"" scheduled start time",,,,,,,pending,,,
800471,2016-02-06,England in South Africa ODI Series,bilateral_series,St George's Park,Port Elizabeth,South Africa,England,"""South Africa"" ""England"" ""2016-02-06"" scheduled start time",,,,,,,pending,,,
914233,2016-02-06,Chappell-Hadlee Trophy,other_odi,Westpac Stadium,Wellington,New Zealand,Australia,"""New Zealand"" ""Australia"" ""2016-02-06"" scheduled start time",,,,,,,pending,,,
914235,2016-02-08,Chappell-Hadlee Trophy,other_odi,Seddon Park,Hamilton,New Zealand,Australia,"""New Zealand"" ""Australia"" ""2016-02-08"" scheduled start time",,,,,,,pending,,,
800473,2016-02-09,England in South Africa ODI Series,bilateral_series,SuperSport Park,Centurion,England,South Africa,"""England"" ""South Africa"" ""2016-02-09"" scheduled start time",,,,,,,pending,,,
800475,2016-02-12,England in South Africa ODI Series,bilateral_series,New Wanderers Stadium,Johannesburg,England,South Africa,"""England"" ""South Africa"" ""2016-02-12"" scheduled start time",,,,,,,pending,,,
800477,2016-02-14,England in South Africa ODI Series,bilateral_series,Newlands,Cape Town,England,South Africa,"""England"" ""South Africa"" ""2016-02-14"" scheduled start time",,,,,,,pending,,,
932849,2016-06-03,West Indies Tri-Nation Series,multi_team_series,Providence Stadium,Guyana,South Africa,West Indies,"""South Africa"" ""West Indies"" ""2016-06-03"" scheduled start time",,,,,,,pending,,,
932851,2016-06-05,West Indies Tri-Nation Series,multi_team_series,Providence Stadium,Guyana,West Indies,Australia,"""West Indies"" ""Australia"" ""2016-06-05"" scheduled start time",,,,,,,pending,,,
932853,2016-06-07,West Indies Tri-Nation Series,multi_team_series,Providence Stadium,Guyana,South Africa,Australia,"""South Africa"" ""Australia"" ""2016-06-07"" scheduled start time",,,,,,,pending,,,
1007649,2016-06-11,India in Zimbabwe ODI Series,bilateral_series,Harare Sports Club,Unknown,Zimbabwe,India,"""Zimbabwe"" ""India"" ""2016-06-11"" scheduled start time",,,,,,,pending,,,
932855,2016-06-11,West Indies Tri-Nation Series,multi_team_series,"Warner Park, Basseterre",St Kitts,Australia,South Africa,"""Australia"" ""South Africa"" ""2016-06-11"" scheduled start time",,,,,,,pending,,,
1007651,2016-06-13,India in Zimbabwe ODI Series,bilateral_series,Harare Sports Club,Unknown,Zimbabwe,India,"""Zimbabwe"" ""India"" ""2016-06-13"" scheduled start time",,,,,,,pending,,,
932857,2016-06-13,West Indies Tri-Nation Series,multi_team_series,"Warner Park, Basseterre",St Kitts,Australia,West Indies,"""Australia"" ""West Indies"" ""2016-06-13"" scheduled start time",,,,,,,pending,,,
1007653,2016-06-15,India in Zimbabwe ODI Series,bilateral_series,Harare Sports Club,Unknown,Zimbabwe,India,"""Zimbabwe"" ""India"" ""2016-06-15"" scheduled start time",,,,,,,pending,,,
932859,2016-06-15,West Indies Tri-Nation Series,multi_team_series,"Warner Park, Basseterre",St Kitts,South Africa,West Indies,"""South Africa"" ""West Indies"" ""2016-06-15"" scheduled start time",,,,,,,pending,,,
913621,2016-06-18,Sri Lanka in Ireland ODI Series,bilateral_series,"The Village, Malahide",Dublin,Sri Lanka,Ireland,"""Sri Lanka"" ""Ireland"" ""2016-06-18"" scheduled start time",,,,,,,pending,,,
932863,2016-06-21,West Indies Tri-Nation Series,multi_team_series,"Kensington Oval, Bridgetown",Barbados,West Indies,Australia,"""West Indies"" ""Australia"" ""2016-06-21"" scheduled start time",,,,,,,pending,,,
913625,2016-06-24,Sri Lanka in England ODI Series,bilateral_series,Edgbaston,Birmingham,Sri Lanka,England,"""Sri Lanka"" ""England"" ""2016-06-24"" scheduled start time",,,,,,,pending,,,
932865,2016-06-24,West Indies Tri-Nation Series,multi_team_series,"Kensington Oval, Bridgetown",Barbados,West Indies,South Africa,"""West Indies"" ""South Africa"" ""2016-06-24"" scheduled start time",,,,,,,pending,,,
932867,2016-06-26,West Indies Tri-Nation Series,multi_team_series,"Kensington Oval, Bridgetown",Barbados,Australia,West Indies,"""Australia"" ""West Indies"" ""2016-06-26"" scheduled start time",,,,,,,pending,,,
913631,2016-07-02,Sri Lanka in England ODI Series,bilateral_series,Sophia Gardens,Cardiff,England,Sri Lanka,"""England"" ""Sri Lanka"" ""2016-07-02"" scheduled start time",,,,,,,pending,,,
997993,2016-08-14,ICC World Cricket League Championship,qualification_pathway,"Grange Cricket Club Ground, Raeburn Place",Edinburgh,Scotland,United Arab Emirates,"""Scotland"" ""United Arab Emirates"" ""2016-08-14"" scheduled start time",,,,,,,pending,,,
997995,2016-08-16,ICC World Cricket League Championship,qualification_pathway,"Grange Cricket Club Ground, Raeburn Place",Edinburgh,United Arab Emirates,Scotland,"""United Arab Emirates"" ""Scotland"" ""2016-08-16"" scheduled start time",,,,,,,pending,,,
913649,2016-08-18,Pakistan in Ireland ODI Series,bilateral_series,"The Village, Malahide",Dublin,Pakistan,Ireland,"""Pakistan"" ""Ireland"" ""2016-08-18"" scheduled start time",,,,,,,pending,,,
995457,2016-08-21,Australia in Sri Lanka ODI Series,bilateral_series,R Premadasa Stadium,Colombo,Sri Lanka,Australia,"""Sri Lanka"" ""Australia"" ""2016-08-21"" scheduled start time",,,,,,,pending,,,
995459,2016-08-24,Australia in Sri Lanka ODI Series,bilateral_series,R Premadasa Stadium,Colombo,Sri Lanka,Australia,"""Sri Lanka"" ""Australia"" ""2016-08-24"" scheduled start time",,,,,,,pending,,,
913655,2016-08-27,Pakistan in England ODI Series,bilateral_series,Lord's,London,Pakistan,England,"""Pakistan"" ""England"" ""2016-08-27"" scheduled start time",,,,,,,pending,,,
995461,2016-08-28,Australia in Sri Lanka ODI Series,bilateral_series,Rangiri Dambulla International Stadium,Unknown,Sri Lanka,Australia,"""Sri Lanka"" ""Australia"" ""2016-08-28"" scheduled start time",,,,,,,pending,,,
913657,2016-08-30,Pakistan in England ODI Series,bilateral_series,Trent Bridge,Nottingham,England,Pakistan,"""England"" ""Pakistan"" ""2016-08-30"" scheduled start time",,,,,,,pending,,,
995463,2016-08-31,Australia in Sri Lanka ODI Series,bilateral_series,Rangiri Dambulla International Stadium,Unknown,Sri Lanka,Australia,"""Sri Lanka"" ""Australia"" ""2016-08-31"" scheduled start time",,,,,,,pending,,,
913659,2016-09-01,Pakistan in England ODI Series,bilateral_series,Headingley,Leeds,Pakistan,England,"""Pakistan"" ""England"" ""2016-09-01"" scheduled start time",,,,,,,pending,,,
913661,2016-09-04,Pakistan in England ODI Series,bilateral_series,Sophia Gardens,Cardiff,England,Pakistan,"""England"" ""Pakistan"" ""2016-09-04"" scheduled start time",,,,,,,pending,,,
995465,2016-09-04,Australia in Sri Lanka ODI Series,bilateral_series,Pallekele International Cricket Stadium,Unknown,Sri Lanka,Australia,"""Sri Lanka"" ""Australia"" ""2016-09-04"" scheduled start time",,,,,,,pending,,,
1004285,2016-09-10,Hong Kong in Scotland ODI Series,bilateral_series,"Grange Cricket Club Ground, Raeburn Place",Edinburgh,Scotland,Hong Kong,"""Scotland"" ""Hong Kong"" ""2016-09-10"" scheduled start time",,,,,,,pending,,,
936131,2016-09-25,Unknown,other_odi,Willowmoore Park,Benoni,South Africa,Ireland,"""South Africa"" ""Ireland"" ""2016-09-25"" scheduled start time",,,,,,,pending,,,
936135,2016-09-30,Australia in South Africa ODI Series,bilateral_series,SuperSport Park,Centurion,Australia,South Africa,"""Australia"" ""South Africa"" ""2016-09-30"" scheduled start time",,,,,,,pending,,,
1050225,2016-10-02,Pakistan v West Indies ODI Series,other_odi,Sharjah Cricket Stadium,Unknown,Pakistan,West Indies,"""Pakistan"" ""West Indies"" ""2016-10-02"" scheduled start time",,,,,,,pending,,,
936137,2016-10-02,Australia in South Africa ODI Series,bilateral_series,New Wanderers Stadium,Johannesburg,South Africa,Australia,"""South Africa"" ""Australia"" ""2016-10-02"" scheduled start time",,,,,,,pending,,,
1050227,2016-10-05,Pakistan v West Indies ODI Series,other_odi,Sheikh Zayed Stadium,Abu Dhabi,Pakistan,West Indies,"""Pakistan"" ""West Indies"" ""2016-10-05"" scheduled start time",,,,,,,pending,,,
936139,2016-10-05,Australia in South Africa ODI Series,bilateral_series,Kingsmead,Durban,Australia,South Africa,"""Australia"" ""South Africa"" ""2016-10-05"" scheduled start time",,,,,,,pending,,,
1029819,2016-10-07,England in Bangladesh ODI Series,bilateral_series,Shere Bangla National Stadium,Mirpur,England,Bangladesh,"""England"" ""Bangladesh"" ""2016-10-07"" scheduled start time",,,,,,,pending,,,
1029821,2016-10-09,England in Bangladesh ODI Series,bilateral_series,Shere Bangla National Stadium,Mirpur,Bangladesh,England,"""Bangladesh"" ""England"" ""2016-10-09"" scheduled start time",,,,,,,pending,,,
936141,2016-10-09,Australia in South Africa ODI Series,bilateral_series,St George's Park,Port Elizabeth,Australia,South Africa,"""Australia"" ""South Africa"" ""2016-10-09"" scheduled start time",,,,,,,pending,,,
1029823,2016-10-12,England in Bangladesh ODI Series,bilateral_series,Zahur Ahmed Chowdhury Stadium,Chittagong,Bangladesh,England,"""Bangladesh"" ""England"" ""2016-10-12"" scheduled start time",,,,,,,pending,,,
936143,2016-10-12,Australia in South Africa ODI Series,bilateral_series,Newlands,Cape Town,South Africa,Australia,"""South Africa"" ""Australia"" ""2016-10-12"" scheduled start time",,,,,,,pending,,,
1030219,2016-10-16,New Zealand in India ODI Series,bilateral_series,Himachal Pradesh Cricket Association Stadium,Dharmasala,New Zealand,India,"""New Zealand"" ""India"" ""2016-10-16"" scheduled start time",,,,,,,pending,,,
1030221,2016-10-20,New Zealand in India ODI Series,bilateral_series,Feroz Shah Kotla,Delhi,New Zealand,India,"""New Zealand"" ""India"" ""2016-10-20"" scheduled start time",,,,,,,pending,,,
1030223,2016-10-23,New Zealand in India ODI Series,bilateral_series,"Punjab Cricket Association Stadium, Mohali",Chandigarh,New Zealand,India,"""New Zealand"" ""India"" ""2016-10-23"" scheduled start time",,,,,,,pending,,,
1030225,2016-10-26,New Zealand in India ODI Series,bilateral_series,JSCA International Stadium Complex,Ranchi,New Zealand,India,"""New Zealand"" ""India"" ""2016-10-26"" scheduled start time",,,,,,,pending,,,
1030227,2016-10-29,New Zealand in India ODI Series,bilateral_series,Dr. Y.S. Rajasekhara Reddy ACA-VDCA Cricket Stadium,Visakhapatnam,India,New Zealand,"""India"" ""New Zealand"" ""2016-10-29"" scheduled start time",,,,,,,pending,,,
1026847,2016-11-04,Papua New Guinea in Hong Kong ODI Series,bilateral_series,"Mission Road Ground, Mong Kok",Hong Kong,Hong Kong,Papua New Guinea,"""Hong Kong"" ""Papua New Guinea"" ""2016-11-04"" scheduled start time",,,,,,,pending,,,
1026849,2016-11-06,Papua New Guinea in Hong Kong ODI Series,bilateral_series,"Mission Road Ground, Mong Kok",Hong Kong,Papua New Guinea,Hong Kong,"""Papua New Guinea"" ""Hong Kong"" ""2016-11-06"" scheduled start time",,,,,,,pending,,,
1059710,2016-11-14,Zimbabwe Tri-Nation Series,multi_team_series,Harare Sports Club,Unknown,Zimbabwe,Sri Lanka,"""Zimbabwe"" ""Sri Lanka"" ""2016-11-14"" scheduled start time",,,,,,,pending,,,
1059711,2016-11-16,Zimbabwe Tri-Nation Series,multi_team_series,Harare Sports Club,Unknown,West Indies,Sri Lanka,"""West Indies"" ""Sri Lanka"" ""2016-11-16"" scheduled start time",,,,,,,pending,,,
1059714,2016-11-23,Zimbabwe Tri-Nation Series,multi_team_series,Queens Sports Club,Bulawayo,Sri Lanka,West Indies,"""Sri Lanka"" ""West Indies"" ""2016-11-23"" scheduled start time",,,,,,,pending,,,
1059716,2016-11-27,Zimbabwe Tri-Nation Series,multi_team_series,Queens Sports Club,Bulawayo,Zimbabwe,Sri Lanka,"""Zimbabwe"" ""Sri Lanka"" ""2016-11-27"" scheduled start time",,,,,,,pending,,,
1001371,2016-12-04,Chappell-Hadlee Trophy,other_odi,Sydney Cricket Ground,Unknown,Australia,New Zealand,"""Australia"" ""New Zealand"" ""2016-12-04"" scheduled start time",,,,,,,pending,,,
1001373,2016-12-06,Chappell-Hadlee Trophy,other_odi,Manuka Oval,Canberra,Australia,New Zealand,"""Australia"" ""New Zealand"" ""2016-12-06"" scheduled start time",,,,,,,pending,,,
1001375,2016-12-09,Chappell-Hadlee Trophy,other_odi,Melbourne Cricket Ground,Unknown,Australia,New Zealand,"""Australia"" ""New Zealand"" ""2016-12-09"" scheduled start time",,,,,,,pending,,,
1019973,2016-12-26,Bangladesh in New Zealand ODI Series,bilateral_series,Hagley Oval,Christchurch,New Zealand,Bangladesh,"""New Zealand"" ""Bangladesh"" ""2016-12-26"" scheduled start time",,,,,,,pending,,,
1019975,2016-12-29,Bangladesh in New Zealand ODI Series,bilateral_series,Saxton Oval,Nelson,New Zealand,Bangladesh,"""New Zealand"" ""Bangladesh"" ""2016-12-29"" scheduled start time",,,,,,,pending,,,
1019977,2016-12-31,Bangladesh in New Zealand ODI Series,bilateral_series,Saxton Oval,Nelson,Bangladesh,New Zealand,"""Bangladesh"" ""New Zealand"" ""2016-12-31"" scheduled start time",,,,,,,pending,,,
1000887,2017-01-13,Pakistan in Australia ODI Series,bilateral_series,"Brisbane Cricket Ground, Woolloongabba",Brisbane,Australia,Pakistan,"""Australia"" ""Pakistan"" ""2017-01-13"" scheduled start time",,,,,,,pending,,,
1000889,2017-01-15,Pakistan in Australia ODI Series,bilateral_series,Melbourne Cricket Ground,Unknown,Australia,Pakistan,"""Australia"" ""Pakistan"" ""2017-01-15"" scheduled start time",,,,,,,pending,,,
1034819,2017-01-15,England in India ODI Series,bilateral_series,Maharashtra Cricket Association Stadium,Pune,England,India,"""England"" ""India"" ""2017-01-15"" scheduled start time",,,,,,,pending,,,
1000891,2017-01-19,Pakistan in Australia ODI Series,bilateral_series,Western Australia Cricket Association Ground,Perth,Pakistan,Australia,"""Pakistan"" ""Australia"" ""2017-01-19"" scheduled start time",,,,,,,pending,,,
1034821,2017-01-19,England in India ODI Series,bilateral_series,Barabati Stadium,Cuttack,India,England,"""India"" ""England"" ""2017-01-19"" scheduled start time",,,,,,,pending,,,
1000893,2017-01-22,Pakistan in Australia ODI Series,bilateral_series,Sydney Cricket Ground,Unknown,Australia,Pakistan,"""Australia"" ""Pakistan"" ""2017-01-22"" scheduled start time",,,,,,,pending,,,
1034823,2017-01-22,England in India ODI Series,bilateral_series,Eden Gardens,Kolkata,England,India,"""England"" ""India"" ""2017-01-22"" scheduled start time",,,,,,,pending,,,
1078659,2017-01-22,United Arab Emirates Tri-Nation Series,multi_team_series,Sheikh Zayed Stadium,Abu Dhabi,Scotland,Hong Kong,"""Scotland"" ""Hong Kong"" ""2017-01-22"" scheduled start time",,,,,,,pending,,,
1078660,2017-01-24,United Arab Emirates Tri-Nation Series,multi_team_series,Dubai International Cricket Stadium,Unknown,Scotland,United Arab Emirates,"""Scotland"" ""United Arab Emirates"" ""2017-01-24"" scheduled start time",,,,,,,pending,,,
1000895,2017-01-26,Pakistan in Australia ODI Series,bilateral_series,Adelaide Oval,Unknown,Australia,Pakistan,"""Australia"" ""Pakistan"" ""2017-01-26"" scheduled start time",,,,,,,pending,,,
1078661,2017-01-26,United Arab Emirates Tri-Nation Series,multi_team_series,Dubai International Cricket Stadium,Unknown,Hong Kong,United Arab Emirates,"""Hong Kong"" ""United Arab Emirates"" ""2017-01-26"" scheduled start time",,,,,,,pending,,,
936159,2017-01-28,Sri Lanka in South Africa ODI Series,bilateral_series,St George's Park,Port Elizabeth,Sri Lanka,South Africa,"""Sri Lanka"" ""South Africa"" ""2017-01-28"" scheduled start time",,,,,,,pending,,,
1020013,2017-01-30,Chappell-Hadlee Trophy,other_odi,Eden Park,Auckland,New Zealand,Australia,"""New Zealand"" ""Australia"" ""2017-01-30"" scheduled start time",,,,,,,pending,,,
936161,2017-02-01,Sri Lanka in South Africa ODI Series,bilateral_series,Kingsmead,Durban,South Africa,Sri Lanka,"""South Africa"" ""Sri Lanka"" ""2017-02-01"" scheduled start time",,,,,,,pending,,,
936163,2017-02-04,Sri Lanka in South Africa ODI Series,bilateral_series,New Wanderers Stadium,Johannesburg,Sri Lanka,South Africa,"""Sri Lanka"" ""South Africa"" ""2017-02-04"" scheduled start time",,,,,,,pending,,,
1020017,2017-02-05,Chappell-Hadlee Trophy,other_odi,Seddon Park,Hamilton,New Zealand,Australia,"""New Zealand"" ""Australia"" ""2017-02-05"" scheduled start time",,,,,,,pending,,,
936165,2017-02-07,Sri Lanka in South Africa ODI Series,bilateral_series,Newlands,Cape Town,South Africa,Sri Lanka,"""South Africa"" ""Sri Lanka"" ""2017-02-07"" scheduled start time",,,,,,,pending,,,
936167,2017-02-10,Sri Lanka in South Africa ODI Series,bilateral_series,SuperSport Park,Centurion,South Africa,Sri Lanka,"""South Africa"" ""Sri Lanka"" ""2017-02-10"" scheduled start time",,,,,,,pending,,,
1020031,2017-02-19,South Africa in New Zealand ODI Series,bilateral_series,Seddon Park,Hamilton,New Zealand,South Africa,"""New Zealand"" ""South Africa"" ""2017-02-19"" scheduled start time",,,,,,,pending,,,
1020033,2017-02-22,South Africa in New Zealand ODI Series,bilateral_series,Hagley Oval,Christchurch,New Zealand,South Africa,"""New Zealand"" ""South Africa"" ""2017-02-22"" scheduled start time",,,,,,,pending,,,
1020035,2017-02-25,South Africa in New Zealand ODI Series,bilateral_series,Westpac Stadium,Wellington,South Africa,New Zealand,"""South Africa"" ""New Zealand"" ""2017-02-25"" scheduled start time",,,,,,,pending,,,
1020037,2017-03-01,South Africa in New Zealand ODI Series,bilateral_series,Seddon Park,Hamilton,South Africa,New Zealand,"""South Africa"" ""New Zealand"" ""2017-03-01"" scheduled start time",,,,,,,pending,,,
1080630,2017-03-02,Ireland in United Arab Emirates ODI Series,bilateral_series,ICC Global Cricket Academy,Dubai,Ireland,United Arab Emirates,"""Ireland"" ""United Arab Emirates"" ""2017-03-02"" scheduled start time",,,,,,,pending,,,
1027315,2017-03-03,England in West Indies ODI Series,bilateral_series,"Sir Vivian Richards Stadium, North Sound",Antigua,England,West Indies,"""England"" ""West Indies"" ""2017-03-03"" scheduled start time",,,,,,,pending,,,
1020039,2017-03-04,South Africa in New Zealand ODI Series,bilateral_series,Eden Park,Auckland,New Zealand,South Africa,"""New Zealand"" ""South Africa"" ""2017-03-04"" scheduled start time",,,,,,,pending,,,
1080631,2017-03-04,Ireland in United Arab Emirates ODI Series,bilateral_series,ICC Global Cricket Academy,Dubai,United Arab Emirates,Ireland,"""United Arab Emirates"" ""Ireland"" ""2017-03-04"" scheduled start time",,,,,,,pending,,,
1027317,2017-03-05,England in West Indies ODI Series,bilateral_series,"Sir Vivian Richards Stadium, North Sound",Antigua,West Indies,England,"""West Indies"" ""England"" ""2017-03-05"" scheduled start time",,,,,,,pending,,,
1027319,2017-03-09,England in West Indies ODI Series,bilateral_series,"Kensington Oval, Bridgetown",Barbados,England,West Indies,"""England"" ""West Indies"" ""2017-03-09"" scheduled start time",,,,,,,pending,,,
1083446,2017-03-25,Bangladesh in Sri Lanka ODI Series,bilateral_series,Rangiri Dambulla International Stadium,Unknown,Bangladesh,Sri Lanka,"""Bangladesh"" ""Sri Lanka"" ""2017-03-25"" scheduled start time",,,,,,,pending,,,
1083448,2017-04-01,Bangladesh in Sri Lanka ODI Series,bilateral_series,Sinhalese Sports Club Ground,Colombo,Sri Lanka,Bangladesh,"""Sri Lanka"" ""Bangladesh"" ""2017-04-01"" scheduled start time",,,,,,,pending,,,
1068737,2017-04-02,ICC World Cricket League Championship,qualification_pathway,Sheikh Zayed Stadium,Abu Dhabi,Papua New Guinea,United Arab Emirates,"""Papua New Guinea"" ""United Arab Emirates"" ""2017-04-02"" scheduled start time",,,,,,,pending,,,
1089183,2017-04-04,Papua New Guinea in United Arab Emirates ODI Series,bilateral_series,Sheikh Zayed Stadium,Abu Dhabi,United Arab Emirates,Papua New Guinea,"""United Arab Emirates"" ""Papua New Guinea"" ""2017-04-04"" scheduled start time",,,,,,,pending,,,
1077949,2017-04-07,Pakistan in West Indies ODI Series,bilateral_series,Providence Stadium,Guyana,Pakistan,West Indies,"""Pakistan"" ""West Indies"" ""2017-04-07"" scheduled start time",,,,,,,pending,,,
1077950,2017-04-09,Pakistan in West Indies ODI Series,bilateral_series,Providence Stadium,Guyana,Pakistan,West Indies,"""Pakistan"" ""West Indies"" ""2017-04-09"" scheduled start time",,,,,,,pending,,,
1077951,2017-04-11,Pakistan in West Indies ODI Series,bilateral_series,Providence Stadium,Guyana,West Indies,Pakistan,"""West Indies"" ""Pakistan"" ""2017-04-11"" scheduled start time",,,,,,,pending,,,
1029001,2017-05-05,Ireland in England ODI Series,bilateral_series,County Ground,Bristol,Ireland,England,"""Ireland"" ""England"" ""2017-05-05"" scheduled start time",,,,,,,pending,,,
1029003,2017-05-07,Ireland in England ODI Series,bilateral_series,Lord's,London,England,Ireland,"""England"" ""Ireland"" ""2017-05-07"" scheduled start time",,,,,,,pending,,,
1033363,2017-05-14,Ireland Tri-Nation Series,multi_team_series,Malahide,Dublin,New Zealand,Ireland,"""New Zealand"" ""Ireland"" ""2017-05-14"" scheduled start time",,,,,,,pending,,,
1033365,2017-05-17,Ireland Tri-Nation Series,multi_team_series,Clontarf Cricket Club Ground,Dublin,Bangladesh,New Zealand,"""Bangladesh"" ""New Zealand"" ""2017-05-17"" scheduled start time",,,,,,,pending,,,
1033367,2017-05-19,Ireland Tri-Nation Series,multi_team_series,Malahide,Dublin,Ireland,Bangladesh,"""Ireland"" ""Bangladesh"" ""2017-05-19"" scheduled start time",,,,,,,pending,,,
1033369,2017-05-21,Ireland Tri-Nation Series,multi_team_series,Malahide,Dublin,New Zealand,Ireland,"""New Zealand"" ""Ireland"" ""2017-05-21"" scheduled start time",,,,,,,pending,,,
1031425,2017-05-24,South Africa in England ODI Series,bilateral_series,Headingley,Leeds,England,South Africa,"""England"" ""South Africa"" ""2017-05-24"" scheduled start time",,,,,,,pending,,,
1033371,2017-05-24,Ireland Tri-Nation Series,multi_team_series,Clontarf Cricket Club Ground,Dublin,New Zealand,Bangladesh,"""New Zealand"" ""Bangladesh"" ""2017-05-24"" scheduled start time",,,,,,,pending,,,
1031427,2017-05-27,South Africa in England ODI Series,bilateral_series,The Rose Bowl,Southampton,England,South Africa,"""England"" ""South Africa"" ""2017-05-27"" scheduled start time",,,,,,,pending,,,
1031429,2017-05-29,South Africa in England ODI Series,bilateral_series,Lord's,London,England,South Africa,"""England"" ""South Africa"" ""2017-05-29"" scheduled start time",,,,,,,pending,,,
1022347,2017-06-01,ICC Champions Trophy,champions_trophy,Kennington Oval,London,Bangladesh,England,"""Bangladesh"" ""England"" ""2017-06-01"" scheduled start time",,,,,,,pending,,,
1022351,2017-06-03,ICC Champions Trophy,champions_trophy,Kennington Oval,London,South Africa,Sri Lanka,"""South Africa"" ""Sri Lanka"" ""2017-06-03"" scheduled start time",,,,,,,pending,,,
1022357,2017-06-06,ICC Champions Trophy,champions_trophy,Sophia Gardens,Cardiff,England,New Zealand,"""England"" ""New Zealand"" ""2017-06-06"" scheduled start time",,,,,,,pending,,,
1022361,2017-06-08,ICC Champions Trophy,champions_trophy,Kennington Oval,London,India,Sri Lanka,"""India"" ""Sri Lanka"" ""2017-06-08"" scheduled start time",,,,,,,pending,,,
1022363,2017-06-09,ICC Champions Trophy,champions_trophy,Sophia Gardens,Cardiff,New Zealand,Bangladesh,"""New Zealand"" ""Bangladesh"" ""2017-06-09"" scheduled start time",,,,,,,pending,,,
1022367,2017-06-11,ICC Champions Trophy,champions_trophy,Kennington Oval,London,South Africa,India,"""South Africa"" ""India"" ""2017-06-11"" scheduled start time",,,,,,,pending,,,
1022369,2017-06-12,ICC Champions Trophy,champions_trophy,Sophia Gardens,Cardiff,Sri Lanka,Pakistan,"""Sri Lanka"" ""Pakistan"" ""2017-06-12"" scheduled start time",,,,,,,pending,,,
1022371,2017-06-14,ICC Champions Trophy,champions_trophy,Sophia Gardens,Cardiff,England,Pakistan,"""England"" ""Pakistan"" ""2017-06-14"" scheduled start time",,,,,,,pending,,,
1022373,2017-06-15,ICC Champions Trophy,champions_trophy,Edgbaston,Birmingham,Bangladesh,India,"""Bangladesh"" ""India"" ""2017-06-15"" scheduled start time",,,,,,,pending,,,
1089420,2017-06-17,Zimbabwe in Scotland ODI Series,bilateral_series,"Grange Cricket Club Ground, Raeburn Place",Edinburgh,Scotland,Zimbabwe,"""Scotland"" ""Zimbabwe"" ""2017-06-17"" scheduled start time",,,,,,,pending,,,
1022375,2017-06-18,ICC Champions Trophy,champions_trophy,Kennington Oval,London,Pakistan,India,"""Pakistan"" ""India"" ""2017-06-18"" scheduled start time",,,,,,,pending,,,
1098207,2017-06-25,India in West Indies ODI Series,bilateral_series,"Queen's Park Oval, Port of Spain",Trinidad,India,West Indies,"""India"" ""West Indies"" ""2017-06-25"" scheduled start time",,,,,,,pending,,,
1098208,2017-06-30,India in West Indies ODI Series,bilateral_series,"Sir Vivian Richards Stadium, North Sound",Antigua,India,West Indies,"""India"" ""West Indies"" ""2017-06-30"" scheduled start time",,,,,,,pending,,,
1104478,2017-06-30,Zimbabwe in Sri Lanka ODI Series,bilateral_series,Galle International Stadium,Unknown,Sri Lanka,Zimbabwe,"""Sri Lanka"" ""Zimbabwe"" ""2017-06-30"" scheduled start time",,,,,,,pending,,,
1098209,2017-07-02,India in West Indies ODI Series,bilateral_series,"Sir Vivian Richards Stadium, North Sound",Antigua,West Indies,India,"""West Indies"" ""India"" ""2017-07-02"" scheduled start time",,,,,,,pending,,,
1104479,2017-07-02,Zimbabwe in Sri Lanka ODI Series,bilateral_series,Galle International Stadium,Unknown,Zimbabwe,Sri Lanka,"""Zimbabwe"" ""Sri Lanka"" ""2017-07-02"" scheduled start time",,,,,,,pending,,,
1098210,2017-07-06,India in West Indies ODI Series,bilateral_series,"Sabina Park, Kingston",Jamaica,West Indies,India,"""West Indies"" ""India"" ""2017-07-06"" scheduled start time",,,,,,,pending,,,
1104480,2017-07-06,Zimbabwe in Sri Lanka ODI Series,bilateral_series,"Mahinda Rajapaksa International Cricket Stadium, Sooriyawewa",Hambantota,Zimbabwe,Sri Lanka,"""Zimbabwe"" ""Sri Lanka"" ""2017-07-06"" scheduled start time",,,,,,,pending,,,
1104482,2017-07-10,Zimbabwe in Sri Lanka ODI Series,bilateral_series,"Mahinda Rajapaksa International Cricket Stadium, Sooriyawewa",Hambantota,Sri Lanka,Zimbabwe,"""Sri Lanka"" ""Zimbabwe"" ""2017-07-10"" scheduled start time",,,,,,,pending,,,
1109605,2017-08-20,India tour of Sri Lanka,bilateral_series,Rangiri Dambulla International Stadium,Unknown,Sri Lanka,India,"""Sri Lanka"" ""India"" ""2017-08-20"" scheduled start time",,,,,,,pending,,,
1109607,2017-08-27,India tour of Sri Lanka,bilateral_series,Pallekele International Cricket Stadium,Unknown,Sri Lanka,India,"""Sri Lanka"" ""India"" ""2017-08-27"" scheduled start time",,,,,,,pending,,,
1109608,2017-08-31,India tour of Sri Lanka,bilateral_series,"R.Premadasa Stadium, Khettarama",Colombo,India,Sri Lanka,"""India"" ""Sri Lanka"" ""2017-08-31"" scheduled start time",,,,,,,pending,,,
1109609,2017-09-03,India tour of Sri Lanka,bilateral_series,"R.Premadasa Stadium, Khettarama",Colombo,Sri Lanka,India,"""Sri Lanka"" ""India"" ""2017-09-03"" scheduled start time",,,,,,,pending,,,
1031667,2017-09-19,West Indies tour of England,bilateral_series,Old Trafford,Manchester,West Indies,England,"""West Indies"" ""England"" ""2017-09-19"" scheduled start time",,,,,,,pending,,,
1119497,2017-09-21,Australia tour of India,bilateral_series,Eden Gardens,Kolkata,India,Australia,"""India"" ""Australia"" ""2017-09-21"" scheduled start time",,,,,,,pending,,,
1031671,2017-09-24,West Indies tour of England,bilateral_series,County Ground,Bristol,England,West Indies,"""England"" ""West Indies"" ""2017-09-24"" scheduled start time",,,,,,,pending,,,
1119498,2017-09-24,Australia tour of India,bilateral_series,Holkar Cricket Stadium,Indore,Australia,India,"""Australia"" ""India"" ""2017-09-24"" scheduled start time",,,,,,,pending,,,
1119499,2017-09-28,Australia tour of India,bilateral_series,M.Chinnaswamy Stadium,Bengaluru,Australia,India,"""Australia"" ""India"" ""2017-09-28"" scheduled start time",,,,,,,pending,,,
1031675,2017-09-29,West Indies tour of England,bilateral_series,The Rose Bowl,Southampton,West Indies,England,"""West Indies"" ""England"" ""2017-09-29"" scheduled start time",,,,,,,pending,,,
1119500,2017-10-01,Australia tour of India,bilateral_series,"Vidarbha Cricket Association Stadium, Jamtha",Nagpur,Australia,India,"""Australia"" ""India"" ""2017-10-01"" scheduled start time",,,,,,,pending,,,
1120286,2017-10-13,Pakistan tour of United Arab Emirates,bilateral_series,Dubai International Cricket Stadium,Unknown,Pakistan,Sri Lanka,"""Pakistan"" ""Sri Lanka"" ""2017-10-13"" scheduled start time",,,,,,,pending,,,
1075504,2017-10-15,Bangladesh tour of South Africa,bilateral_series,Diamond Oval,Kimberley,Bangladesh,South Africa,"""Bangladesh"" ""South Africa"" ""2017-10-15"" scheduled start time",,,,,,,pending,,,
1120287,2017-10-16,Pakistan tour of United Arab Emirates,bilateral_series,Sheikh Zayed Stadium,Abu Dhabi,Pakistan,Sri Lanka,"""Pakistan"" ""Sri Lanka"" ""2017-10-16"" scheduled start time",,,,,,,pending,,,
1075505,2017-10-18,Bangladesh tour of South Africa,bilateral_series,Boland Park,Paarl,South Africa,Bangladesh,"""South Africa"" ""Bangladesh"" ""2017-10-18"" scheduled start time",,,,,,,pending,,,
1120288,2017-10-18,Pakistan tour of United Arab Emirates,bilateral_series,Sheikh Zayed Stadium,Abu Dhabi,Sri Lanka,Pakistan,"""Sri Lanka"" ""Pakistan"" ""2017-10-18"" scheduled start time",,,,,,,pending,,,
1120289,2017-10-20,Pakistan tour of United Arab Emirates,bilateral_series,Sharjah Cricket Stadium,Unknown,Sri Lanka,Pakistan,"""Sri Lanka"" ""Pakistan"" ""2017-10-20"" scheduled start time",,,,,,,pending,,,
1075506,2017-10-22,Bangladesh tour of South Africa,bilateral_series,Buffalo Park,East London,South Africa,Bangladesh,"""South Africa"" ""Bangladesh"" ""2017-10-22"" scheduled start time",,,,,,,pending,,,
1120090,2017-10-22,New Zealand tour of India,bilateral_series,Wankhede Stadium,Mumbai,India,New Zealand,"""India"" ""New Zealand"" ""2017-10-22"" scheduled start time",,,,,,,pending,,,
1120290,2017-10-23,Pakistan tour of United Arab Emirates,bilateral_series,Sharjah Cricket Stadium,Unknown,Sri Lanka,Pakistan,"""Sri Lanka"" ""Pakistan"" ""2017-10-23"" scheduled start time",,,,,,,pending,,,
1120091,2017-10-25,New Zealand tour of India,bilateral_series,Maharashtra Cricket Association Stadium,Pune,New Zealand,India,"""New Zealand"" ""India"" ""2017-10-25"" scheduled start time",,,,,,,pending,,,
1120092,2017-10-29,New Zealand tour of India,bilateral_series,Green Park,Kanpur,India,New Zealand,"""India"" ""New Zealand"" ""2017-10-29"" scheduled start time",,,,,,,pending,,,
1124089,2017-12-06,ICC World Cricket League Championship,qualification_pathway,ICC Academy,Dubai,Hong Kong,Papua New Guinea,"""Hong Kong"" ""Papua New Guinea"" ""2017-12-06"" scheduled start time",,,,,,,pending,,,
1122726,2017-12-10,Sri Lanka tour of India,bilateral_series,Himachal Pradesh Cricket Association Stadium,Dharamsala,India,Sri Lanka,"""India"" ""Sri Lanka"" ""2017-12-10"" scheduled start time",,,,,,,pending,,,
1122727,2017-12-13,Sri Lanka tour of India,bilateral_series,"Punjab Cricket Association IS Bindra Stadium, Mohali",Chandigarh,India,Sri Lanka,"""India"" ""Sri Lanka"" ""2017-12-13"" scheduled start time",,,,,,,pending,,,
1122728,2017-12-17,Sri Lanka tour of India,bilateral_series,Dr. Y.S. Rajasekhara Reddy ACA-VDCA Cricket Stadium,Visakhapatnam,Sri Lanka,India,"""Sri Lanka"" ""India"" ""2017-12-17"" scheduled start time",,,,,,,pending,,,
1115795,2017-12-20,West Indies tour of New Zealand,bilateral_series,Cobham Oval (New),Whangarei,West Indies,New Zealand,"""West Indies"" ""New Zealand"" ""2017-12-20"" scheduled start time",,,,,,,pending,,,
1115796,2017-12-23,West Indies tour of New Zealand,bilateral_series,Hagley Oval,Christchurch,New Zealand,West Indies,"""New Zealand"" ""West Indies"" ""2017-12-23"" scheduled start time",,,,,,,pending,,,
1131274,2018-01-11,United Arab Emirates Tri-Nation Series,multi_team_series,ICC Academy,Dubai,United Arab Emirates,Ireland,"""United Arab Emirates"" ""Ireland"" ""2018-01-11"" scheduled start time",,,,,,,pending,,,
1115804,2018-01-13,Pakistan tour of New Zealand,bilateral_series,University Oval,Dunedin,New Zealand,Pakistan,"""New Zealand"" ""Pakistan"" ""2018-01-13"" scheduled start time",,,,,,,pending,,,
1131275,2018-01-13,United Arab Emirates Tri-Nation Series,multi_team_series,ICC Academy,Dubai,Ireland,United Arab Emirates,"""Ireland"" ""United Arab Emirates"" ""2018-01-13"" scheduled start time",,,,,,,pending,,,
1072310,2018-01-14,England tour of Australia and New Zealand,bilateral_series,Melbourne Cricket Ground,Unknown,Australia,England,"""Australia"" ""England"" ""2018-01-14"" scheduled start time",,,,,,,pending,,,
1130737,2018-01-15,Tri-Nation Tournament in Bangladesh,multi_team_series,"Shere Bangla National Stadium, Mirpur",Dhaka,Zimbabwe,Bangladesh,"""Zimbabwe"" ""Bangladesh"" ""2018-01-15"" scheduled start time",,,,,,,pending,,,
1115805,2018-01-16,Pakistan tour of New Zealand,bilateral_series,Seddon Park,Hamilton,Pakistan,New Zealand,"""Pakistan"" ""New Zealand"" ""2018-01-16"" scheduled start time",,,,,,,pending,,,
1131276,2018-01-16,United Arab Emirates Tri-Nation Series,multi_team_series,ICC Academy,Dubai,Scotland,Ireland,"""Scotland"" ""Ireland"" ""2018-01-16"" scheduled start time",,,,,,,pending,,,
1130738,2018-01-17,Tri-Nation Tournament in Bangladesh,multi_team_series,"Shere Bangla National Stadium, Mirpur",Dhaka,Zimbabwe,Sri Lanka,"""Zimbabwe"" ""Sri Lanka"" ""2018-01-17"" scheduled start time",,,,,,,pending,,,
1131277,2018-01-18,United Arab Emirates Tri-Nation Series,multi_team_series,ICC Academy,Dubai,Ireland,Scotland,"""Ireland"" ""Scotland"" ""2018-01-18"" scheduled start time",,,,,,,pending,,,
1072311,2018-01-19,England tour of Australia and New Zealand,bilateral_series,"Brisbane Cricket Ground, Woolloongabba",Brisbane,Australia,England,"""Australia"" ""England"" ""2018-01-19"" scheduled start time",,,,,,,pending,,,
1115806,2018-01-19,Pakistan tour of New Zealand,bilateral_series,Basin Reserve,Wellington,New Zealand,Pakistan,"""New Zealand"" ""Pakistan"" ""2018-01-19"" scheduled start time",,,,,,,pending,,,
1130739,2018-01-19,Tri-Nation Tournament in Bangladesh,multi_team_series,"Shere Bangla National Stadium, Mirpur",Dhaka,Bangladesh,Sri Lanka,"""Bangladesh"" ""Sri Lanka"" ""2018-01-19"" scheduled start time",,,,,,,pending,,,
1072312,2018-01-21,England tour of Australia and New Zealand,bilateral_series,Sydney Cricket Ground,Unknown,England,Australia,"""England"" ""Australia"" ""2018-01-21"" scheduled start time",,,,,,,pending,,,
1130740,2018-01-21,Tri-Nation Tournament in Bangladesh,multi_team_series,"Shere Bangla National Stadium, Mirpur",Dhaka,Zimbabwe,Sri Lanka,"""Zimbabwe"" ""Sri Lanka"" ""2018-01-21"" scheduled start time",,,,,,,pending,,,
1131278,2018-01-21,United Arab Emirates Tri-Nation Series,multi_team_series,ICC Academy,Dubai,Scotland,United Arab Emirates,"""Scotland"" ""United Arab Emirates"" ""2018-01-21"" scheduled start time",,,,,,,pending,,,
1130741,2018-01-23,Tri-Nation Tournament in Bangladesh,multi_team_series,"Shere Bangla National Stadium, Mirpur",Dhaka,Bangladesh,Zimbabwe,"""Bangladesh"" ""Zimbabwe"" ""2018-01-23"" scheduled start time",,,,,,,pending,,,
1131279,2018-01-23,United Arab Emirates Tri-Nation Series,multi_team_series,ICC Academy,Dubai,Scotland,United Arab Emirates,"""Scotland"" ""United Arab Emirates"" ""2018-01-23"" scheduled start time",,,,,,,pending,,,
1130742,2018-01-25,Tri-Nation Tournament in Bangladesh,multi_team_series,"Shere Bangla National Stadium, Mirpur",Dhaka,Bangladesh,Sri Lanka,"""Bangladesh"" ""Sri Lanka"" ""2018-01-25"" scheduled start time",,,,,,,pending,,,
1072313,2018-01-26,England tour of Australia and New Zealand,bilateral_series,Adelaide Oval,Unknown,England,Australia,"""England"" ""Australia"" ""2018-01-26"" scheduled start time",,,,,,,pending,,,
1130743,2018-01-27,Tri-Nation Tournament in Bangladesh,multi_team_series,"Shere Bangla National Stadium, Mirpur",Dhaka,Sri Lanka,Bangladesh,"""Sri Lanka"" ""Bangladesh"" ""2018-01-27"" scheduled start time",,,,,,,pending,,,
1072314,2018-01-28,England tour of Australia and New Zealand,bilateral_series,Perth Stadium,Unknown,England,Australia,"""England"" ""Australia"" ""2018-01-28"" scheduled start time",,,,,,,pending,,,
1122279,2018-02-01,India tour of South Africa,bilateral_series,Kingsmead,Durban,South Africa,India,"""South Africa"" ""India"" ""2018-02-01"" scheduled start time",,,,,,,pending,,,
1122280,2018-02-04,India tour of South Africa,bilateral_series,SuperSport Park,Centurion,South Africa,India,"""South Africa"" ""India"" ""2018-02-04"" scheduled start time",,,,,,,pending,,,
1122281,2018-02-07,India tour of South Africa,bilateral_series,Newlands,Cape Town,India,South Africa,"""India"" ""South Africa"" ""2018-02-07"" scheduled start time",,,,,,,pending,,,
1122283,2018-02-13,India tour of South Africa,bilateral_series,St George's Park,Port Elizabeth,India,South Africa,"""India"" ""South Africa"" ""2018-02-13"" scheduled start time",,,,,,,pending,,,
1122284,2018-02-16,India tour of South Africa,bilateral_series,SuperSport Park,Centurion,South Africa,India,"""South Africa"" ""India"" ""2018-02-16"" scheduled start time",,,,,,,pending,,,
1115775,2018-02-25,England tour of Australia and New Zealand,bilateral_series,Seddon Park,Hamilton,England,New Zealand,"""England"" ""New Zealand"" ""2018-02-25"" scheduled start time",,,,,,,pending,,,
1115776,2018-02-28,England tour of Australia and New Zealand,bilateral_series,Bay Oval,Mount Maunganui,New Zealand,England,"""New Zealand"" ""England"" ""2018-02-28"" scheduled start time",,,,,,,pending,,,
1115777,2018-03-03,England tour of Australia and New Zealand,bilateral_series,Westpac Stadium,Wellington,England,New Zealand,"""England"" ""New Zealand"" ""2018-03-03"" scheduled start time",,,,,,,pending,,,
1133002,2018-03-06,ICC Cricket World Cup Qualifier (ICC Trophy),qualification_pathway,Harare Sports Club,Unknown,Papua New Guinea,Ireland,"""Papua New Guinea"" ""Ireland"" ""2018-03-06"" scheduled start time",,,,,,,pending,,,
1133003,2018-03-06,ICC Cricket World Cup Qualifier (ICC Trophy),qualification_pathway,Old Hararians,Harare,West Indies,United Arab Emirates,"""West Indies"" ""United Arab Emirates"" ""2018-03-06"" scheduled start time",,,,,,,pending,,,
1133005,2018-03-06,ICC Cricket World Cup Qualifier (ICC Trophy),qualification_pathway,Bulawayo Athletic Club,Unknown,Hong Kong,Scotland,"""Hong Kong"" ""Scotland"" ""2018-03-06"" scheduled start time",,,,,,,pending,,,
1115778,2018-03-07,England tour of Australia and New Zealand,bilateral_series,University Oval,Dunedin,England,New Zealand,"""England"" ""New Zealand"" ""2018-03-07"" scheduled start time",,,,,,,pending,,,
1133007,2018-03-08,ICC Cricket World Cup Qualifier (ICC Trophy),qualification_pathway,Old Hararians,Harare,Papua New Guinea,West Indies,"""Papua New Guinea"" ""West Indies"" ""2018-03-08"" scheduled start time",,,,,,,pending,,,
1115779,2018-03-10,England tour of Australia and New Zealand,bilateral_series,Hagley Oval,Christchurch,New Zealand,England,"""New Zealand"" ""England"" ""2018-03-10"" scheduled start time",,,,,,,pending,,,
1133010,2018-03-10,ICC Cricket World Cup Qualifier (ICC Trophy),qualification_pathway,Harare Sports Club,Unknown,West Indies,Ireland,"""West Indies"" ""Ireland"" ""2018-03-10"" scheduled start time",,,,,,,pending,,,
1133012,2018-03-10,ICC Cricket World Cup Qualifier (ICC Trophy),qualification_pathway,Queens Sports Club,Bulawayo,Zimbabwe,Hong Kong,"""Zimbabwe"" ""Hong Kong"" ""2018-03-10"" scheduled start time",,,,,,,pending,,,
1133019,2018-03-15,ICC Cricket World Cup Qualifier (ICC Trophy),qualification_pathway,Queens Sports Club,Bulawayo,Scotland,United Arab Emirates,"""Scotland"" ""United Arab Emirates"" ""2018-03-15"" scheduled start time",,,,,,,pending,,,
1133022,2018-03-16,ICC Cricket World Cup Qualifier (ICC Trophy),qualification_pathway,Harare Sports Club,Unknown,Zimbabwe,Ireland,"""Zimbabwe"" ""Ireland"" ""2018-03-16"" scheduled start time",,,,,,,pending,,,
1133023,2018-03-17,ICC Cricket World Cup Qualifier (ICC Trophy),qualification_pathway,Old Hararians,Harare,Papua New Guinea,Hong Kong,"""Papua New Guinea"" ""Hong Kong"" ""2018-03-17"" scheduled start time",,,,,,,pending,,,
1133025,2018-03-18,ICC Cricket World Cup Qualifier (ICC Trophy),qualification_pathway,Harare Sports Club,Unknown,Ireland,Scotland,"""Ireland"" ""Scotland"" ""2018-03-18"" scheduled start time",,,,,,,pending,,,
1133026,2018-03-19,ICC Cricket World Cup Qualifier (ICC Trophy),qualification_pathway,Harare Sports Club,Unknown,Zimbabwe,West Indies,"""Zimbabwe"" ""West Indies"" ""2018-03-19"" scheduled start time",,,,,,,pending,,,
1119537,2018-06-13,Australia tour of England,bilateral_series,Kennington Oval,London,Australia,England,"""Australia"" ""England"" ""2018-06-13"" scheduled start time",,,,,,,pending,,,
1119538,2018-06-16,Australia tour of England,bilateral_series,Sophia Gardens,Cardiff,England,Australia,"""England"" ""Australia"" ""2018-06-16"" scheduled start time",,,,,,,pending,,,
1119539,2018-06-19,Australia tour of England,bilateral_series,Trent Bridge,Nottingham,England,Australia,"""England"" ""Australia"" ""2018-06-19"" scheduled start time",,,,,,,pending,,,
1119540,2018-06-21,Australia tour of England,bilateral_series,Riverside Ground,Chester-le-Street,Australia,England,"""Australia"" ""England"" ""2018-06-21"" scheduled start time",,,,,,,pending,,,
1119541,2018-06-24,Australia tour of England,bilateral_series,Old Trafford,Manchester,Australia,England,"""Australia"" ""England"" ""2018-06-24"" scheduled start time",,,,,,,pending,,,
1119546,2018-07-12,India tour of Ireland and England,bilateral_series,Trent Bridge,Nottingham,England,India,"""England"" ""India"" ""2018-07-12"" scheduled start time",,,,,,,pending,,,
1142920,2018-07-13,Pakistan tour of Zimbabwe,bilateral_series,Queens Sports Club,Bulawayo,Pakistan,Zimbabwe,"""Pakistan"" ""Zimbabwe"" ""2018-07-13"" scheduled start time",,,,,,,pending,,,
1119547,2018-07-14,India tour of Ireland and England,bilateral_series,Lord's,London,England,India,"""England"" ""India"" ""2018-07-14"" scheduled start time",,,,,,,pending,,,
1142921,2018-07-16,Pakistan tour of Zimbabwe,bilateral_series,Queens Sports Club,Bulawayo,Zimbabwe,Pakistan,"""Zimbabwe"" ""Pakistan"" ""2018-07-16"" scheduled start time",,,,,,,pending,,,
1119548,2018-07-17,India tour of Ireland and England,bilateral_series,Headingley,Leeds,India,England,"""India"" ""England"" ""2018-07-17"" scheduled start time",,,,,,,pending,,,
1142923,2018-07-20,Pakistan tour of Zimbabwe,bilateral_series,Queens Sports Club,Bulawayo,Pakistan,Zimbabwe,"""Pakistan"" ""Zimbabwe"" ""2018-07-20"" scheduled start time",,,,,,,pending,,,
1142924,2018-07-22,Pakistan tour of Zimbabwe,bilateral_series,Queens Sports Club,Bulawayo,Pakistan,Zimbabwe,"""Pakistan"" ""Zimbabwe"" ""2018-07-22"" scheduled start time",,,,,,,pending,,,
1146720,2018-07-22,Bangladesh tour of West Indies and United States of America,bilateral_series,Providence Stadium,Guyana,Bangladesh,West Indies,"""Bangladesh"" ""West Indies"" ""2018-07-22"" scheduled start time",,,,,,,pending,,,
1146721,2018-07-25,Bangladesh tour of West Indies and United States of America,bilateral_series,Providence Stadium,Guyana,West Indies,Bangladesh,"""West Indies"" ""Bangladesh"" ""2018-07-25"" scheduled start time",,,,,,,pending,,,
1146722,2018-07-28,Bangladesh tour of West Indies and United States of America,bilateral_series,"Warner Park, Basseterre",St Kitts,Bangladesh,West Indies,"""Bangladesh"" ""West Indies"" ""2018-07-28"" scheduled start time",,,,,,,pending,,,
1142584,2018-07-29,South Africa tour of Sri Lanka,bilateral_series,Rangiri Dambulla International Stadium,Unknown,Sri Lanka,South Africa,"""Sri Lanka"" ""South Africa"" ""2018-07-29"" scheduled start time",,,,,,,pending,,,
1142585,2018-08-01,South Africa tour of Sri Lanka,bilateral_series,Rangiri Dambulla International Stadium,Unknown,Sri Lanka,South Africa,"""Sri Lanka"" ""South Africa"" ""2018-08-01"" scheduled start time",,,,,,,pending,,,
1142586,2018-08-05,South Africa tour of Sri Lanka,bilateral_series,Pallekele International Cricket Stadium,Unknown,South Africa,Sri Lanka,"""South Africa"" ""Sri Lanka"" ""2018-08-05"" scheduled start time",,,,,,,pending,,,
1142588,2018-08-12,South Africa tour of Sri Lanka,bilateral_series,"R.Premadasa Stadium, Khettarama",Colombo,Sri Lanka,South Africa,"""Sri Lanka"" ""South Africa"" ""2018-08-12"" scheduled start time",,,,,,,pending,,,
1154649,2018-08-30,Asia Cup Qualifiers,qualification_pathway,Kinrara Academy Oval,Kuala Lumpur,United Arab Emirates,Nepal,"""United Arab Emirates"" ""Nepal"" ""2018-08-30"" scheduled start time",,,,,,,pending,,,
1153243,2018-09-15,Asia Cup,continental_cup,Dubai International Cricket Stadium,Unknown,Bangladesh,Sri Lanka,"""Bangladesh"" ""Sri Lanka"" ""2018-09-15"" scheduled start time",,,,,,,pending,,,
1153244,2018-09-16,Asia Cup,continental_cup,Dubai International Cricket Stadium,Unknown,Hong Kong,Pakistan,"""Hong Kong"" ""Pakistan"" ""2018-09-16"" scheduled start time",,,,,,,pending,,,
1153246,2018-09-18,Asia Cup,continental_cup,Dubai International Cricket Stadium,Unknown,India,Hong Kong,"""India"" ""Hong Kong"" ""2018-09-18"" scheduled start time",,,,,,,pending,,,
1153247,2018-09-19,Asia Cup,continental_cup,Dubai International Cricket Stadium,Unknown,Pakistan,India,"""Pakistan"" ""India"" ""2018-09-19"" scheduled start time",,,,,,,pending,,,
1153249,2018-09-21,Asia Cup,continental_cup,Dubai International Cricket Stadium,Unknown,Bangladesh,India,"""Bangladesh"" ""India"" ""2018-09-21"" scheduled start time",,,,,,,pending,,,
1153251,2018-09-23,Asia Cup,continental_cup,Dubai International Cricket Stadium,Unknown,Pakistan,India,"""Pakistan"" ""India"" ""2018-09-23"" scheduled start time",,,,,,,pending,,,
1153254,2018-09-26,Asia Cup,continental_cup,Sheikh Zayed Stadium,Abu Dhabi,Bangladesh,Pakistan,"""Bangladesh"" ""Pakistan"" ""2018-09-26"" scheduled start time",,,,,,,pending,,,
1153255,2018-09-28,Asia Cup,continental_cup,Dubai International Cricket Stadium,Unknown,Bangladesh,India,"""Bangladesh"" ""India"" ""2018-09-28"" scheduled start time",,,,,,,pending,,,
1144146,2018-09-30,Zimbabwe tour of South Africa,bilateral_series,Diamond Oval,Kimberley,Zimbabwe,South Africa,"""Zimbabwe"" ""South Africa"" ""2018-09-30"" scheduled start time",,,,,,,pending,,,
1144147,2018-10-03,Zimbabwe tour of South Africa,bilateral_series,Mangaung Oval,Bloemfontein,South Africa,Zimbabwe,"""South Africa"" ""Zimbabwe"" ""2018-10-03"" scheduled start time",,,,,,,pending,,,
1144148,2018-10-06,Zimbabwe tour of South Africa,bilateral_series,Boland Park,Paarl,Zimbabwe,South Africa,"""Zimbabwe"" ""South Africa"" ""2018-10-06"" scheduled start time",,,,,,,pending,,,
1140381,2018-10-17,England tour of Sri Lanka,bilateral_series,Pallekele International Cricket Stadium,Unknown,Sri Lanka,England,"""Sri Lanka"" ""England"" ""2018-10-17"" scheduled start time",,,,,,,pending,,,
1153635,2018-10-21,Zimbabwe tour of Bangladesh,bilateral_series,"Shere Bangla National Stadium, Mirpur",Dhaka,Bangladesh,Zimbabwe,"""Bangladesh"" ""Zimbabwe"" ""2018-10-21"" scheduled start time",,,,,,,pending,,,
1157754,2018-10-21,West Indies tour of India,bilateral_series,Barsapara Cricket Stadium,Guwahati,West Indies,India,"""West Indies"" ""India"" ""2018-10-21"" scheduled start time",,,,,,,pending,,,
1153636,2018-10-24,Zimbabwe tour of Bangladesh,bilateral_series,Zahur Ahmed Chowdhury Stadium,Chattogram,Zimbabwe,Bangladesh,"""Zimbabwe"" ""Bangladesh"" ""2018-10-24"" scheduled start time",,,,,,,pending,,,
1153637,2018-10-26,Zimbabwe tour of Bangladesh,bilateral_series,Zahur Ahmed Chowdhury Stadium,Chattogram,Zimbabwe,Bangladesh,"""Zimbabwe"" ""Bangladesh"" ""2018-10-26"" scheduled start time",,,,,,,pending,,,
1157756,2018-10-27,West Indies tour of India,bilateral_series,Maharashtra Cricket Association Stadium,Pune,West Indies,India,"""West Indies"" ""India"" ""2018-10-27"" scheduled start time",,,,,,,pending,,,
1157757,2018-10-29,West Indies tour of India,bilateral_series,Brabourne Stadium,Mumbai,India,West Indies,"""India"" ""West Indies"" ""2018-10-29"" scheduled start time",,,,,,,pending,,,
1157758,2018-11-01,West Indies tour of India,bilateral_series,Greenfield International Stadium,Thiruvananthapuram,West Indies,India,"""West Indies"" ""India"" ""2018-11-01"" scheduled start time",,,,,,,pending,,,
1144986,2018-11-04,South Africa tour of Australia,bilateral_series,Perth Stadium,Unknown,Australia,South Africa,"""Australia"" ""South Africa"" ""2018-11-04"" scheduled start time",,,,,,,pending,,,
1157378,2018-11-07,New Zealand tour of United Arab Emirates,bilateral_series,Sheikh Zayed Stadium,Abu Dhabi,New Zealand,Pakistan,"""New Zealand"" ""Pakistan"" ""2018-11-07"" scheduled start time",,,,,,,pending,,,
1144987,2018-11-09,South Africa tour of Australia,bilateral_series,Adelaide Oval,Unknown,Australia,South Africa,"""Australia"" ""South Africa"" ""2018-11-09"" scheduled start time",,,,,,,pending,,,
1157379,2018-11-09,New Zealand tour of United Arab Emirates,bilateral_series,Sheikh Zayed Stadium,Abu Dhabi,New Zealand,Pakistan,"""New Zealand"" ""Pakistan"" ""2018-11-09"" scheduled start time",,,,,,,pending,,,
1144988,2018-11-11,South Africa tour of Australia,bilateral_series,Bellerive Oval,Hobart,South Africa,Australia,"""South Africa"" ""Australia"" ""2018-11-11"" scheduled start time",,,,,,,pending,,,
1153314,2018-12-09,West Indies tour of Bangladesh,bilateral_series,"Shere Bangla National Stadium, Mirpur",Dhaka,West Indies,Bangladesh,"""West Indies"" ""Bangladesh"" ""2018-12-09"" scheduled start time",,,,,,,pending,,,
1153315,2018-12-11,West Indies tour of Bangladesh,bilateral_series,"Shere Bangla National Stadium, Mirpur",Dhaka,Bangladesh,West Indies,"""Bangladesh"" ""West Indies"" ""2018-12-11"" scheduled start time",,,,,,,pending,,,
1153316,2018-12-14,West Indies tour of Bangladesh,bilateral_series,Sylhet International Cricket Stadium,Sylhet,West Indies,Bangladesh,"""West Indies"" ""Bangladesh"" ""2018-12-14"" scheduled start time",,,,,,,pending,,,
1153840,2019-01-03,Sri Lanka tour of New Zealand,bilateral_series,Bay Oval,Mount Maunganui,New Zealand,Sri Lanka,"""New Zealand"" ""Sri Lanka"" ""2019-01-03"" scheduled start time",,,,,,,pending,,,
1153841,2019-01-05,Sri Lanka tour of New Zealand,bilateral_series,Bay Oval,Mount Maunganui,New Zealand,Sri Lanka,"""New Zealand"" ""Sri Lanka"" ""2019-01-05"" scheduled start time",,,,,,,pending,,,
1153842,2019-01-08,Sri Lanka tour of New Zealand,bilateral_series,Saxton Oval,Nelson,New Zealand,Sri Lanka,"""New Zealand"" ""Sri Lanka"" ""2019-01-08"" scheduled start time",,,,,,,pending,,,
1144997,2019-01-12,India tour of Australia,bilateral_series,Sydney Cricket Ground,Sydney,Australia,India,"""Australia"" ""India"" ""2019-01-12"" scheduled start time",,,,,,,pending,,,
1144998,2019-01-15,India tour of Australia,bilateral_series,Adelaide Oval,Adelaide,Australia,India,"""Australia"" ""India"" ""2019-01-15"" scheduled start time",,,,,,,pending,,,
1144999,2019-01-18,India tour of Australia,bilateral_series,Melbourne Cricket Ground,Melbourne,Australia,India,"""Australia"" ""India"" ""2019-01-18"" scheduled start time",,,,,,,pending,,,
1144156,2019-01-19,Pakistan tour of South Africa,bilateral_series,St George's Park,Port Elizabeth,South Africa,Pakistan,"""South Africa"" ""Pakistan"" ""2019-01-19"" scheduled start time",,,,,,,pending,,,
1144157,2019-01-22,Pakistan tour of South Africa,bilateral_series,Kingsmead,Durban,Pakistan,South Africa,"""Pakistan"" ""South Africa"" ""2019-01-22"" scheduled start time",,,,,,,pending,,,
1170454,2019-01-25,Nepal tour of United Arab Emirates,bilateral_series,ICC Academy,Dubai,Nepal,United Arab Emirates,"""Nepal"" ""United Arab Emirates"" ""2019-01-25"" scheduled start time",,,,,,,pending,,,
1153692,2019-01-26,India tour of New Zealand,bilateral_series,Bay Oval,Mount Maunganui,India,New Zealand,"""India"" ""New Zealand"" ""2019-01-26"" scheduled start time",,,,,,,pending,,,
1170455,2019-01-26,Nepal tour of United Arab Emirates,bilateral_series,ICC Academy,Dubai,Nepal,United Arab Emirates,"""Nepal"" ""United Arab Emirates"" ""2019-01-26"" scheduled start time",,,,,,,pending,,,
1144159,2019-01-27,Pakistan tour of South Africa,bilateral_series,The Wanderers Stadium,Johannesburg,South Africa,Pakistan,"""South Africa"" ""Pakistan"" ""2019-01-27"" scheduled start time",,,,,,,pending,,,
1153693,2019-01-28,India tour of New Zealand,bilateral_series,Bay Oval,Mount Maunganui,New Zealand,India,"""New Zealand"" ""India"" ""2019-01-28"" scheduled start time",,,,,,,pending,,,
1170456,2019-01-28,Nepal tour of United Arab Emirates,bilateral_series,ICC Academy,Dubai,United Arab Emirates,Nepal,"""United Arab Emirates"" ""Nepal"" ""2019-01-28"" scheduled start time",,,,,,,pending,,,
1144160,2019-01-30,Pakistan tour of South Africa,bilateral_series,Newlands,Cape Town,Pakistan,South Africa,"""Pakistan"" ""South Africa"" ""2019-01-30"" scheduled start time",,,,,,,pending,,,
1153694,2019-01-31,India tour of New Zealand,bilateral_series,Seddon Park,Hamilton,India,New Zealand,"""India"" ""New Zealand"" ""2019-01-31"" scheduled start time",,,,,,,pending,,,
1153695,2019-02-03,India tour of New Zealand,bilateral_series,Westpac Stadium,Wellington,India,New Zealand,"""India"" ""New Zealand"" ""2019-02-03"" scheduled start time",,,,,,,pending,,,
1153844,2019-02-13,Bangladesh tour of New Zealand,bilateral_series,McLean Park,Napier,Bangladesh,New Zealand,"""Bangladesh"" ""New Zealand"" ""2019-02-13"" scheduled start time",,,,,,,pending,,,
1153845,2019-02-16,Bangladesh tour of New Zealand,bilateral_series,Hagley Oval,Christchurch,Bangladesh,New Zealand,"""Bangladesh"" ""New Zealand"" ""2019-02-16"" scheduled start time",,,,,,,pending,,,
1153846,2019-02-20,Bangladesh tour of New Zealand,bilateral_series,University Oval,Dunedin,New Zealand,Bangladesh,"""New Zealand"" ""Bangladesh"" ""2019-02-20"" scheduled start time",,,,,,,pending,,,
1158066,2019-02-20,England tour of West Indies,bilateral_series,"Kensington Oval, Barbados",Bridgetown,West Indies,England,"""West Indies"" ""England"" ""2019-02-20"" scheduled start time",,,,,,,pending,,,
1158067,2019-02-22,England tour of West Indies,bilateral_series,"Kensington Oval, Barbados",Bridgetown,West Indies,England,"""West Indies"" ""England"" ""2019-02-22"" scheduled start time",,,,,,,pending,,,
1158069,2019-02-27,England tour of West Indies,bilateral_series,"National Cricket Stadium, Grenada",St George's,England,West Indies,"""England"" ""West Indies"" ""2019-02-27"" scheduled start time",,,,,,,pending,,,
1158070,2019-03-02,England tour of West Indies,bilateral_series,"Darren Sammy National Cricket Stadium, St Lucia",Gros Islet,England,West Indies,"""England"" ""West Indies"" ""2019-03-02"" scheduled start time",,,,,,,pending,,,
1168242,2019-03-02,Australia tour of India,bilateral_series,"Rajiv Gandhi International Stadium, Uppal",Hyderabad,Australia,India,"""Australia"" ""India"" ""2019-03-02"" scheduled start time",,,,,,,pending,,,
1144167,2019-03-03,Sri Lanka tour of South Africa,bilateral_series,The Wanderers Stadium,Johannesburg,Sri Lanka,South Africa,"""Sri Lanka"" ""South Africa"" ""2019-03-03"" scheduled start time",,,,,,,pending,,,
1168243,2019-03-05,Australia tour of India,bilateral_series,"Vidarbha Cricket Association Stadium, Jamtha",Nagpur,India,Australia,"""India"" ""Australia"" ""2019-03-05"" scheduled start time",,,,,,,pending,,,
1144168,2019-03-06,Sri Lanka tour of South Africa,bilateral_series,SuperSport Park,Centurion,South Africa,Sri Lanka,"""South Africa"" ""Sri Lanka"" ""2019-03-06"" scheduled start time",,,,,,,pending,,,
1168244,2019-03-08,Australia tour of India,bilateral_series,JSCA International Stadium Complex,Ranchi,Australia,India,"""Australia"" ""India"" ""2019-03-08"" scheduled start time",,,,,,,pending,,,
1168245,2019-03-10,Australia tour of India,bilateral_series,"Punjab Cricket Association IS Bindra Stadium, Mohali",Chandigarh,India,Australia,"""India"" ""Australia"" ""2019-03-10"" scheduled start time",,,,,,,pending,,,
1144170,2019-03-13,Sri Lanka tour of South Africa,bilateral_series,St George's Park,Port Elizabeth,Sri Lanka,South Africa,"""Sri Lanka"" ""South Africa"" ""2019-03-13"" scheduled start time",,,,,,,pending,,,
1168246,2019-03-13,Australia tour of India,bilateral_series,Arun Jaitley Stadium,Delhi,Australia,India,"""Australia"" ""India"" ""2019-03-13"" scheduled start time",,,,,,,pending,,,
1174238,2019-03-22,Australia tour of United Arab Emirates,bilateral_series,Sharjah Cricket Stadium,Sharjah,Pakistan,Australia,"""Pakistan"" ""Australia"" ""2019-03-22"" scheduled start time",,,,,,,pending,,,
1174239,2019-03-24,Australia tour of United Arab Emirates,bilateral_series,Sharjah Cricket Stadium,Sharjah,Pakistan,Australia,"""Pakistan"" ""Australia"" ""2019-03-24"" scheduled start time",,,,,,,pending,,,
1174240,2019-03-27,Australia tour of United Arab Emirates,bilateral_series,Sheikh Zayed Stadium,Abu Dhabi,Australia,Pakistan,"""Australia"" ""Pakistan"" ""2019-03-27"" scheduled start time",,,,,,,pending,,,
1174241,2019-03-29,Australia tour of United Arab Emirates,bilateral_series,Dubai International Cricket Stadium,Dubai,Australia,Pakistan,"""Australia"" ""Pakistan"" ""2019-03-29"" scheduled start time",,,,,,,pending,,,
1174242,2019-03-31,Australia tour of United Arab Emirates,bilateral_series,Dubai International Cricket Stadium,Dubai,Australia,Pakistan,"""Australia"" ""Pakistan"" ""2019-03-31"" scheduled start time",,,,,,,pending,,,
1179272,2019-04-10,United Arab Emirates tour of Zimbabwe,bilateral_series,Harare Sports Club,Harare,United Arab Emirates,Zimbabwe,"""United Arab Emirates"" ""Zimbabwe"" ""2019-04-10"" scheduled start time",,,,,,,pending,,,
1174844,2019-04-27,ICC World Cricket League Division Two,qualification_pathway,Affies Park,Windhoek,United States of America,Papua New Guinea,"""United States of America"" ""Papua New Guinea"" ""2019-04-27"" scheduled start time",,,,,,,pending,,,
1174845,2019-04-27,ICC World Cricket League Division Two,qualification_pathway,Wanderers Cricket Ground,Windhoek,Namibia,Oman,"""Namibia"" ""Oman"" ""2019-04-27"" scheduled start time",,,,,,,pending,,,
1161014,2019-05-03,England tour of Ireland,bilateral_series,"The Village, Malahide",Dublin,Ireland,England,"""Ireland"" ""England"" ""2019-05-03"" scheduled start time",,,,,,,pending,,,
1168508,2019-05-05,Ireland Tri-Nation Series,multi_team_series,Castle Avenue,Dublin,West Indies,Ireland,"""West Indies"" ""Ireland"" ""2019-05-05"" scheduled start time",,,,,,,pending,,,
1168509,2019-05-07,Ireland Tri-Nation Series,multi_team_series,Castle Avenue,Dublin,West Indies,Bangladesh,"""West Indies"" ""Bangladesh"" ""2019-05-07"" scheduled start time",,,,,,,pending,,,
1152842,2019-05-11,Pakistan tour of England,bilateral_series,The Rose Bowl,Southampton,England,Pakistan,"""England"" ""Pakistan"" ""2019-05-11"" scheduled start time",,,,,,,pending,,,
1168511,2019-05-11,Ireland Tri-Nation Series,multi_team_series,"The Village, Malahide",Dublin,Ireland,West Indies,"""Ireland"" ""West Indies"" ""2019-05-11"" scheduled start time",,,,,,,pending,,,
1168512,2019-05-13,Ireland Tri-Nation Series,multi_team_series,"The Village, Malahide",Dublin,West Indies,Bangladesh,"""West Indies"" ""Bangladesh"" ""2019-05-13"" scheduled start time",,,,,,,pending,,,
1152843,2019-05-14,Pakistan tour of England,bilateral_series,County Ground,Bristol,Pakistan,England,"""Pakistan"" ""England"" ""2019-05-14"" scheduled start time",,,,,,,pending,,,
1168513,2019-05-15,Ireland Tri-Nation Series,multi_team_series,Castle Avenue,Dublin,Ireland,Bangladesh,"""Ireland"" ""Bangladesh"" ""2019-05-15"" scheduled start time",,,,,,,pending,,,
1152844,2019-05-17,Pakistan tour of England,bilateral_series,Trent Bridge,Nottingham,Pakistan,England,"""Pakistan"" ""England"" ""2019-05-17"" scheduled start time",,,,,,,pending,,,
1152845,2019-05-19,Pakistan tour of England,bilateral_series,Headingley,Leeds,England,Pakistan,"""England"" ""Pakistan"" ""2019-05-19"" scheduled start time",,,,,,,pending,,,
1144483,2019-05-30,World Cup,world_cup,Kennington Oval,London,England,South Africa,"""England"" ""South Africa"" ""2019-05-30"" scheduled start time",,,,,,,pending,,,
1144484,2019-05-31,World Cup,world_cup,Trent Bridge,Nottingham,Pakistan,West Indies,"""Pakistan"" ""West Indies"" ""2019-05-31"" scheduled start time",,,,,,,pending,,,
1144485,2019-06-01,World Cup,world_cup,Sophia Gardens,Cardiff,Sri Lanka,New Zealand,"""Sri Lanka"" ""New Zealand"" ""2019-06-01"" scheduled start time",,,,,,,pending,,,
1144487,2019-06-02,World Cup,world_cup,Kennington Oval,London,Bangladesh,South Africa,"""Bangladesh"" ""South Africa"" ""2019-06-02"" scheduled start time",,,,,,,pending,,,
1144488,2019-06-03,World Cup,world_cup,Trent Bridge,Nottingham,Pakistan,England,"""Pakistan"" ""England"" ""2019-06-03"" scheduled start time",,,,,,,pending,,,
1144490,2019-06-05,World Cup,world_cup,The Rose Bowl,Southampton,South Africa,India,"""South Africa"" ""India"" ""2019-06-05"" scheduled start time",,,,,,,pending,,,
1144491,2019-06-05,World Cup,world_cup,Kennington Oval,London,Bangladesh,New Zealand,"""Bangladesh"" ""New Zealand"" ""2019-06-05"" scheduled start time",,,,,,,pending,,,
1144492,2019-06-06,World Cup,world_cup,Trent Bridge,Nottingham,Australia,West Indies,"""Australia"" ""West Indies"" ""2019-06-06"" scheduled start time",,,,,,,pending,,,
1144494,2019-06-08,World Cup,world_cup,Sophia Gardens,Cardiff,England,Bangladesh,"""England"" ""Bangladesh"" ""2019-06-08"" scheduled start time",,,,,,,pending,,,
1144496,2019-06-09,World Cup,world_cup,Kennington Oval,London,India,Australia,"""India"" ""Australia"" ""2019-06-09"" scheduled start time",,,,,,,pending,,,
1144499,2019-06-12,World Cup,world_cup,The Cooper Associates County Ground,Taunton,Australia,Pakistan,"""Australia"" ""Pakistan"" ""2019-06-12"" scheduled start time",,,,,,,pending,,,
1144501,2019-06-14,World Cup,world_cup,The Rose Bowl,Southampton,West Indies,England,"""West Indies"" ""England"" ""2019-06-14"" scheduled start time",,,,,,,pending,,,
1144502,2019-06-15,World Cup,world_cup,Kennington Oval,London,Australia,Sri Lanka,"""Australia"" ""Sri Lanka"" ""2019-06-15"" scheduled start time",,,,,,,pending,,,
1144505,2019-06-17,World Cup,world_cup,The Cooper Associates County Ground,Taunton,West Indies,Bangladesh,"""West Indies"" ""Bangladesh"" ""2019-06-17"" scheduled start time",,,,,,,pending,,,
1144507,2019-06-19,World Cup,world_cup,Edgbaston,Birmingham,South Africa,New Zealand,"""South Africa"" ""New Zealand"" ""2019-06-19"" scheduled start time",,,,,,,pending,,,
1144508,2019-06-20,World Cup,world_cup,Trent Bridge,Nottingham,Australia,Bangladesh,"""Australia"" ""Bangladesh"" ""2019-06-20"" scheduled start time",,,,,,,pending,,,
1144509,2019-06-21,World Cup,world_cup,Headingley,Leeds,Sri Lanka,England,"""Sri Lanka"" ""England"" ""2019-06-21"" scheduled start time",,,,,,,pending,,,
1188378,2019-06-21,Zimbabwe tour of Netherlands and Ireland,bilateral_series,Sportpark Het Schootsveld,Deventer,Zimbabwe,Netherlands,"""Zimbabwe"" ""Netherlands"" ""2019-06-21"" scheduled start time",,,,,,,pending,,,
1144511,2019-06-22,World Cup,world_cup,Old Trafford,Manchester,New Zealand,West Indies,"""New Zealand"" ""West Indies"" ""2019-06-22"" scheduled start time",,,,,,,pending,,,
1144512,2019-06-23,World Cup,world_cup,Lord's,London,Pakistan,South Africa,"""Pakistan"" ""South Africa"" ""2019-06-23"" scheduled start time",,,,,,,pending,,,
1144514,2019-06-25,World Cup,world_cup,Lord's,London,Australia,England,"""Australia"" ""England"" ""2019-06-25"" scheduled start time",,,,,,,pending,,,
1144515,2019-06-26,World Cup,world_cup,Edgbaston,Birmingham,New Zealand,Pakistan,"""New Zealand"" ""Pakistan"" ""2019-06-26"" scheduled start time",,,,,,,pending,,,
1144516,2019-06-27,World Cup,world_cup,Old Trafford,Manchester,India,West Indies,"""India"" ""West Indies"" ""2019-06-27"" scheduled start time",,,,,,,pending,,,
1144517,2019-06-28,World Cup,world_cup,Riverside Ground,Chester-le-Street,Sri Lanka,South Africa,"""Sri Lanka"" ""South Africa"" ""2019-06-28"" scheduled start time",,,,,,,pending,,,
1144519,2019-06-29,World Cup,world_cup,Lord's,London,Australia,New Zealand,"""Australia"" ""New Zealand"" ""2019-06-29"" scheduled start time",,,,,,,pending,,,
1144520,2019-06-30,World Cup,world_cup,Edgbaston,Birmingham,England,India,"""England"" ""India"" ""2019-06-30"" scheduled start time",,,,,,,pending,,,
1144521,2019-07-01,World Cup,world_cup,Riverside Ground,Chester-le-Street,Sri Lanka,West Indies,"""Sri Lanka"" ""West Indies"" ""2019-07-01"" scheduled start time",,,,,,,pending,,,
1168517,2019-07-01,Zimbabwe tour of Netherlands and Ireland,bilateral_series,"Bready Cricket Club, Magheramason",Bready,Zimbabwe,Ireland,"""Zimbabwe"" ""Ireland"" ""2019-07-01"" scheduled start time",,,,,,,pending,,,
1144522,2019-07-02,World Cup,world_cup,Edgbaston,Birmingham,India,Bangladesh,"""India"" ""Bangladesh"" ""2019-07-02"" scheduled start time",,,,,,,pending,,,
1144523,2019-07-03,World Cup,world_cup,Riverside Ground,Chester-le-Street,England,New Zealand,"""England"" ""New Zealand"" ""2019-07-03"" scheduled start time",,,,,,,pending,,,
1168518,2019-07-04,Zimbabwe tour of Netherlands and Ireland,bilateral_series,"Civil Service Cricket Club, Stormont",Belfast,Ireland,Zimbabwe,"""Ireland"" ""Zimbabwe"" ""2019-07-04"" scheduled start time",,,,,,,pending,,,
1144525,2019-07-05,World Cup,world_cup,Lord's,London,Pakistan,Bangladesh,"""Pakistan"" ""Bangladesh"" ""2019-07-05"" scheduled start time",,,,,,,pending,,,
1144526,2019-07-06,World Cup,world_cup,Headingley,Leeds,Sri Lanka,India,"""Sri Lanka"" ""India"" ""2019-07-06"" scheduled start time",,,,,,,pending,,,
1144527,2019-07-06,World Cup,world_cup,Old Trafford,Manchester,South Africa,Australia,"""South Africa"" ""Australia"" ""2019-07-06"" scheduled start time",,,,,,,pending,,,
1168519,2019-07-07,Zimbabwe tour of Netherlands and Ireland,bilateral_series,"Civil Service Cricket Club, Stormont",Belfast,Zimbabwe,Ireland,"""Zimbabwe"" ""Ireland"" ""2019-07-07"" scheduled start time",,,,,,,pending,,,
1144528,2019-07-09,World Cup,world_cup,Old Trafford,Manchester,New Zealand,India,"""New Zealand"" ""India"" ""2019-07-09"" scheduled start time",,,,,,,pending,,,
1144529,2019-07-11,World Cup,world_cup,Edgbaston,Birmingham,Australia,England,"""Australia"" ""England"" ""2019-07-11"" scheduled start time",,,,,,,pending,,,
1193504,2019-07-26,Bangladesh tour of Sri Lanka,bilateral_series,"R.Premadasa Stadium, Khettarama",Colombo,Sri Lanka,Bangladesh,"""Sri Lanka"" ""Bangladesh"" ""2019-07-26"" scheduled start time",,,,,,,pending,,,
1193505,2019-07-28,Bangladesh tour of Sri Lanka,bilateral_series,"R.Premadasa Stadium, Khettarama",Colombo,Bangladesh,Sri Lanka,"""Bangladesh"" ""Sri Lanka"" ""2019-07-28"" scheduled start time",,,,,,,pending,,,
1193506,2019-07-31,Bangladesh tour of Sri Lanka,bilateral_series,"R.Premadasa Stadium, Khettarama",Colombo,Sri Lanka,Bangladesh,"""Sri Lanka"" ""Bangladesh"" ""2019-07-31"" scheduled start time",,,,,,,pending,,,
1196670,2019-08-14,ICC Men's Cricket World Cup League 2,qualification_pathway,Mannofield Park,Aberdeen,Papua New Guinea,Oman,"""Papua New Guinea"" ""Oman"" ""2019-08-14"" scheduled start time",,,,,,,pending,,,
1196671,2019-08-15,ICC Men's Cricket World Cup League 2,qualification_pathway,Mannofield Park,Aberdeen,Scotland,Oman,"""Scotland"" ""Oman"" ""2019-08-15"" scheduled start time",,,,,,,pending,,,
1196672,2019-08-17,ICC Men's Cricket World Cup League 2,qualification_pathway,Mannofield Park,Aberdeen,Papua New Guinea,Scotland,"""Papua New Guinea"" ""Scotland"" ""2019-08-17"" scheduled start time",,,,,,,pending,,,
1196673,2019-08-18,ICC Men's Cricket World Cup League 2,qualification_pathway,Mannofield Park,Aberdeen,Scotland,Oman,"""Scotland"" ""Oman"" ""2019-08-18"" scheduled start time",,,,,,,pending,,,
1196674,2019-08-20,ICC Men's Cricket World Cup League 2,qualification_pathway,Mannofield Park,Aberdeen,Scotland,Papua New Guinea,"""Scotland"" ""Papua New Guinea"" ""2019-08-20"" scheduled start time",,,,,,,pending,,,
1196675,2019-08-21,ICC Men's Cricket World Cup League 2,qualification_pathway,Mannofield Park,Aberdeen,Papua New Guinea,Oman,"""Papua New Guinea"" ""Oman"" ""2019-08-21"" scheduled start time",,,,,,,pending,,,
1199226,2019-09-17,ICC Men's Cricket World Cup League 2,qualification_pathway,Central Broward Regional Park Stadium Turf Ground,Lauderhill,Namibia,United States of America,"""Namibia"" ""United States of America"" ""2019-09-17"" scheduled start time",,,,,,,pending,,,
1199227,2019-09-19,ICC Men's Cricket World Cup League 2,qualification_pathway,Central Broward Regional Park Stadium Turf Ground,Lauderhill,United States of America,Papua New Guinea,"""United States of America"" ""Papua New Guinea"" ""2019-09-19"" scheduled start time",,,,,,,pending,,,
1199229,2019-09-22,ICC Men's Cricket World Cup League 2,qualification_pathway,Central Broward Regional Park Stadium Turf Ground,Lauderhill,Papua New Guinea,Namibia,"""Papua New Guinea"" ""Namibia"" ""2019-09-22"" scheduled start time",,,,,,,pending,,,
1199230,2019-09-23,ICC Men's Cricket World Cup League 2,qualification_pathway,Central Broward Regional Park Stadium Turf Ground,Lauderhill,Namibia,Papua New Guinea,"""Namibia"" ""Papua New Guinea"" ""2019-09-23"" scheduled start time",,,,,,,pending,,,
1198487,2019-09-30,Sri Lanka tour of Pakistan,bilateral_series,National Stadium,Karachi,Pakistan,Sri Lanka,"""Pakistan"" ""Sri Lanka"" ""2019-09-30"" scheduled start time",,,,,,,pending,,,
1198488,2019-10-02,Sri Lanka tour of Pakistan,bilateral_series,National Stadium,Karachi,Sri Lanka,Pakistan,"""Sri Lanka"" ""Pakistan"" ""2019-10-02"" scheduled start time",,,,,,,pending,,,
1206059,2019-12-08,ICC Men's Cricket World Cup League 2,qualification_pathway,Sharjah Cricket Stadium,Sharjah,United Arab Emirates,United States of America,"""United Arab Emirates"" ""United States of America"" ""2019-12-08"" scheduled start time",,,,,,,pending,,,
1206060,2019-12-09,ICC Men's Cricket World Cup League 2,qualification_pathway,Sharjah Cricket Stadium,Sharjah,United States of America,Scotland,"""United States of America"" ""Scotland"" ""2019-12-09"" scheduled start time",,,,,,,pending,,,
1206062,2019-12-12,ICC Men's Cricket World Cup League 2,qualification_pathway,ICC Academy,Dubai,United States of America,United Arab Emirates,"""United States of America"" ""United Arab Emirates"" ""2019-12-12"" scheduled start time",,,,,,,pending,,,
1206063,2019-12-14,ICC Men's Cricket World Cup League 2,qualification_pathway,ICC Academy,Dubai,United States of America,Scotland,"""United States of America"" ""Scotland"" ""2019-12-14"" scheduled start time",,,,,,,pending,,,
1187021,2019-12-15,West Indies tour of India,bilateral_series,"MA Chidambaram Stadium, Chepauk",Chennai,India,West Indies,"""India"" ""West Indies"" ""2019-12-15"" scheduled start time",,,,,,,pending,,,
1206064,2019-12-15,ICC Men's Cricket World Cup League 2,qualification_pathway,ICC Academy,Dubai,Scotland,United Arab Emirates,"""Scotland"" ""United Arab Emirates"" ""2019-12-15"" scheduled start time",,,,,,,pending,,,
1187022,2019-12-18,West Indies tour of India,bilateral_series,Dr. Y.S. Rajasekhara Reddy ACA-VDCA Cricket Stadium,Visakhapatnam,India,West Indies,"""India"" ""West Indies"" ""2019-12-18"" scheduled start time",,,,,,,pending,,,
1187023,2019-12-22,West Indies tour of India,bilateral_series,Barabati Stadium,Cuttack,West Indies,India,"""West Indies"" ""India"" ""2019-12-22"" scheduled start time",,,,,,,pending,,,
1211169,2020-01-05,ICC Men's Cricket World Cup League 2,qualification_pathway,Al Amerat Cricket Ground Oman Cricket (Ministry Turf 1),Al Amarat,United Arab Emirates,Oman,"""United Arab Emirates"" ""Oman"" ""2020-01-05"" scheduled start time",,,,,,,pending,,,
1211170,2020-01-06,ICC Men's Cricket World Cup League 2,qualification_pathway,Al Amerat Cricket Ground Oman Cricket (Ministry Turf 1),Al Amarat,United Arab Emirates,Namibia,"""United Arab Emirates"" ""Namibia"" ""2020-01-06"" scheduled start time",,,,,,,pending,,,
1203673,2020-01-07,Ireland tour of West Indies,bilateral_series,"Kensington Oval, Barbados",Bridgetown,Ireland,West Indies,"""Ireland"" ""West Indies"" ""2020-01-07"" scheduled start time",,,,,,,pending,,,
1211171,2020-01-08,ICC Men's Cricket World Cup League 2,qualification_pathway,Al Amerat Cricket Ground Oman Cricket (Ministry Turf 1),Al Amarat,Namibia,Oman,"""Namibia"" ""Oman"" ""2020-01-08"" scheduled start time",,,,,,,pending,,,
1203674,2020-01-09,Ireland tour of West Indies,bilateral_series,"Kensington Oval, Barbados",Bridgetown,Ireland,West Indies,"""Ireland"" ""West Indies"" ""2020-01-09"" scheduled start time",,,,,,,pending,,,
1211173,2020-01-09,ICC Men's Cricket World Cup League 2,qualification_pathway,Al Amerat Cricket Ground Oman Cricket (Ministry Turf 1),Al Amarat,Namibia,United Arab Emirates,"""Namibia"" ""United Arab Emirates"" ""2020-01-09"" scheduled start time",,,,,,,pending,,,
1187027,2020-01-14,Australia tour of India,bilateral_series,Wankhede Stadium,Mumbai,India,Australia,"""India"" ""Australia"" ""2020-01-14"" scheduled start time",,,,,,,pending,,,
1187028,2020-01-17,Australia tour of India,bilateral_series,Saurashtra Cricket Association Stadium,Rajkot,India,Australia,"""India"" ""Australia"" ""2020-01-17"" scheduled start time",,,,,,,pending,,,
1187029,2020-01-19,Australia tour of India,bilateral_series,M.Chinnaswamy Stadium,Bengaluru,Australia,India,"""Australia"" ""India"" ""2020-01-19"" scheduled start time",,,,,,,pending,,,
1185310,2020-02-04,England tour of South Africa,bilateral_series,Newlands,Cape Town,England,South Africa,"""England"" ""South Africa"" ""2020-02-04"" scheduled start time",,,,,,,pending,,,
1187682,2020-02-05,India tour of New Zealand,bilateral_series,Seddon Park,Hamilton,India,New Zealand,"""India"" ""New Zealand"" ""2020-02-05"" scheduled start time",,,,,,,pending,,,
1215122,2020-02-05,ICC Men's Cricket World Cup League 2,qualification_pathway,Tribhuvan University International Cricket Ground,Kirtipur,Oman,Nepal,"""Oman"" ""Nepal"" ""2020-02-05"" scheduled start time",,,,,,,pending,,,
1215123,2020-02-06,ICC Men's Cricket World Cup League 2,qualification_pathway,Tribhuvan University International Cricket Ground,Kirtipur,United States of America,Oman,"""United States of America"" ""Oman"" ""2020-02-06"" scheduled start time",,,,,,,pending,,,
1187683,2020-02-08,India tour of New Zealand,bilateral_series,Eden Park,Auckland,New Zealand,India,"""New Zealand"" ""India"" ""2020-02-08"" scheduled start time",,,,,,,pending,,,
1215124,2020-02-08,ICC Men's Cricket World Cup League 2,qualification_pathway,Tribhuvan University International Cricket Ground,Kirtipur,Nepal,United States of America,"""Nepal"" ""United States of America"" ""2020-02-08"" scheduled start time",,,,,,,pending,,,
1185312,2020-02-09,England tour of South Africa,bilateral_series,The Wanderers Stadium,Johannesburg,South Africa,England,"""South Africa"" ""England"" ""2020-02-09"" scheduled start time",,,,,,,pending,,,
1215125,2020-02-09,ICC Men's Cricket World Cup League 2,qualification_pathway,Tribhuvan University International Cricket Ground,Kirtipur,Nepal,Oman,"""Nepal"" ""Oman"" ""2020-02-09"" scheduled start time",,,,,,,pending,,,
1187684,2020-02-11,India tour of New Zealand,bilateral_series,Bay Oval,Mount Maunganui,India,New Zealand,"""India"" ""New Zealand"" ""2020-02-11"" scheduled start time",,,,,,,pending,,,
1215126,2020-02-11,ICC Men's Cricket World Cup League 2,qualification_pathway,Tribhuvan University International Cricket Ground,Kirtipur,Oman,United States of America,"""Oman"" ""United States of America"" ""2020-02-11"" scheduled start time",,,,,,,pending,,,
1213871,2020-02-22,West Indies tour of Sri Lanka,bilateral_series,Sinhalese Sports Club Ground,Colombo,West Indies,Sri Lanka,"""West Indies"" ""Sri Lanka"" ""2020-02-22"" scheduled start time",,,,,,,pending,,,
1213872,2020-02-26,West Indies tour of Sri Lanka,bilateral_series,"Mahinda Rajapaksa International Cricket Stadium, Sooriyawewa",Hambantota,Sri Lanka,West Indies,"""Sri Lanka"" ""West Indies"" ""2020-02-26"" scheduled start time",,,,,,,pending,,,
1185319,2020-02-29,Australia tour of South Africa,bilateral_series,Boland Park,Paarl,South Africa,Australia,"""South Africa"" ""Australia"" ""2020-02-29"" scheduled start time",,,,,,,pending,,,
1213873,2020-03-01,West Indies tour of Sri Lanka,bilateral_series,Pallekele International Cricket Stadium,Kandy,Sri Lanka,West Indies,"""Sri Lanka"" ""West Indies"" ""2020-03-01"" scheduled start time",,,,,,,pending,,,
1214667,2020-03-01,Zimbabwe tour of Bangladesh,bilateral_series,Sylhet International Cricket Stadium,Sylhet,Bangladesh,Zimbabwe,"""Bangladesh"" ""Zimbabwe"" ""2020-03-01"" scheduled start time",,,,,,,pending,,,
1214668,2020-03-03,Zimbabwe tour of Bangladesh,bilateral_series,Sylhet International Cricket Stadium,Sylhet,Bangladesh,Zimbabwe,"""Bangladesh"" ""Zimbabwe"" ""2020-03-03"" scheduled start time",,,,,,,pending,,,
1185320,2020-03-04,Australia tour of South Africa,bilateral_series,Mangaung Oval,Bloemfontein,Australia,South Africa,"""Australia"" ""South Africa"" ""2020-03-04"" scheduled start time",,,,,,,pending,,,
1185321,2020-03-07,Australia tour of South Africa,bilateral_series,Senwes Park,Potchefstroom,Australia,South Africa,"""Australia"" ""South Africa"" ""2020-03-07"" scheduled start time",,,,,,,pending,,,
1183537,2020-03-13,New Zealand tour of Australia,bilateral_series,Sydney Cricket Ground,Sydney,Australia,New Zealand,"""Australia"" ""New Zealand"" ""2020-03-13"" scheduled start time",,,,,,,pending,,,
1198247,2020-07-30,Ireland tour of England,bilateral_series,The Rose Bowl,Southampton,Ireland,England,"""Ireland"" ""England"" ""2020-07-30"" scheduled start time",,,,,,,pending,,,
1198248,2020-08-01,Ireland tour of England,bilateral_series,The Rose Bowl,Southampton,Ireland,England,"""Ireland"" ""England"" ""2020-08-01"" scheduled start time",,,,,,,pending,,,
1198249,2020-08-04,Ireland tour of England,bilateral_series,The Rose Bowl,Southampton,England,Ireland,"""England"" ""Ireland"" ""2020-08-04"" scheduled start time",,,,,,,pending,,,
1198238,2020-09-11,Australia tour of England,bilateral_series,Old Trafford,Manchester,Australia,England,"""Australia"" ""England"" ""2020-09-11"" scheduled start time",,,,,,,pending,,,
1198239,2020-09-13,Australia tour of England,bilateral_series,Old Trafford,Manchester,England,Australia,"""England"" ""Australia"" ""2020-09-13"" scheduled start time",,,,,,,pending,,,
1198240,2020-09-16,Australia tour of England,bilateral_series,Old Trafford,Manchester,England,Australia,"""England"" ""Australia"" ""2020-09-16"" scheduled start time",,,,,,,pending,,,
1233461,2020-10-30,Zimbabwe tour of Pakistan,bilateral_series,Rawalpindi Cricket Stadium,Unknown,Pakistan,Zimbabwe,"""Pakistan"" ""Zimbabwe"" ""2020-10-30"" scheduled start time",,,,,,,pending,,,
1233462,2020-11-01,Zimbabwe tour of Pakistan,bilateral_series,Rawalpindi Cricket Stadium,Unknown,Zimbabwe,Pakistan,"""Zimbabwe"" ""Pakistan"" ""2020-11-01"" scheduled start time",,,,,,,pending,,,
1223955,2020-11-27,India tour of Australia,bilateral_series,Sydney Cricket Ground,Unknown,Australia,India,"""Australia"" ""India"" ""2020-11-27"" scheduled start time",,,,,,,pending,,,
1223956,2020-11-29,India tour of Australia,bilateral_series,Sydney Cricket Ground,Unknown,Australia,India,"""Australia"" ""India"" ""2020-11-29"" scheduled start time",,,,,,,pending,,,
1223957,2020-12-02,India tour of Australia,bilateral_series,Manuka Oval,Canberra,India,Australia,"""India"" ""Australia"" ""2020-12-02"" scheduled start time",,,,,,,pending,,,
1244524,2021-01-08,Ireland tour of United Arab Emirates,bilateral_series,Sheikh Zayed Stadium,Abu Dhabi,Ireland,United Arab Emirates,"""Ireland"" ""United Arab Emirates"" ""2021-01-08"" scheduled start time",,,,,,,pending,,,
1244525,2021-01-18,Ireland tour of United Arab Emirates,bilateral_series,Sheikh Zayed Stadium,Abu Dhabi,Ireland,United Arab Emirates,"""Ireland"" ""United Arab Emirates"" ""2021-01-18"" scheduled start time",,,,,,,pending,,,
1244022,2021-01-20,ICC Men's Cricket World Cup Super League,qualification_pathway,Shere Bangla National Stadium,Dhaka,West Indies,Bangladesh,"""West Indies"" ""Bangladesh"" ""2021-01-20"" scheduled start time",,,,,,,pending,,,
1244023,2021-01-22,ICC Men's Cricket World Cup Super League,qualification_pathway,Shere Bangla National Stadium,Dhaka,West Indies,Bangladesh,"""West Indies"" ""Bangladesh"" ""2021-01-22"" scheduled start time",,,,,,,pending,,,
1244024,2021-01-25,West Indies tour of Bangladesh,bilateral_series,Zahur Ahmed Chowdhury Stadium,Chattogram,Bangladesh,West Indies,"""Bangladesh"" ""West Indies"" ""2021-01-25"" scheduled start time",,,,,,,pending,,,
1252069,2021-03-10,West Indies v Sri Lanka,other_odi,Sir Vivian Richards Stadium,North Sound,Sri Lanka,West Indies,"""Sri Lanka"" ""West Indies"" ""2021-03-10"" scheduled start time",,,,,,,pending,,,
1252070,2021-03-12,West Indies v Sri Lanka,other_odi,Sir Vivian Richards Stadium,North Sound,Sri Lanka,West Indies,"""Sri Lanka"" ""West Indies"" ""2021-03-12"" scheduled start time",,,,,,,pending,,,
1252071,2021-03-14,West Indies v Sri Lanka,other_odi,Sir Vivian Richards Stadium,North Sound,Sri Lanka,West Indies,"""Sri Lanka"" ""West Indies"" ""2021-03-14"" scheduled start time",,,,,,,pending,,,
1233976,2021-03-20,Bangladesh tour of New Zealand,bilateral_series,University Oval,Dunedin,Bangladesh,New Zealand,"""Bangladesh"" ""New Zealand"" ""2021-03-20"" scheduled start time",,,,,,,pending,,,
1233977,2021-03-23,Bangladesh tour of New Zealand,bilateral_series,Hagley Oval,Christchurch,Bangladesh,New Zealand,"""Bangladesh"" ""New Zealand"" ""2021-03-23"" scheduled start time",,,,,,,pending,,,
1243393,2021-03-23,England tour of India,bilateral_series,Maharashtra Cricket Association Stadium,Pune,India,England,"""India"" ""England"" ""2021-03-23"" scheduled start time",,,,,,,pending,,,
1233978,2021-03-26,Bangladesh tour of New Zealand,bilateral_series,Basin Reserve,Wellington,New Zealand,Bangladesh,"""New Zealand"" ""Bangladesh"" ""2021-03-26"" scheduled start time",,,,,,,pending,,,
1243394,2021-03-26,England tour of India,bilateral_series,Maharashtra Cricket Association Stadium,Pune,India,England,"""India"" ""England"" ""2021-03-26"" scheduled start time",,,,,,,pending,,,
1243395,2021-03-28,England tour of India,bilateral_series,Maharashtra Cricket Association Stadium,Pune,India,England,"""India"" ""England"" ""2021-03-28"" scheduled start time",,,,,,,pending,,,
1251572,2021-04-02,Pakistan tour of South Africa,bilateral_series,"SuperSport Park, Centurion",Centurion,South Africa,Pakistan,"""South Africa"" ""Pakistan"" ""2021-04-02"" scheduled start time",,,,,,,pending,,,
1251573,2021-04-04,Pakistan tour of South Africa,bilateral_series,The Wanderers Stadium,Johannesburg,South Africa,Pakistan,"""South Africa"" ""Pakistan"" ""2021-04-04"" scheduled start time",,,,,,,pending,,,
1251574,2021-04-07,Pakistan tour of South Africa,bilateral_series,"SuperSport Park, Centurion",Centurion,Pakistan,South Africa,"""Pakistan"" ""South Africa"" ""2021-04-07"" scheduled start time",,,,,,,pending,,,
1260084,2021-05-19,Scotland tour of Netherlands,bilateral_series,"Hazelaarweg, Rotterdam",Rotterdam,Netherlands,Scotland,"""Netherlands"" ""Scotland"" ""2021-05-19"" scheduled start time",,,,,,,pending,,,
1260085,2021-05-20,Scotland tour of Netherlands,bilateral_series,"Hazelaarweg, Rotterdam",Rotterdam,Netherlands,Scotland,"""Netherlands"" ""Scotland"" ""2021-05-20"" scheduled start time",,,,,,,pending,,,
1262344,2021-05-23,Sri Lanka tour of Bangladesh,bilateral_series,"Shere Bangla National Stadium, Mirpur",Dhaka,Bangladesh,Sri Lanka,"""Bangladesh"" ""Sri Lanka"" ""2021-05-23"" scheduled start time",,,,,,,pending,,,
1262347,2021-05-28,Sri Lanka tour of Bangladesh,bilateral_series,"Shere Bangla National Stadium, Mirpur",Dhaka,Sri Lanka,Bangladesh,"""Sri Lanka"" ""Bangladesh"" ""2021-05-28"" scheduled start time",,,,,,,pending,,,
1251962,2021-06-02,Ireland tour of Netherlands,bilateral_series,"Sportpark Maarschalkerweerd, Utrecht",Utrecht,Netherlands,Ireland,"""Netherlands"" ""Ireland"" ""2021-06-02"" scheduled start time",,,,,,,pending,,,
1251963,2021-06-04,Ireland tour of Netherlands,bilateral_series,"Sportpark Maarschalkerweerd, Utrecht",Utrecht,Netherlands,Ireland,"""Netherlands"" ""Ireland"" ""2021-06-04"" scheduled start time",,,,,,,pending,,,
1251964,2021-06-07,Ireland tour of Netherlands,bilateral_series,"Sportpark Maarschalkerweerd, Utrecht",Utrecht,Ireland,Netherlands,"""Ireland"" ""Netherlands"" ""2021-06-07"" scheduled start time",,,,,,,pending,,,
1239534,2021-06-29,Sri Lanka tour of England,bilateral_series,"Riverside Ground, Chester-le-Street",Chester-le-Street,Sri Lanka,England,"""Sri Lanka"" ""England"" ""2021-06-29"" scheduled start time",,,,,,,pending,,,
1239535,2021-07-01,Sri Lanka tour of England,bilateral_series,"Kennington Oval, London",London,Sri Lanka,England,"""Sri Lanka"" ""England"" ""2021-07-01"" scheduled start time",,,,,,,pending,,,
1239537,2021-07-08,Pakistan tour of England,bilateral_series,"Sophia Gardens, Cardiff",Cardiff,Pakistan,England,"""Pakistan"" ""England"" ""2021-07-08"" scheduled start time",,,,,,,pending,,,
1239538,2021-07-10,Pakistan tour of England,bilateral_series,"Lord's, London",London,England,Pakistan,"""England"" ""Pakistan"" ""2021-07-10"" scheduled start time",,,,,,,pending,,,
1239539,2021-07-13,Pakistan tour of England,bilateral_series,"Edgbaston, Birmingham",Birmingham,Pakistan,England,"""Pakistan"" ""England"" ""2021-07-13"" scheduled start time",,,,,,,pending,,,
1251951,2021-07-13,South Africa tour of Ireland,bilateral_series,"The Village, Malahide, Dublin",Dublin,Ireland,South Africa,"""Ireland"" ""South Africa"" ""2021-07-13"" scheduled start time",,,,,,,pending,,,
1251952,2021-07-16,South Africa tour of Ireland,bilateral_series,"The Village, Malahide, Dublin",Dublin,South Africa,Ireland,"""South Africa"" ""Ireland"" ""2021-07-16"" scheduled start time",,,,,,,pending,,,
1267677,2021-07-16,Bangladesh tour of Zimbabwe,bilateral_series,Harare Sports Club,Harare,Bangladesh,Zimbabwe,"""Bangladesh"" ""Zimbabwe"" ""2021-07-16"" scheduled start time",,,,,,,pending,,,
1262755,2021-07-18,India tour of Sri Lanka,bilateral_series,"R Premadasa Stadium, Colombo",Colombo,Sri Lanka,India,"""Sri Lanka"" ""India"" ""2021-07-18"" scheduled start time",,,,,,,pending,,,
1267678,2021-07-18,Bangladesh tour of Zimbabwe,bilateral_series,Harare Sports Club,Harare,Zimbabwe,Bangladesh,"""Zimbabwe"" ""Bangladesh"" ""2021-07-18"" scheduled start time",,,,,,,pending,,,
1262756,2021-07-20,India tour of Sri Lanka,bilateral_series,"R Premadasa Stadium, Colombo",Colombo,Sri Lanka,India,"""Sri Lanka"" ""India"" ""2021-07-20"" scheduled start time",,,,,,,pending,,,
1267679,2021-07-20,Bangladesh tour of Zimbabwe,bilateral_series,Harare Sports Club,Harare,Zimbabwe,Bangladesh,"""Zimbabwe"" ""Bangladesh"" ""2021-07-20"" scheduled start time",,,,,,,pending,,,
1263162,2021-07-22,Australia tour of West Indies,bilateral_series,"Kensington Oval, Bridgetown, Barbados",Bridgetown,Australia,West Indies,"""Australia"" ""West Indies"" ""2021-07-22"" scheduled start time",,,,,,,pending,,,
1263163,2021-07-26,Australia tour of West Indies,bilateral_series,"Kensington Oval, Bridgetown, Barbados",Bridgetown,West Indies,Australia,"""West Indies"" ""Australia"" ""2021-07-26"" scheduled start time",,,,,,,pending,,,
1271627,2021-09-02,South Africa tour of Sri Lanka,bilateral_series,"R Premadasa Stadium, Colombo",Colombo,Sri Lanka,South Africa,"""Sri Lanka"" ""South Africa"" ""2021-09-02"" scheduled start time",,,,,,,pending,,,
1276293,2021-09-06,Papua New Guinea v United States of America ODI Series,other_odi,Al Amerat Cricket Ground Oman Cricket (Ministry Turf 2),Al Amarat,Papua New Guinea,United States of America,"""Papua New Guinea"" ""United States of America"" ""2021-09-06"" scheduled start time",,,,,,,pending,,,
1271629,2021-09-07,South Africa tour of Sri Lanka,bilateral_series,"R Premadasa Stadium, Colombo",Colombo,Sri Lanka,South Africa,"""Sri Lanka"" ""South Africa"" ""2021-09-07"" scheduled start time",,,,,,,pending,,,
1276295,2021-09-07,Nepal v Papua New Guinea ODI Series,other_odi,Al Amerat Cricket Ground Oman Cricket (Ministry Turf 1),Al Amarat,Papua New Guinea,Nepal,"""Papua New Guinea"" ""Nepal"" ""2021-09-07"" scheduled start time",,,,,,,pending,,,
1272379,2021-09-08,Zimbabwe tour of Ireland and Scotland,bilateral_series,"Civil Service Cricket Club, Stormont, Belfast",Belfast,Zimbabwe,Ireland,"""Zimbabwe"" ""Ireland"" ""2021-09-08"" scheduled start time",,,,,,,pending,,,
1276294,2021-09-09,Papua New Guinea v United States of America ODI Series,other_odi,Al Amerat Cricket Ground Oman Cricket (Ministry Turf 2),Al Amarat,United States of America,Papua New Guinea,"""United States of America"" ""Papua New Guinea"" ""2021-09-09"" scheduled start time",,,,,,,pending,,,
1276296,2021-09-10,Nepal v Papua New Guinea ODI Series,other_odi,Al Amerat Cricket Ground Oman Cricket (Ministry Turf 1),Al Amarat,Nepal,Papua New Guinea,"""Nepal"" ""Papua New Guinea"" ""2021-09-10"" scheduled start time",,,,,,,pending,,,
1275249,2021-09-13,ICC Men's Cricket World Cup League 2,qualification_pathway,Al Amerat Cricket Ground Oman Cricket (Ministry Turf 1),Al Amarat,United States of America,Nepal,"""United States of America"" ""Nepal"" ""2021-09-13"" scheduled start time",,,,,,,pending,,,
1275250,2021-09-14,ICC Men's Cricket World Cup League 2,qualification_pathway,Al Amerat Cricket Ground Oman Cricket (Ministry Turf 1),Al Amarat,Nepal,Oman,"""Nepal"" ""Oman"" ""2021-09-14"" scheduled start time",,,,,,,pending,,,
1275251,2021-09-16,ICC Men's Cricket World Cup League 2,qualification_pathway,Al Amerat Cricket Ground Oman Cricket (Ministry Turf 1),Al Amarat,United States of America,Oman,"""United States of America"" ""Oman"" ""2021-09-16"" scheduled start time",,,,,,,pending,,,
1275253,2021-09-19,ICC Men's Cricket World Cup League 2,qualification_pathway,Al Amerat Cricket Ground Oman Cricket (Ministry Turf 1),Al Amarat,Oman,Nepal,"""Oman"" ""Nepal"" ""2021-09-19"" scheduled start time",,,,,,,pending,,,
1275255,2021-09-25,ICC Men's Cricket World Cup League 2,qualification_pathway,Al Amerat Cricket Ground Oman Cricket (Ministry Turf 2),Al Amarat,Papua New Guinea,Scotland,"""Papua New Guinea"" ""Scotland"" ""2021-09-25"" scheduled start time",,,,,,,pending,,,
1275256,2021-09-26,ICC Men's Cricket World Cup League 2,qualification_pathway,Al Amerat Cricket Ground Oman Cricket (Ministry Turf 2),Al Amarat,Oman,Papua New Guinea,"""Oman"" ""Papua New Guinea"" ""2021-09-26"" scheduled start time",,,,,,,pending,,,
1275257,2021-09-28,ICC Men's Cricket World Cup League 2,qualification_pathway,Al Amerat Cricket Ground Oman Cricket (Ministry Turf 2),Al Amarat,Scotland,Oman,"""Scotland"" ""Oman"" ""2021-09-28"" scheduled start time",,,,,,,pending,,,
1275258,2021-09-29,ICC Men's Cricket World Cup League 2,qualification_pathway,Al Amerat Cricket Ground Oman Cricket (Ministry Turf 1),Al Amarat,Papua New Guinea,Scotland,"""Papua New Guinea"" ""Scotland"" ""2021-09-29"" scheduled start time",,,,,,,pending,,,
1275259,2021-10-01,ICC Men's Cricket World Cup League 2,qualification_pathway,Al Amerat Cricket Ground Oman Cricket (Ministry Turf 1),Al Amarat,Papua New Guinea,Oman,"""Papua New Guinea"" ""Oman"" ""2021-10-01"" scheduled start time",,,,,,,pending,,,
1290881,2021-11-26,ICC Men's Cricket World Cup League 2,qualification_pathway,"Wanderers Cricket Ground, Windhoek",Windhoek,Namibia,Oman,"""Namibia"" ""Oman"" ""2021-11-26"" scheduled start time",,,,,,,pending,,,
1277085,2022-01-08,Ireland tour of United States of America and West Indies,bilateral_series,"Sabina Park, Kingston, Jamaica",Kingston,West Indies,Ireland,"""West Indies"" ""Ireland"" ""2022-01-08"" scheduled start time",,,,,,,pending,,,
1277087,2022-01-16,Ireland tour of United States of America and West Indies,bilateral_series,"Sabina Park, Kingston, Jamaica",Kingston,West Indies,Ireland,"""West Indies"" ""Ireland"" ""2022-01-16"" scheduled start time",,,,,,,pending,,,
1294969,2022-01-16,Zimbabwe tour of Sri Lanka,bilateral_series,Pallekele International Cricket Stadium,Kandy,Zimbabwe,Sri Lanka,"""Zimbabwe"" ""Sri Lanka"" ""2022-01-16"" scheduled start time",,,,,,,pending,,,
1294970,2022-01-18,Zimbabwe tour of Sri Lanka,bilateral_series,Pallekele International Cricket Stadium,Kandy,Zimbabwe,Sri Lanka,"""Zimbabwe"" ""Sri Lanka"" ""2022-01-18"" scheduled start time",,,,,,,pending,,,
1277082,2022-01-19,India tour of South Africa,bilateral_series,"Boland Park, Paarl",Paarl,South Africa,India,"""South Africa"" ""India"" ""2022-01-19"" scheduled start time",,,,,,,pending,,,
1277083,2022-01-21,India tour of South Africa,bilateral_series,"Boland Park, Paarl",Paarl,India,South Africa,"""India"" ""South Africa"" ""2022-01-21"" scheduled start time",,,,,,,pending,,,
1294971,2022-01-21,Zimbabwe tour of Sri Lanka,bilateral_series,Pallekele International Cricket Stadium,Kandy,Sri Lanka,Zimbabwe,"""Sri Lanka"" ""Zimbabwe"" ""2022-01-21"" scheduled start time",,,,,,,pending,,,
1277084,2022-01-23,India tour of South Africa,bilateral_series,"Newlands, Cape Town",Cape Town,South Africa,India,"""South Africa"" ""India"" ""2022-01-23"" scheduled start time",,,,,,,pending,,,
1299586,2022-02-05,ICC Men's Cricket World Cup League 2,qualification_pathway,Al Amerat Cricket Ground Oman Cricket (Ministry Turf 1),Al Amarat,Oman,United Arab Emirates,"""Oman"" ""United Arab Emirates"" ""2022-02-05"" scheduled start time",,,,,,,pending,,,
1278676,2022-02-06,West Indies tour of India,bilateral_series,"Narendra Modi Stadium, Ahmedabad",Ahmedabad,West Indies,India,"""West Indies"" ""India"" ""2022-02-06"" scheduled start time",,,,,,,pending,,,
1299587,2022-02-06,ICC Men's Cricket World Cup League 2,qualification_pathway,Al Amerat Cricket Ground Oman Cricket (Ministry Turf 1),Al Amarat,Oman,United Arab Emirates,"""Oman"" ""United Arab Emirates"" ""2022-02-06"" scheduled start time",,,,,,,pending,,,
1278677,2022-02-09,West Indies tour of India,bilateral_series,"Narendra Modi Stadium, Ahmedabad",Ahmedabad,India,West Indies,"""India"" ""West Indies"" ""2022-02-09"" scheduled start time",,,,,,,pending,,,
1278678,2022-02-11,West Indies tour of India,bilateral_series,"Narendra Modi Stadium, Ahmedabad",Ahmedabad,India,West Indies,"""India"" ""West Indies"" ""2022-02-11"" scheduled start time",,,,,,,pending,,,
1302616,2022-03-05,ICC Men's Cricket World Cup League 2,qualification_pathway,"ICC Academy, Dubai",Dubai,Oman,United Arab Emirates,"""Oman"" ""United Arab Emirates"" ""2022-03-05"" scheduled start time",,,,,,,pending,,,
1302617,2022-03-06,ICC Men's Cricket World Cup League 2,qualification_pathway,"ICC Academy, Dubai",Dubai,Namibia,Oman,"""Namibia"" ""Oman"" ""2022-03-06"" scheduled start time",,,,,,,pending,,,
1302618,2022-03-08,ICC Men's Cricket World Cup League 2,qualification_pathway,"ICC Academy, Dubai",Dubai,Namibia,United Arab Emirates,"""Namibia"" ""United Arab Emirates"" ""2022-03-08"" scheduled start time",,,,,,,pending,,,
1302619,2022-03-09,ICC Men's Cricket World Cup League 2,qualification_pathway,"ICC Academy, Dubai",Dubai,Oman,United Arab Emirates,"""Oman"" ""United Arab Emirates"" ""2022-03-09"" scheduled start time",,,,,,,pending,,,
1302620,2022-03-11,ICC Men's Cricket World Cup League 2,qualification_pathway,Sharjah Cricket Stadium,Sharjah,Namibia,Oman,"""Namibia"" ""Oman"" ""2022-03-11"" scheduled start time",,,,,,,pending,,,
1302621,2022-03-12,ICC Men's Cricket World Cup League 2,qualification_pathway,Sharjah Cricket Stadium,Sharjah,United Arab Emirates,Namibia,"""United Arab Emirates"" ""Namibia"" ""2022-03-12"" scheduled start time",,,,,,,pending,,,
1302622,2022-03-14,ICC Men's Cricket World Cup League 2,qualification_pathway,Dubai International Cricket Stadium,Dubai,Oman,Namibia,"""Oman"" ""Namibia"" ""2022-03-14"" scheduled start time",,,,,,,pending,,,
1302623,2022-03-15,ICC Men's Cricket World Cup League 2,qualification_pathway,Sharjah Cricket Stadium,Sharjah,Papua New Guinea,United Arab Emirates,"""Papua New Guinea"" ""United Arab Emirates"" ""2022-03-15"" scheduled start time",,,,,,,pending,,,
1302624,2022-03-16,ICC Men's Cricket World Cup League 2,qualification_pathway,Sharjah Cricket Stadium,Sharjah,Papua New Guinea,Nepal,"""Papua New Guinea"" ""Nepal"" ""2022-03-16"" scheduled start time",,,,,,,pending,,,
1277097,2022-03-18,Bangladesh tour of South Africa,bilateral_series,"SuperSport Park, Centurion",Centurion,Bangladesh,South Africa,"""Bangladesh"" ""South Africa"" ""2022-03-18"" scheduled start time",,,,,,,pending,,,
1302625,2022-03-18,ICC Men's Cricket World Cup League 2,qualification_pathway,Dubai International Cricket Stadium,Dubai,United Arab Emirates,Nepal,"""United Arab Emirates"" ""Nepal"" ""2022-03-18"" scheduled start time",,,,,,,pending,,,
1302626,2022-03-19,ICC Men's Cricket World Cup League 2,qualification_pathway,Dubai International Cricket Stadium,Dubai,United Arab Emirates,Papua New Guinea,"""United Arab Emirates"" ""Papua New Guinea"" ""2022-03-19"" scheduled start time",,,,,,,pending,,,
1277098,2022-03-20,Bangladesh tour of South Africa,bilateral_series,"The Wanderers Stadium, Johannesburg",Johannesburg,Bangladesh,South Africa,"""Bangladesh"" ""South Africa"" ""2022-03-20"" scheduled start time",,,,,,,pending,,,
1302627,2022-03-21,ICC Men's Cricket World Cup League 2,qualification_pathway,Dubai International Cricket Stadium,Dubai,United Arab Emirates,Nepal,"""United Arab Emirates"" ""Nepal"" ""2022-03-21"" scheduled start time",,,,,,,pending,,,
1302628,2022-03-22,ICC Men's Cricket World Cup League 2,qualification_pathway,Dubai International Cricket Stadium,Dubai,Papua New Guinea,Nepal,"""Papua New Guinea"" ""Nepal"" ""2022-03-22"" scheduled start time",,,,,,,pending,,,
1277099,2022-03-23,Bangladesh tour of South Africa,bilateral_series,"SuperSport Park, Centurion",Centurion,South Africa,Bangladesh,"""South Africa"" ""Bangladesh"" ""2022-03-23"" scheduled start time",,,,,,,pending,,,
1305496,2022-03-25,Papua New Guinea tour of Nepal,bilateral_series,"Tribhuvan University International Cricket Ground, Kirtipur",Kirtipur,Papua New Guinea,Nepal,"""Papua New Guinea"" ""Nepal"" ""2022-03-25"" scheduled start time",,,,,,,pending,,,
1305497,2022-03-26,Papua New Guinea tour of Nepal,bilateral_series,"Tribhuvan University International Cricket Ground, Kirtipur",Kirtipur,Nepal,Papua New Guinea,"""Nepal"" ""Papua New Guinea"" ""2022-03-26"" scheduled start time",,,,,,,pending,,,
1288313,2022-03-29,Australia tour of Pakistan,bilateral_series,"Gaddafi Stadium, Lahore",Lahore,Australia,Pakistan,"""Australia"" ""Pakistan"" ""2022-03-29"" scheduled start time",,,,,,,pending,,,
1288987,2022-03-29,Netherlands tour of New Zealand,bilateral_series,"Bay Oval, Mount Maunganui",Mount Maunganui,Netherlands,New Zealand,"""Netherlands"" ""New Zealand"" ""2022-03-29"" scheduled start time",,,,,,,pending,,,
1288314,2022-03-31,Australia tour of Pakistan,bilateral_series,"Gaddafi Stadium, Lahore",Lahore,Australia,Pakistan,"""Australia"" ""Pakistan"" ""2022-03-31"" scheduled start time",,,,,,,pending,,,
1288315,2022-04-02,Australia tour of Pakistan,bilateral_series,"Gaddafi Stadium, Lahore",Lahore,Australia,Pakistan,"""Australia"" ""Pakistan"" ""2022-04-02"" scheduled start time",,,,,,,pending,,,
1288988,2022-04-02,Netherlands tour of New Zealand,bilateral_series,"Seddon Park, Hamilton",Hamilton,New Zealand,Netherlands,"""New Zealand"" ""Netherlands"" ""2022-04-02"" scheduled start time",,,,,,,pending,,,
1288989,2022-04-04,Netherlands tour of New Zealand,bilateral_series,"Seddon Park, Hamilton",Hamilton,New Zealand,Netherlands,"""New Zealand"" ""Netherlands"" ""2022-04-04"" scheduled start time",,,,,,,pending,,,
1308244,2022-04-09,ICC Men's Cricket World Cup League 2,qualification_pathway,Dubai International Cricket Stadium,Dubai,Scotland,Papua New Guinea,"""Scotland"" ""Papua New Guinea"" ""2022-04-09"" scheduled start time",,,,,,,pending,,,
1308245,2022-04-10,ICC Men's Cricket World Cup League 2,qualification_pathway,Dubai International Cricket Stadium,Dubai,Scotland,Oman,"""Scotland"" ""Oman"" ""2022-04-10"" scheduled start time",,,,,,,pending,,,
1308246,2022-04-12,ICC Men's Cricket World Cup League 2,qualification_pathway,Dubai International Cricket Stadium,Dubai,Papua New Guinea,Oman,"""Papua New Guinea"" ""Oman"" ""2022-04-12"" scheduled start time",,,,,,,pending,,,
1308247,2022-04-13,ICC Men's Cricket World Cup League 2,qualification_pathway,Dubai International Cricket Stadium,Dubai,Scotland,Papua New Guinea,"""Scotland"" ""Papua New Guinea"" ""2022-04-13"" scheduled start time",,,,,,,pending,,,
1308248,2022-04-15,ICC Men's Cricket World Cup League 2,qualification_pathway,Dubai International Cricket Stadium,Dubai,Oman,Scotland,"""Oman"" ""Scotland"" ""2022-04-15"" scheduled start time",,,,,,,pending,,,
1308249,2022-04-16,ICC Men's Cricket World Cup League 2,qualification_pathway,Dubai International Cricket Stadium,Dubai,Oman,Papua New Guinea,"""Oman"" ""Papua New Guinea"" ""2022-04-16"" scheduled start time",,,,,,,pending,,,
1312798,2022-05-28,ICC Men's Cricket World Cup League 2,qualification_pathway,"Choice Moosa Stadium, Pearland",Pearland,United States of America,Scotland,"""United States of America"" ""Scotland"" ""2022-05-28"" scheduled start time",,,,,,,pending,,,
1312799,2022-05-29,ICC Men's Cricket World Cup League 2,qualification_pathway,"Choice Moosa Stadium, Pearland",Pearland,Scotland,United States of America,"""Scotland"" ""United States of America"" ""2022-05-29"" scheduled start time",,,,,,,pending,,,
1312800,2022-05-31,ICC Men's Cricket World Cup League 2,qualification_pathway,"Moosa Cricket Stadium, Pearland",Pearland,United Arab Emirates,Scotland,"""United Arab Emirates"" ""Scotland"" ""2022-05-31"" scheduled start time",,,,,,,pending,,,
1312801,2022-06-01,ICC Men's Cricket World Cup League 2,qualification_pathway,"Moosa Cricket Stadium, Pearland",Pearland,United Arab Emirates,United States of America,"""United Arab Emirates"" ""United States of America"" ""2022-06-01"" scheduled start time",,,,,,,pending,,,
1302350,2022-06-02,West Indies tour of Netherlands,bilateral_series,"VRA Ground, Amstelveen",Amstelveen,Netherlands,West Indies,"""Netherlands"" ""West Indies"" ""2022-06-02"" scheduled start time",,,,,,,pending,,,
1312802,2022-06-03,ICC Men's Cricket World Cup League 2,qualification_pathway,"Moosa Cricket Stadium, Pearland",Pearland,Scotland,United Arab Emirates,"""Scotland"" ""United Arab Emirates"" ""2022-06-03"" scheduled start time",,,,,,,pending,,,
1302351,2022-06-04,West Indies tour of Netherlands,bilateral_series,"VRA Ground, Amstelveen",Amstelveen,West Indies,Netherlands,"""West Indies"" ""Netherlands"" ""2022-06-04"" scheduled start time",,,,,,,pending,,,
1312803,2022-06-04,ICC Men's Cricket World Cup League 2,qualification_pathway,"Moosa Cricket Stadium, Pearland",Pearland,United States of America,United Arab Emirates,"""United States of America"" ""United Arab Emirates"" ""2022-06-04"" scheduled start time",,,,,,,pending,,,
1312804,2022-06-08,ICC Men's Cricket World Cup League 2,qualification_pathway,"Moosa Cricket Stadium, Pearland",Pearland,United States of America,Oman,"""United States of America"" ""Oman"" ""2022-06-08"" scheduled start time",,,,,,,pending,,,
1315038,2022-06-08,West Indies tour of Pakistan,bilateral_series,Multan Cricket Stadium,Multan,West Indies,Pakistan,"""West Indies"" ""Pakistan"" ""2022-06-08"" scheduled start time",,,,,,,pending,,,
1312805,2022-06-09,ICC Men's Cricket World Cup League 2,qualification_pathway,"Moosa Cricket Stadium, Pearland",Pearland,Oman,Nepal,"""Oman"" ""Nepal"" ""2022-06-09"" scheduled start time",,,,,,,pending,,,
1315039,2022-06-10,West Indies tour of Pakistan,bilateral_series,Multan Cricket Stadium,Multan,Pakistan,West Indies,"""Pakistan"" ""West Indies"" ""2022-06-10"" scheduled start time",,,,,,,pending,,,
1312807,2022-06-12,ICC Men's Cricket World Cup League 2,qualification_pathway,"Moosa Cricket Stadium, Pearland",Pearland,Oman,United States of America,"""Oman"" ""United States of America"" ""2022-06-12"" scheduled start time",,,,,,,pending,,,
1312808,2022-06-14,ICC Men's Cricket World Cup League 2,qualification_pathway,"Moosa Cricket Stadium, Pearland",Pearland,Oman,Nepal,"""Oman"" ""Nepal"" ""2022-06-14"" scheduled start time",,,,,,,pending,,,
1312809,2022-06-15,ICC Men's Cricket World Cup League 2,qualification_pathway,"Moosa Cricket Stadium, Pearland",Pearland,United States of America,Nepal,"""United States of America"" ""Nepal"" ""2022-06-15"" scheduled start time",,,,,,,pending,,,
1281444,2022-06-17,England tour of Netherlands,bilateral_series,"VRA Ground, Amstelveen",Amstelveen,England,Netherlands,"""England"" ""Netherlands"" ""2022-06-17"" scheduled start time",,,,,,,pending,,,
1281445,2022-06-19,England tour of Netherlands,bilateral_series,"VRA Ground, Amstelveen",Amstelveen,Netherlands,England,"""Netherlands"" ""England"" ""2022-06-19"" scheduled start time",,,,,,,pending,,,
1307298,2022-06-19,Australia tour of Sri Lanka,bilateral_series,"R Premadasa Stadium, Colombo",Colombo,Australia,Sri Lanka,"""Australia"" ""Sri Lanka"" ""2022-06-19"" scheduled start time",,,,,,,pending,,,
1307299,2022-06-21,Australia tour of Sri Lanka,bilateral_series,"R Premadasa Stadium, Colombo",Colombo,Sri Lanka,Australia,"""Sri Lanka"" ""Australia"" ""2022-06-21"" scheduled start time",,,,,,,pending,,,
1281446,2022-06-22,England tour of Netherlands,bilateral_series,"VRA Ground, Amstelveen",Amstelveen,Netherlands,England,"""Netherlands"" ""England"" ""2022-06-22"" scheduled start time",,,,,,,pending,,,
1307300,2022-06-24,Australia tour of Sri Lanka,bilateral_series,"R Premadasa Stadium, Colombo",Colombo,Sri Lanka,Australia,"""Sri Lanka"" ""Australia"" ""2022-06-24"" scheduled start time",,,,,,,pending,,,
1303309,2022-07-10,New Zealand tour of Ireland,bilateral_series,"The Village, Malahide, Dublin",Dublin,Ireland,New Zealand,"""Ireland"" ""New Zealand"" ""2022-07-10"" scheduled start time",,,,,,,pending,,,
1317152,2022-07-10,Bangladesh tour of West Indies,bilateral_series,"Providence Stadium, Guyana",Providence,West Indies,Bangladesh,"""West Indies"" ""Bangladesh"" ""2022-07-10"" scheduled start time",,,,,,,pending,,,
1322031,2022-07-11,ICC Men's Cricket World Cup League 2,qualification_pathway,"Cambusdoon New Ground, Ayr",Ayr,Namibia,Nepal,"""Namibia"" ""Nepal"" ""2022-07-11"" scheduled start time",,,,,,,pending,,,
1276907,2022-07-12,India tour of England,bilateral_series,"Kennington Oval, London",London,England,India,"""England"" ""India"" ""2022-07-12"" scheduled start time",,,,,,,pending,,,
1303310,2022-07-12,New Zealand tour of Ireland,bilateral_series,"The Village, Malahide, Dublin",Dublin,Ireland,New Zealand,"""Ireland"" ""New Zealand"" ""2022-07-12"" scheduled start time",,,,,,,pending,,,
1317153,2022-07-13,Bangladesh tour of West Indies,bilateral_series,"Providence Stadium, Guyana",Providence,West Indies,Bangladesh,"""West Indies"" ""Bangladesh"" ""2022-07-13"" scheduled start time",,,,,,,pending,,,
1322032,2022-07-13,ICC Men's Cricket World Cup League 2,qualification_pathway,"Titwood, Glasgow",Glasgow,Scotland,Nepal,"""Scotland"" ""Nepal"" ""2022-07-13"" scheduled start time",,,,,,,pending,,,
1276908,2022-07-14,India tour of England,bilateral_series,"Lord's, London",London,England,India,"""England"" ""India"" ""2022-07-14"" scheduled start time",,,,,,,pending,,,
1322033,2022-07-14,ICC Men's Cricket World Cup League 2,qualification_pathway,"Titwood, Glasgow",Glasgow,Namibia,Scotland,"""Namibia"" ""Scotland"" ""2022-07-14"" scheduled start time",,,,,,,pending,,,
1303311,2022-07-15,New Zealand tour of Ireland,bilateral_series,"The Village, Malahide, Dublin",Dublin,New Zealand,Ireland,"""New Zealand"" ""Ireland"" ""2022-07-15"" scheduled start time",,,,,,,pending,,,
1317154,2022-07-16,Bangladesh tour of West Indies,bilateral_series,"Providence Stadium, Guyana",Providence,West Indies,Bangladesh,"""West Indies"" ""Bangladesh"" ""2022-07-16"" scheduled start time",,,,,,,pending,,,
1322034,2022-07-16,ICC Men's Cricket World Cup League 2,qualification_pathway,"Cambusdoon New Ground, Ayr",Ayr,Namibia,Nepal,"""Namibia"" ""Nepal"" ""2022-07-16"" scheduled start time",,,,,,,pending,,,
1276909,2022-07-17,India tour of England,bilateral_series,"Old Trafford, Manchester",Manchester,England,India,"""England"" ""India"" ""2022-07-17"" scheduled start time",,,,,,,pending,,,
1322035,2022-07-17,ICC Men's Cricket World Cup League 2,qualification_pathway,"Titwood, Glasgow",Glasgow,Nepal,Scotland,"""Nepal"" ""Scotland"" ""2022-07-17"" scheduled start time",,,,,,,pending,,,
1276910,2022-07-19,South Africa tour of England,bilateral_series,"Riverside Ground, Chester-le-Street",Chester-le-Street,South Africa,England,"""South Africa"" ""England"" ""2022-07-19"" scheduled start time",,,,,,,pending,,,
1276911,2022-07-22,South Africa tour of England,bilateral_series,"Old Trafford, Manchester",Manchester,England,South Africa,"""England"" ""South Africa"" ""2022-07-22"" scheduled start time",,,,,,,pending,,,
1317900,2022-07-22,India tour of West Indies,bilateral_series,"Queen's Park Oval, Port of Spain, Trinidad",Port of Spain,India,West Indies,"""India"" ""West Indies"" ""2022-07-22"" scheduled start time",,,,,,,pending,,,
1317901,2022-07-24,India tour of West Indies,bilateral_series,"Queen's Park Oval, Port of Spain, Trinidad",Port of Spain,West Indies,India,"""West Indies"" ""India"" ""2022-07-24"" scheduled start time",,,,,,,pending,,,
1307479,2022-07-31,New Zealand tour of Scotland,bilateral_series,"Grange Cricket Club Ground, Raeburn Place, Edinburgh",Edinburgh,Scotland,New Zealand,"""Scotland"" ""New Zealand"" ""2022-07-31"" scheduled start time",,,,,,,pending,,,
1323292,2022-08-05,Bangladesh tour of Zimbabwe,bilateral_series,Harare Sports Club,Harare,Bangladesh,Zimbabwe,"""Bangladesh"" ""Zimbabwe"" ""2022-08-05"" scheduled start time",,,,,,,pending,,,
1323293,2022-08-07,Bangladesh tour of Zimbabwe,bilateral_series,Harare Sports Club,Harare,Bangladesh,Zimbabwe,"""Bangladesh"" ""Zimbabwe"" ""2022-08-07"" scheduled start time",,,,,,,pending,,,
1322036,2022-08-10,ICC Men's Cricket World Cup League 2,qualification_pathway,"Mannofield Park, Aberdeen",Aberdeen,Scotland,United Arab Emirates,"""Scotland"" ""United Arab Emirates"" ""2022-08-10"" scheduled start time",,,,,,,pending,,,
1323294,2022-08-10,Bangladesh tour of Zimbabwe,bilateral_series,Harare Sports Club,Harare,Bangladesh,Zimbabwe,"""Bangladesh"" ""Zimbabwe"" ""2022-08-10"" scheduled start time",,,,,,,pending,,,
1322037,2022-08-11,ICC Men's Cricket World Cup League 2,qualification_pathway,"Mannofield Park, Aberdeen",Aberdeen,United Arab Emirates,United States of America,"""United Arab Emirates"" ""United States of America"" ""2022-08-11"" scheduled start time",,,,,,,pending,,,
1322038,2022-08-13,ICC Men's Cricket World Cup League 2,qualification_pathway,"Mannofield Park, Aberdeen",Aberdeen,United States of America,Scotland,"""United States of America"" ""Scotland"" ""2022-08-13"" scheduled start time",,,,,,,pending,,,
1322039,2022-08-14,ICC Men's Cricket World Cup League 2,qualification_pathway,"Mannofield Park, Aberdeen",Aberdeen,Scotland,United Arab Emirates,"""Scotland"" ""United Arab Emirates"" ""2022-08-14"" scheduled start time",,,,,,,pending,,,
1311737,2022-08-16,Pakistan tour of Netherlands,bilateral_series,"Hazelaarweg, Rotterdam",Rotterdam,Pakistan,Netherlands,"""Pakistan"" ""Netherlands"" ""2022-08-16"" scheduled start time",,,,,,,pending,,,
1317911,2022-08-17,New Zealand tour of West Indies,bilateral_series,"Kensington Oval, Bridgetown, Barbados",Bridgetown,New Zealand,West Indies,"""New Zealand"" ""West Indies"" ""2022-08-17"" scheduled start time",,,,,,,pending,,,
1322041,2022-08-17,ICC Men's Cricket World Cup League 2,qualification_pathway,"Mannofield Park, Aberdeen",Aberdeen,Scotland,United States of America,"""Scotland"" ""United States of America"" ""2022-08-17"" scheduled start time",,,,,,,pending,,,
1311738,2022-08-18,Pakistan tour of Netherlands,bilateral_series,"Hazelaarweg, Rotterdam",Rotterdam,Netherlands,Pakistan,"""Netherlands"" ""Pakistan"" ""2022-08-18"" scheduled start time",,,,,,,pending,,,
1325549,2022-08-18,India tour of Zimbabwe,bilateral_series,Harare Sports Club,Harare,Zimbabwe,India,"""Zimbabwe"" ""India"" ""2022-08-18"" scheduled start time",,,,,,,pending,,,
1325550,2022-08-20,India tour of Zimbabwe,bilateral_series,Harare Sports Club,Harare,Zimbabwe,India,"""Zimbabwe"" ""India"" ""2022-08-20"" scheduled start time",,,,,,,pending,,,
1311739,2022-08-21,Pakistan tour of Netherlands,bilateral_series,"Hazelaarweg, Rotterdam",Rotterdam,Pakistan,Netherlands,"""Pakistan"" ""Netherlands"" ""2022-08-21"" scheduled start time",,,,,,,pending,,,
1317913,2022-08-21,New Zealand tour of West Indies,bilateral_series,"Kensington Oval, Bridgetown, Barbados",Bridgetown,West Indies,New Zealand,"""West Indies"" ""New Zealand"" ""2022-08-21"" scheduled start time",,,,,,,pending,,,
1325551,2022-08-22,India tour of Zimbabwe,bilateral_series,Harare Sports Club,Harare,India,Zimbabwe,"""India"" ""Zimbabwe"" ""2022-08-22"" scheduled start time",,,,,,,pending,,,
1317476,2022-08-28,Zimbabwe tour of Australia,bilateral_series,"Tony Ireland Stadium, Townsville",Townsville,Zimbabwe,Australia,"""Zimbabwe"" ""Australia"" ""2022-08-28"" scheduled start time",,,,,,,pending,,,
1317477,2022-08-31,Zimbabwe tour of Australia,bilateral_series,"Tony Ireland Stadium, Townsville",Townsville,Zimbabwe,Australia,"""Zimbabwe"" ""Australia"" ""2022-08-31"" scheduled start time",,,,,,,pending,,,
1317478,2022-09-03,Zimbabwe tour of Australia,bilateral_series,"Riverway Stadium, Townsville",Townsville,Australia,Zimbabwe,"""Australia"" ""Zimbabwe"" ""2022-09-03"" scheduled start time",,,,,,,pending,,,
1317479,2022-09-06,New Zealand tour of Australia,bilateral_series,"Cazaly's Stadium, Cairns",Cairns,New Zealand,Australia,"""New Zealand"" ""Australia"" ""2022-09-06"" scheduled start time",,,,,,,pending,,,
1317480,2022-09-08,New Zealand tour of Australia,bilateral_series,"Cazaly's Stadium, Cairns",Cairns,Australia,New Zealand,"""Australia"" ""New Zealand"" ""2022-09-08"" scheduled start time",,,,,,,pending,,,
1317481,2022-09-11,New Zealand tour of Australia,bilateral_series,"Cazaly's Stadium, Cairns",Cairns,Australia,New Zealand,"""Australia"" ""New Zealand"" ""2022-09-11"" scheduled start time",,,,,,,pending,,,
1331366,2022-09-13,ICC Men's Cricket World Cup League 2,qualification_pathway,"Amini Park, Port Moresby",Port Moresby,Papua New Guinea,United States of America,"""Papua New Guinea"" ""United States of America"" ""2022-09-13"" scheduled start time",,,,,,,pending,,,
1331367,2022-09-15,ICC Men's Cricket World Cup League 2,qualification_pathway,"Amini Park, Port Moresby",Port Moresby,Namibia,United States of America,"""Namibia"" ""United States of America"" ""2022-09-15"" scheduled start time",,,,,,,pending,,,
1331368,2022-09-17,ICC Men's Cricket World Cup League 2,qualification_pathway,"Amini Park, Port Moresby",Port Moresby,Namibia,United States of America,"""Namibia"" ""United States of America"" ""2022-09-17"" scheduled start time",,,,,,,pending,,,
1331369,2022-09-20,ICC Men's Cricket World Cup League 2,qualification_pathway,"Amini Park, Port Moresby",Port Moresby,Namibia,Papua New Guinea,"""Namibia"" ""Papua New Guinea"" ""2022-09-20"" scheduled start time",,,,,,,pending,,,
1331370,2022-09-21,ICC Men's Cricket World Cup League 2,qualification_pathway,"Amini Park, Port Moresby",Port Moresby,Namibia,Papua New Guinea,"""Namibia"" ""Papua New Guinea"" ""2022-09-21"" scheduled start time",,,,,,,pending,,,
1327509,2022-10-06,South Africa tour of India,bilateral_series,"Bharat Ratna Shri Atal Bihari Vajpayee Ekana Cricket Stadium, Lucknow",Lucknow,South Africa,India,"""South Africa"" ""India"" ""2022-10-06"" scheduled start time",,,,,,,pending,,,
1327510,2022-10-09,South Africa tour of India,bilateral_series,"JSCA International Stadium Complex, Ranchi",Ranchi,South Africa,India,"""South Africa"" ""India"" ""2022-10-09"" scheduled start time",,,,,,,pending,,,
1327511,2022-10-11,South Africa tour of India,bilateral_series,"Arun Jaitley Stadium, Delhi",Delhi,South Africa,India,"""South Africa"" ""India"" ""2022-10-11"" scheduled start time",,,,,,,pending,,,
1343683,2022-11-14,United Arab Emirates tour of Nepal,bilateral_series,"Tribhuvan University International Cricket Ground, Kirtipur",Kirtipur,United Arab Emirates,Nepal,"""United Arab Emirates"" ""Nepal"" ""2022-11-14"" scheduled start time",,,,,,,pending,,,
1343684,2022-11-16,United Arab Emirates tour of Nepal,bilateral_series,"Tribhuvan University International Cricket Ground, Kirtipur",Kirtipur,United Arab Emirates,Nepal,"""United Arab Emirates"" ""Nepal"" ""2022-11-16"" scheduled start time",,,,,,,pending,,,
1317489,2022-11-17,England tour of Australia,bilateral_series,Adelaide Oval,Adelaide,England,Australia,"""England"" ""Australia"" ""2022-11-17"" scheduled start time",,,,,,,pending,,,
1343685,2022-11-18,United Arab Emirates tour of Nepal,bilateral_series,"Tribhuvan University International Cricket Ground, Kirtipur",Kirtipur,United Arab Emirates,Nepal,"""United Arab Emirates"" ""Nepal"" ""2022-11-18"" scheduled start time",,,,,,,pending,,,
1317490,2022-11-19,England tour of Australia,bilateral_series,Sydney Cricket Ground,Sydney,Australia,England,"""Australia"" ""England"" ""2022-11-19"" scheduled start time",,,,,,,pending,,,
1341969,2022-11-19,ICC Men's Cricket World Cup League 2,qualification_pathway,"Wanderers Cricket Ground, Windhoek",Windhoek,Papua New Guinea,Namibia,"""Papua New Guinea"" ""Namibia"" ""2022-11-19"" scheduled start time",,,,,,,pending,,,
1341970,2022-11-20,ICC Men's Cricket World Cup League 2,qualification_pathway,"Wanderers Cricket Ground, Windhoek",Windhoek,United States of America,Namibia,"""United States of America"" ""Namibia"" ""2022-11-20"" scheduled start time",,,,,,,pending,,,
1341971,2022-11-22,ICC Men's Cricket World Cup League 2,qualification_pathway,"Wanderers Cricket Ground, Windhoek",Windhoek,Papua New Guinea,United States of America,"""Papua New Guinea"" ""United States of America"" ""2022-11-22"" scheduled start time",,,,,,,pending,,,
1341972,2022-11-23,ICC Men's Cricket World Cup League 2,qualification_pathway,"Wanderers Cricket Ground, Windhoek",Windhoek,Papua New Guinea,Namibia,"""Papua New Guinea"" ""Namibia"" ""2022-11-23"" scheduled start time",,,,,,,pending,,,
1322278,2022-11-25,India tour of New Zealand,bilateral_series,"Eden Park, Auckland",Auckland,India,New Zealand,"""India"" ""New Zealand"" ""2022-11-25"" scheduled start time",,,,,,,pending,,,
1341973,2022-11-25,ICC Men's Cricket World Cup League 2,qualification_pathway,"Wanderers Cricket Ground, Windhoek",Windhoek,United States of America,Papua New Guinea,"""United States of America"" ""Papua New Guinea"" ""2022-11-25"" scheduled start time",,,,,,,pending,,,
1341974,2022-11-26,ICC Men's Cricket World Cup League 2,qualification_pathway,"Wanderers Cricket Ground, Windhoek",Windhoek,United States of America,Namibia,"""United States of America"" ""Namibia"" ""2022-11-26"" scheduled start time",,,,,,,pending,,,
1341975,2022-12-01,ICC Men's Cricket World Cup League 2,qualification_pathway,"United Cricket Club Ground, Windhoek",Windhoek,Namibia,Scotland,"""Namibia"" ""Scotland"" ""2022-12-01"" scheduled start time",,,,,,,pending,,,
1340845,2022-12-04,India tour of Bangladesh,bilateral_series,"Shere Bangla National Stadium, Mirpur",Dhaka,India,Bangladesh,"""India"" ""Bangladesh"" ""2022-12-04"" scheduled start time",,,,,,,pending,,,
1341977,2022-12-04,ICC Men's Cricket World Cup League 2,qualification_pathway,"United Cricket Club Ground, Windhoek",Windhoek,Nepal,Scotland,"""Nepal"" ""Scotland"" ""2022-12-04"" scheduled start time",,,,,,,pending,,,
1341978,2022-12-05,ICC Men's Cricket World Cup League 2,qualification_pathway,"United Cricket Club Ground, Windhoek",Windhoek,Scotland,Namibia,"""Scotland"" ""Namibia"" ""2022-12-05"" scheduled start time",,,,,,,pending,,,
1340846,2022-12-07,India tour of Bangladesh,bilateral_series,"Shere Bangla National Stadium, Mirpur",Dhaka,Bangladesh,India,"""Bangladesh"" ""India"" ""2022-12-07"" scheduled start time",,,,,,,pending,,,
1341979,2022-12-07,ICC Men's Cricket World Cup League 2,qualification_pathway,"United Cricket Club Ground, Windhoek",Windhoek,Namibia,Nepal,"""Namibia"" ""Nepal"" ""2022-12-07"" scheduled start time",,,,,,,pending,,,
1341980,2022-12-08,ICC Men's Cricket World Cup League 2,qualification_pathway,"United Cricket Club Ground, Windhoek",Windhoek,Nepal,Scotland,"""Nepal"" ""Scotland"" ""2022-12-08"" scheduled start time",,,,,,,pending,,,
1340847,2022-12-10,India tour of Bangladesh,bilateral_series,"Zahur Ahmed Chowdhury Stadium, Chattogram",Chattogram,India,Bangladesh,"""India"" ""Bangladesh"" ""2022-12-10"" scheduled start time",,,,,,,pending,,,
1339611,2023-01-09,New Zealand tour of Pakistan,bilateral_series,"National Stadium, Karachi",Karachi,New Zealand,Pakistan,"""New Zealand"" ""Pakistan"" ""2023-01-09"" scheduled start time",,,,,,,pending,,,
1348643,2023-01-10,Sri Lanka tour of India,bilateral_series,"Barsapara Cricket Stadium, Guwahati",Guwahati,India,Sri Lanka,"""India"" ""Sri Lanka"" ""2023-01-10"" scheduled start time",,,,,,,pending,,,
1339612,2023-01-11,New Zealand tour of Pakistan,bilateral_series,"National Stadium, Karachi",Karachi,New Zealand,Pakistan,"""New Zealand"" ""Pakistan"" ""2023-01-11"" scheduled start time",,,,,,,pending,,,
1348644,2023-01-12,Sri Lanka tour of India,bilateral_series,"Eden Gardens, Kolkata",Kolkata,Sri Lanka,India,"""Sri Lanka"" ""India"" ""2023-01-12"" scheduled start time",,,,,,,pending,,,
1339613,2023-01-13,New Zealand tour of Pakistan,bilateral_series,"National Stadium, Karachi",Karachi,Pakistan,New Zealand,"""Pakistan"" ""New Zealand"" ""2023-01-13"" scheduled start time",,,,,,,pending,,,
1348645,2023-01-15,Sri Lanka tour of India,bilateral_series,"Greenfield International Stadium, Thiruvananthapuram",Thiruvananthapuram,India,Sri Lanka,"""India"" ""Sri Lanka"" ""2023-01-15"" scheduled start time",,,,,,,pending,,,
1348646,2023-01-18,New Zealand tour of India,bilateral_series,"Rajiv Gandhi International Stadium, Uppal, Hyderabad",Hyderabad,India,New Zealand,"""India"" ""New Zealand"" ""2023-01-18"" scheduled start time",,,,,,,pending,,,
1348327,2023-01-21,Ireland tour of Zimbabwe,bilateral_series,Harare Sports Club,Harare,Ireland,Zimbabwe,"""Ireland"" ""Zimbabwe"" ""2023-01-21"" scheduled start time",,,,,,,pending,,,
1348647,2023-01-21,New Zealand tour of India,bilateral_series,"Shaheed Veer Narayan Singh International Stadium, Raipur",Raipur,New Zealand,India,"""New Zealand"" ""India"" ""2023-01-21"" scheduled start time",,,,,,,pending,,,
1348648,2023-01-24,New Zealand tour of India,bilateral_series,"Holkar Cricket Stadium, Indore",Indore,India,New Zealand,"""India"" ""New Zealand"" ""2023-01-24"" scheduled start time",,,,,,,pending,,,
1339595,2023-01-27,England tour of South Africa,bilateral_series,"Mangaung Oval, Bloemfontein",Bloemfontein,South Africa,England,"""South Africa"" ""England"" ""2023-01-27"" scheduled start time",,,,,,,pending,,,
1339596,2023-01-29,England tour of South Africa,bilateral_series,"Mangaung Oval, Bloemfontein",Bloemfontein,England,South Africa,"""England"" ""South Africa"" ""2023-01-29"" scheduled start time",,,,,,,pending,,,
1339597,2023-02-01,England tour of South Africa,bilateral_series,"Diamond Oval, Kimberley",Kimberley,England,South Africa,"""England"" ""South Africa"" ""2023-02-01"" scheduled start time",,,,,,,pending,,,
1358073,2023-02-14,ICC Men's Cricket World Cup League 2,qualification_pathway,"Tribhuvan University International Cricket Ground, Kirtipur",Kirtipur,Namibia,Nepal,"""Namibia"" ""Nepal"" ""2023-02-14"" scheduled start time",,,,,,,pending,,,
1358074,2023-02-15,ICC Men's Cricket World Cup League 2,qualification_pathway,"Tribhuvan University International Cricket Ground, Kirtipur",Kirtipur,Namibia,Scotland,"""Namibia"" ""Scotland"" ""2023-02-15"" scheduled start time",,,,,,,pending,,,
1358075,2023-02-17,ICC Men's Cricket World Cup League 2,qualification_pathway,"Tribhuvan University International Cricket Ground, Kirtipur",Kirtipur,Scotland,Nepal,"""Scotland"" ""Nepal"" ""2023-02-17"" scheduled start time",,,,,,,pending,,,
1358076,2023-02-18,ICC Men's Cricket World Cup League 2,qualification_pathway,"Tribhuvan University International Cricket Ground, Kirtipur",Kirtipur,Namibia,Nepal,"""Namibia"" ""Nepal"" ""2023-02-18"" scheduled start time",,,,,,,pending,,,
1358077,2023-02-20,ICC Men's Cricket World Cup League 2,qualification_pathway,"Tribhuvan University International Cricket Ground, Kirtipur",Kirtipur,Scotland,Namibia,"""Scotland"" ""Namibia"" ""2023-02-20"" scheduled start time",,,,,,,pending,,,
1358078,2023-02-21,ICC Men's Cricket World Cup League 2,qualification_pathway,"Tribhuvan University International Cricket Ground, Kirtipur",Kirtipur,Scotland,Nepal,"""Scotland"" ""Nepal"" ""2023-02-21"" scheduled start time",,,,,,,pending,,,
1358079,2023-02-23,ICC Men's Cricket World Cup League 2,qualification_pathway,Dubai International Cricket Stadium,Dubai,Namibia,United Arab Emirates,"""Namibia"" ""United Arab Emirates"" ""2023-02-23"" scheduled start time",,,,,,,pending,,,
1358080,2023-02-25,ICC Men's Cricket World Cup League 2,qualification_pathway,Dubai International Cricket Stadium,Dubai,United Arab Emirates,Namibia,"""United Arab Emirates"" ""Namibia"" ""2023-02-25"" scheduled start time",,,,,,,pending,,,
1358082,2023-02-28,ICC Men's Cricket World Cup League 2,qualification_pathway,Dubai International Cricket Stadium,Dubai,Papua New Guinea,United Arab Emirates,"""Papua New Guinea"" ""United Arab Emirates"" ""2023-02-28"" scheduled start time",,,,,,,pending,,,
1351397,2023-03-01,England tour of Bangladesh,bilateral_series,"Shere Bangla National Stadium, Mirpur",Dhaka,Bangladesh,England,"""Bangladesh"" ""England"" ""2023-03-01"" scheduled start time",,,,,,,pending,,,
1358083,2023-03-02,ICC Men's Cricket World Cup League 2,qualification_pathway,Dubai International Cricket Stadium,Dubai,United Arab Emirates,Nepal,"""United Arab Emirates"" ""Nepal"" ""2023-03-02"" scheduled start time",,,,,,,pending,,,
1351398,2023-03-03,England tour of Bangladesh,bilateral_series,"Shere Bangla National Stadium, Mirpur",Dhaka,England,Bangladesh,"""England"" ""Bangladesh"" ""2023-03-03"" scheduled start time",,,,,,,pending,,,
1358084,2023-03-03,ICC Men's Cricket World Cup League 2,qualification_pathway,Dubai International Cricket Stadium,Dubai,Papua New Guinea,Nepal,"""Papua New Guinea"" ""Nepal"" ""2023-03-03"" scheduled start time",,,,,,,pending,,,
1358085,2023-03-05,ICC Men's Cricket World Cup League 2,qualification_pathway,Dubai International Cricket Stadium,Dubai,United Arab Emirates,Papua New Guinea,"""United Arab Emirates"" ""Papua New Guinea"" ""2023-03-05"" scheduled start time",,,,,,,pending,,,
1351399,2023-03-06,England tour of Bangladesh,bilateral_series,"Zahur Ahmed Chowdhury Stadium, Chattogram",Chattogram,Bangladesh,England,"""Bangladesh"" ""England"" ""2023-03-06"" scheduled start time",,,,,,,pending,,,
1358086,2023-03-06,ICC Men's Cricket World Cup League 2,qualification_pathway,Dubai International Cricket Stadium,Dubai,Nepal,United Arab Emirates,"""Nepal"" ""United Arab Emirates"" ""2023-03-06"" scheduled start time",,,,,,,pending,,,
1358087,2023-03-09,ICC Men's Cricket World Cup League 2,qualification_pathway,"Tribhuvan University International Cricket Ground, Kirtipur",Kirtipur,Nepal,Papua New Guinea,"""Nepal"" ""Papua New Guinea"" ""2023-03-09"" scheduled start time",,,,,,,pending,,,
1358088,2023-03-10,ICC Men's Cricket World Cup League 2,qualification_pathway,"Tribhuvan University International Cricket Ground, Kirtipur",Kirtipur,Papua New Guinea,United Arab Emirates,"""Papua New Guinea"" ""United Arab Emirates"" ""2023-03-10"" scheduled start time",,,,,,,pending,,,
1358089,2023-03-12,ICC Men's Cricket World Cup League 2,qualification_pathway,"Tribhuvan University International Cricket Ground, Kirtipur",Kirtipur,Nepal,United Arab Emirates,"""Nepal"" ""United Arab Emirates"" ""2023-03-12"" scheduled start time",,,,,,,pending,,,
1358091,2023-03-15,ICC Men's Cricket World Cup League 2,qualification_pathway,"Tribhuvan University International Cricket Ground, Kirtipur",Kirtipur,Papua New Guinea,United Arab Emirates,"""Papua New Guinea"" ""United Arab Emirates"" ""2023-03-15"" scheduled start time",,,,,,,pending,,,
1348656,2023-03-17,Australia tour of India,bilateral_series,"Wankhede Stadium, Mumbai",Mumbai,Australia,India,"""Australia"" ""India"" ""2023-03-17"" scheduled start time",,,,,,,pending,,,
1339602,2023-03-18,West Indies tour of South Africa,bilateral_series,"Buffalo Park, East London",East London,West Indies,South Africa,"""West Indies"" ""South Africa"" ""2023-03-18"" scheduled start time",,,,,,,pending,,,
1355717,2023-03-18,Ireland tour of Bangladesh,bilateral_series,Sylhet International Cricket Stadium,Sylhet,Bangladesh,Ireland,"""Bangladesh"" ""Ireland"" ""2023-03-18"" scheduled start time",,,,,,,pending,,,
1348657,2023-03-19,Australia tour of India,bilateral_series,"Dr. Y.S. Rajasekhara Reddy ACA-VDCA Cricket Stadium, Visakhapatnam",Visakhapatnam,India,Australia,"""India"" ""Australia"" ""2023-03-19"" scheduled start time",,,,,,,pending,,,
1339603,2023-03-21,West Indies tour of South Africa,bilateral_series,"Senwes Park, Potchefstroom",Potchefstroom,West Indies,South Africa,"""West Indies"" ""South Africa"" ""2023-03-21"" scheduled start time",,,,,,,pending,,,
1362379,2023-03-21,Netherlands tour of Zimbabwe,bilateral_series,Harare Sports Club,Harare,Zimbabwe,Netherlands,"""Zimbabwe"" ""Netherlands"" ""2023-03-21"" scheduled start time",,,,,,,pending,,,
1348658,2023-03-22,Australia tour of India,bilateral_series,"MA Chidambaram Stadium, Chepauk, Chennai",Chennai,Australia,India,"""Australia"" ""India"" ""2023-03-22"" scheduled start time",,,,,,,pending,,,
1355719,2023-03-23,Ireland tour of Bangladesh,bilateral_series,Sylhet International Cricket Stadium,Sylhet,Ireland,Bangladesh,"""Ireland"" ""Bangladesh"" ""2023-03-23"" scheduled start time",,,,,,,pending,,,
1362380,2023-03-23,Netherlands tour of Zimbabwe,bilateral_series,Harare Sports Club,Harare,Zimbabwe,Netherlands,"""Zimbabwe"" ""Netherlands"" ""2023-03-23"" scheduled start time",,,,,,,pending,,,
1322359,2023-03-25,Sri Lanka tour of New Zealand,bilateral_series,"Eden Park, Auckland",Auckland,New Zealand,Sri Lanka,"""New Zealand"" ""Sri Lanka"" ""2023-03-25"" scheduled start time",,,,,,,pending,,,
1362381,2023-03-25,Netherlands tour of Zimbabwe,bilateral_series,Harare Sports Club,Harare,Netherlands,Zimbabwe,"""Netherlands"" ""Zimbabwe"" ""2023-03-25"" scheduled start time",,,,,,,pending,,,
1365092,2023-03-26,ICC Cricket World Cup Qualifier Play-off,qualification_pathway,"Wanderers Cricket Ground, Windhoek",Windhoek,United States of America,Namibia,"""United States of America"" ""Namibia"" ""2023-03-26"" scheduled start time",,,,,,,pending,,,
1365093,2023-03-27,ICC Cricket World Cup Qualifier Play-off,qualification_pathway,"Wanderers Cricket Ground, Windhoek",Windhoek,United Arab Emirates,Papua New Guinea,"""United Arab Emirates"" ""Papua New Guinea"" ""2023-03-27"" scheduled start time",,,,,,,pending,,,
1365095,2023-03-29,ICC Cricket World Cup Qualifier Play-off,qualification_pathway,"Wanderers Cricket Ground, Windhoek",Windhoek,Canada,United States of America,"""Canada"" ""United States of America"" ""2023-03-29"" scheduled start time",,,,,,,pending,,,
1365097,2023-03-30,ICC Cricket World Cup Qualifier Play-off,qualification_pathway,"Wanderers Cricket Ground, Windhoek",Windhoek,Jersey,Namibia,"""Jersey"" ""Namibia"" ""2023-03-30"" scheduled start time",,,,,,,pending,,,
1365098,2023-03-30,ICC Cricket World Cup Qualifier Play-off,qualification_pathway,"United Cricket Club Ground, Windhoek",Windhoek,United Arab Emirates,United States of America,"""United Arab Emirates"" ""United States of America"" ""2023-03-30"" scheduled start time",,,,,,,pending,,,
1322361,2023-03-31,Sri Lanka tour of New Zealand,bilateral_series,"Seddon Park, Hamilton",Hamilton,Sri Lanka,New Zealand,"""Sri Lanka"" ""New Zealand"" ""2023-03-31"" scheduled start time",,,,,,,pending,,,
1339607,2023-03-31,Netherlands tour of South Africa,bilateral_series,"Willowmoore Park, Benoni",Benoni,Netherlands,South Africa,"""Netherlands"" ""South Africa"" ""2023-03-31"" scheduled start time",,,,,,,pending,,,
1365099,2023-04-01,ICC Cricket World Cup Qualifier Play-off,qualification_pathway,"Wanderers Cricket Ground, Windhoek",Windhoek,Canada,United Arab Emirates,"""Canada"" ""United Arab Emirates"" ""2023-04-01"" scheduled start time",,,,,,,pending,,,
1365100,2023-04-01,ICC Cricket World Cup Qualifier Play-off,qualification_pathway,"United Cricket Club Ground, Windhoek",Windhoek,Jersey,Papua New Guinea,"""Jersey"" ""Papua New Guinea"" ""2023-04-01"" scheduled start time",,,,,,,pending,,,
1339608,2023-04-02,Netherlands tour of South Africa,bilateral_series,"The Wanderers Stadium, Johannesburg",Johannesburg,South Africa,Netherlands,"""South Africa"" ""Netherlands"" ""2023-04-02"" scheduled start time",,,,,,,pending,,,
1365101,2023-04-02,ICC Cricket World Cup Qualifier Play-off,qualification_pathway,"Wanderers Cricket Ground, Windhoek",Windhoek,United States of America,Papua New Guinea,"""United States of America"" ""Papua New Guinea"" ""2023-04-02"" scheduled start time",,,,,,,pending,,,
1365102,2023-04-02,ICC Cricket World Cup Qualifier Play-off,qualification_pathway,"United Cricket Club Ground, Windhoek",Windhoek,United Arab Emirates,Namibia,"""United Arab Emirates"" ""Namibia"" ""2023-04-02"" scheduled start time",,,,,,,pending,,,
1365103,2023-04-04,ICC Cricket World Cup Qualifier Play-off,qualification_pathway,"Wanderers Cricket Ground, Windhoek",Windhoek,Namibia,Canada,"""Namibia"" ""Canada"" ""2023-04-04"" scheduled start time",,,,,,,pending,,,
1365104,2023-04-04,ICC Cricket World Cup Qualifier Play-off,qualification_pathway,"United Cricket Club Ground, Windhoek",Windhoek,United States of America,Jersey,"""United States of America"" ""Jersey"" ""2023-04-04"" scheduled start time",,,,,,,pending,,,
1365105,2023-04-05,ICC Cricket World Cup Qualifier Play-off,qualification_pathway,"Wanderers Cricket Ground, Windhoek",Windhoek,United Arab Emirates,Jersey,"""United Arab Emirates"" ""Jersey"" ""2023-04-05"" scheduled start time",,,,,,,pending,,,
1365106,2023-04-05,ICC Cricket World Cup Qualifier Play-off,qualification_pathway,"United Cricket Club Ground, Windhoek",Windhoek,Canada,Papua New Guinea,"""Canada"" ""Papua New Guinea"" ""2023-04-05"" scheduled start time",,,,,,,pending,,,
1367985,2023-04-21,ACC Men's Premier Cup,other_odi,"Tribhuvan University International Cricket Ground, Kirtipur",Kirtipur,Nepal,Oman,"""Nepal"" ""Oman"" ""2023-04-21"" scheduled start time",,,,,,,pending,,,
1339619,2023-04-27,New Zealand tour of Pakistan,bilateral_series,Rawalpindi Cricket Stadium,Rawalpindi,New Zealand,Pakistan,"""New Zealand"" ""Pakistan"" ""2023-04-27"" scheduled start time",,,,,,,pending,,,
1339620,2023-04-29,New Zealand tour of Pakistan,bilateral_series,Rawalpindi Cricket Stadium,Rawalpindi,New Zealand,Pakistan,"""New Zealand"" ""Pakistan"" ""2023-04-29"" scheduled start time",,,,,,,pending,,,
1368002,2023-05-01,ACC Men's Premier Cup,other_odi,"Tribhuvan University International Cricket Ground, Kirtipur",Kirtipur,United Arab Emirates,Nepal,"""United Arab Emirates"" ""Nepal"" ""2023-05-01"" scheduled start time",,,,,,,pending,,,
1339621,2023-05-03,New Zealand tour of Pakistan,bilateral_series,"National Stadium, Karachi",Karachi,Pakistan,New Zealand,"""Pakistan"" ""New Zealand"" ""2023-05-03"" scheduled start time",,,,,,,pending,,,
1339622,2023-05-05,New Zealand tour of Pakistan,bilateral_series,"National Stadium, Karachi",Karachi,Pakistan,New Zealand,"""Pakistan"" ""New Zealand"" ""2023-05-05"" scheduled start time",,,,,,,pending,,,
1339623,2023-05-07,New Zealand tour of Pakistan,bilateral_series,"National Stadium, Karachi",Karachi,New Zealand,Pakistan,"""New Zealand"" ""Pakistan"" ""2023-05-07"" scheduled start time",,,,,,,pending,,,
1364125,2023-05-12,ICC Men's Cricket World Cup Super League,qualification_pathway,"County Ground, Chelmsford",Chelmsford,Ireland,Bangladesh,"""Ireland"" ""Bangladesh"" ""2023-05-12"" scheduled start time",,,,,,,pending,,,
1365552,2023-05-14,ICC Men's Cricket World Cup Super League,qualification_pathway,"County Ground, Chelmsford",Chelmsford,Bangladesh,Ireland,"""Bangladesh"" ""Ireland"" ""2023-05-14"" scheduled start time",,,,,,,pending,,,
1377005,2023-06-04,West Indies tour of United Arab Emirates,bilateral_series,Sharjah Cricket Stadium,Sharjah,United Arab Emirates,West Indies,"""United Arab Emirates"" ""West Indies"" ""2023-06-04"" scheduled start time",,,,,,,pending,,,
1377006,2023-06-06,West Indies tour of United Arab Emirates,bilateral_series,Sharjah Cricket Stadium,Sharjah,West Indies,United Arab Emirates,"""West Indies"" ""United Arab Emirates"" ""2023-06-06"" scheduled start time",,,,,,,pending,,,
1377007,2023-06-09,West Indies tour of United Arab Emirates,bilateral_series,Sharjah Cricket Stadium,Sharjah,United Arab Emirates,West Indies,"""United Arab Emirates"" ""West Indies"" ""2023-06-09"" scheduled start time",,,,,,,pending,,,
1377746,2023-06-18,ICC Cricket World Cup Qualifier,qualification_pathway,Harare Sports Club,Harare,Nepal,Zimbabwe,"""Nepal"" ""Zimbabwe"" ""2023-06-18"" scheduled start time",,,,,,,pending,,,
1377747,2023-06-18,ICC Cricket World Cup Qualifier,qualification_pathway,"Takashinga Sports Club, Highfield, Harare",Harare,West Indies,United States of America,"""West Indies"" ""United States of America"" ""2023-06-18"" scheduled start time",,,,,,,pending,,,
1377748,2023-06-19,ICC Cricket World Cup Qualifier,qualification_pathway,"Queens Sports Club, Bulawayo",Bulawayo,Sri Lanka,United Arab Emirates,"""Sri Lanka"" ""United Arab Emirates"" ""2023-06-19"" scheduled start time",,,,,,,pending,,,
1377749,2023-06-19,ICC Cricket World Cup Qualifier,qualification_pathway,Bulawayo Athletic Club,Bulawayo,Ireland,Oman,"""Ireland"" ""Oman"" ""2023-06-19"" scheduled start time",,,,,,,pending,,,
1377750,2023-06-20,ICC Cricket World Cup Qualifier,qualification_pathway,Harare Sports Club,Harare,Netherlands,Zimbabwe,"""Netherlands"" ""Zimbabwe"" ""2023-06-20"" scheduled start time",,,,,,,pending,,,
1377751,2023-06-20,ICC Cricket World Cup Qualifier,qualification_pathway,"Takashinga Sports Club, Highfield, Harare",Harare,United States of America,Nepal,"""United States of America"" ""Nepal"" ""2023-06-20"" scheduled start time",,,,,,,pending,,,
1377752,2023-06-21,ICC Cricket World Cup Qualifier,qualification_pathway,"Queens Sports Club, Bulawayo",Bulawayo,Ireland,Scotland,"""Ireland"" ""Scotland"" ""2023-06-21"" scheduled start time",,,,,,,pending,,,
1377753,2023-06-21,ICC Cricket World Cup Qualifier,qualification_pathway,Bulawayo Athletic Club,Bulawayo,United Arab Emirates,Oman,"""United Arab Emirates"" ""Oman"" ""2023-06-21"" scheduled start time",,,,,,,pending,,,
1377754,2023-06-22,ICC Cricket World Cup Qualifier,qualification_pathway,Harare Sports Club,Harare,West Indies,Nepal,"""West Indies"" ""Nepal"" ""2023-06-22"" scheduled start time",,,,,,,pending,,,
1377755,2023-06-22,ICC Cricket World Cup Qualifier,qualification_pathway,"Takashinga Sports Club, Highfield, Harare",Harare,United States of America,Netherlands,"""United States of America"" ""Netherlands"" ""2023-06-22"" scheduled start time",,,,,,,pending,,,
1377756,2023-06-23,ICC Cricket World Cup Qualifier,qualification_pathway,"Queens Sports Club, Bulawayo",Bulawayo,Oman,Sri Lanka,"""Oman"" ""Sri Lanka"" ""2023-06-23"" scheduled start time",,,,,,,pending,,,
1377757,2023-06-23,ICC Cricket World Cup Qualifier,qualification_pathway,Bulawayo Athletic Club,Bulawayo,Scotland,United Arab Emirates,"""Scotland"" ""United Arab Emirates"" ""2023-06-23"" scheduled start time",,,,,,,pending,,,
1377758,2023-06-24,ICC Cricket World Cup Qualifier,qualification_pathway,Harare Sports Club,Harare,Zimbabwe,West Indies,"""Zimbabwe"" ""West Indies"" ""2023-06-24"" scheduled start time",,,,,,,pending,,,
1377759,2023-06-24,ICC Cricket World Cup Qualifier,qualification_pathway,"Takashinga Sports Club, Highfield, Harare",Harare,Nepal,Netherlands,"""Nepal"" ""Netherlands"" ""2023-06-24"" scheduled start time",,,,,,,pending,,,
1377760,2023-06-25,ICC Cricket World Cup Qualifier,qualification_pathway,"Queens Sports Club, Bulawayo",Bulawayo,Sri Lanka,Ireland,"""Sri Lanka"" ""Ireland"" ""2023-06-25"" scheduled start time",,,,,,,pending,,,
1377761,2023-06-25,ICC Cricket World Cup Qualifier,qualification_pathway,Bulawayo Athletic Club,Bulawayo,Scotland,Oman,"""Scotland"" ""Oman"" ""2023-06-25"" scheduled start time",,,,,,,pending,,,
1377762,2023-06-26,ICC Cricket World Cup Qualifier,qualification_pathway,Harare Sports Club,Harare,Zimbabwe,United States of America,"""Zimbabwe"" ""United States of America"" ""2023-06-26"" scheduled start time",,,,,,,pending,,,
1377764,2023-06-27,ICC Cricket World Cup Qualifier,qualification_pathway,"Queens Sports Club, Bulawayo",Bulawayo,Sri Lanka,Scotland,"""Sri Lanka"" ""Scotland"" ""2023-06-27"" scheduled start time",,,,,,,pending,,,
1377765,2023-06-27,ICC Cricket World Cup Qualifier,qualification_pathway,Bulawayo Athletic Club,Bulawayo,Ireland,United Arab Emirates,"""Ireland"" ""United Arab Emirates"" ""2023-06-27"" scheduled start time",,,,,,,pending,,,
1377766,2023-06-29,ICC Cricket World Cup Qualifier,qualification_pathway,"Queens Sports Club, Bulawayo",Bulawayo,Zimbabwe,Oman,"""Zimbabwe"" ""Oman"" ""2023-06-29"" scheduled start time",,,,,,,pending,,,
1377767,2023-06-30,ICC Cricket World Cup Qualifier,qualification_pathway,"Queens Sports Club, Bulawayo",Bulawayo,Sri Lanka,Netherlands,"""Sri Lanka"" ""Netherlands"" ""2023-06-30"" scheduled start time",,,,,,,pending,,,
1377768,2023-06-30,ICC Cricket World Cup Qualifier,qualification_pathway,"Takashinga Sports Club, Highfield, Harare",Harare,United States of America,Ireland,"""United States of America"" ""Ireland"" ""2023-06-30"" scheduled start time",,,,,,,pending,,,
1377769,2023-07-01,ICC Cricket World Cup Qualifier,qualification_pathway,Harare Sports Club,Harare,West Indies,Scotland,"""West Indies"" ""Scotland"" ""2023-07-01"" scheduled start time",,,,,,,pending,,,
1377770,2023-07-02,ICC Cricket World Cup Qualifier,qualification_pathway,"Queens Sports Club, Bulawayo",Bulawayo,Zimbabwe,Sri Lanka,"""Zimbabwe"" ""Sri Lanka"" ""2023-07-02"" scheduled start time",,,,,,,pending,,,
1377771,2023-07-02,ICC Cricket World Cup Qualifier,qualification_pathway,"Takashinga Sports Club, Highfield, Harare",Harare,United Arab Emirates,Nepal,"""United Arab Emirates"" ""Nepal"" ""2023-07-02"" scheduled start time",,,,,,,pending,,,
1377773,2023-07-04,ICC Cricket World Cup Qualifier,qualification_pathway,"Queens Sports Club, Bulawayo",Bulawayo,Scotland,Zimbabwe,"""Scotland"" ""Zimbabwe"" ""2023-07-04"" scheduled start time",,,,,,,pending,,,
1377774,2023-07-04,ICC Cricket World Cup Qualifier,qualification_pathway,"Takashinga Sports Club, Highfield, Harare",Harare,Nepal,Ireland,"""Nepal"" ""Ireland"" ""2023-07-04"" scheduled start time",,,,,,,pending,,,
1377775,2023-07-05,ICC Cricket World Cup Qualifier,qualification_pathway,Harare Sports Club,Harare,Oman,West Indies,"""Oman"" ""West Indies"" ""2023-07-05"" scheduled start time",,,,,,,pending,,,
1377776,2023-07-06,ICC Cricket World Cup Qualifier,qualification_pathway,"Queens Sports Club, Bulawayo",Bulawayo,Scotland,Netherlands,"""Scotland"" ""Netherlands"" ""2023-07-06"" scheduled start time",,,,,,,pending,,,
1377777,2023-07-06,ICC Cricket World Cup Qualifier,qualification_pathway,"Takashinga Sports Club, Highfield, Harare",Harare,United Arab Emirates,United States of America,"""United Arab Emirates"" ""United States of America"" ""2023-07-06"" scheduled start time",,,,,,,pending,,,
1377778,2023-07-07,ICC Cricket World Cup Qualifier,qualification_pathway,Harare Sports Club,Harare,West Indies,Sri Lanka,"""West Indies"" ""Sri Lanka"" ""2023-07-07"" scheduled start time",,,,,,,pending,,,
1377779,2023-07-09,ICC Cricket World Cup Qualifier,qualification_pathway,Harare Sports Club,Harare,Sri Lanka,Netherlands,"""Sri Lanka"" ""Netherlands"" ""2023-07-09"" scheduled start time",,,,,,,pending,,,
1381214,2023-07-27,India tour of West Indies,bilateral_series,"Kensington Oval, Bridgetown, Barbados",Bridgetown,West Indies,India,"""West Indies"" ""India"" ""2023-07-27"" scheduled start time",,,,,,,pending,,,
1381215,2023-07-29,India tour of West Indies and United States of America,bilateral_series,"Kensington Oval, Bridgetown, Barbados",Bridgetown,India,West Indies,"""India"" ""West Indies"" ""2023-07-29"" scheduled start time",,,,,,,pending,,,
1381216,2023-08-01,India tour of West Indies and United States of America,bilateral_series,"Brian Lara Stadium, Tarouba, Trinidad",Tarouba,India,West Indies,"""India"" ""West Indies"" ""2023-08-01"" scheduled start time",,,,,,,pending,,,
1388392,2023-08-30,Asia Cup,continental_cup,Multan Cricket Stadium,Multan,Pakistan,Nepal,"""Pakistan"" ""Nepal"" ""2023-08-30"" scheduled start time",,,,,,,pending,,,
1388393,2023-08-31,Asia Cup,continental_cup,Pallekele International Cricket Stadium,Kandy,Bangladesh,Sri Lanka,"""Bangladesh"" ""Sri Lanka"" ""2023-08-31"" scheduled start time",,,,,,,pending,,,
1388401,2023-09-06,Asia Cup,continental_cup,"Gaddafi Stadium, Lahore",Lahore,Bangladesh,Pakistan,"""Bangladesh"" ""Pakistan"" ""2023-09-06"" scheduled start time",,,,,,,pending,,,
1373571,2023-09-07,Australia tour of South Africa,bilateral_series,"Mangaung Oval, Bloemfontein",Bloemfontein,South Africa,Australia,"""South Africa"" ""Australia"" ""2023-09-07"" scheduled start time",,,,,,,pending,,,
1336052,2023-09-08,New Zealand tour of England,bilateral_series,"Sophia Gardens, Cardiff",Cardiff,England,New Zealand,"""England"" ""New Zealand"" ""2023-09-08"" scheduled start time",,,,,,,pending,,,
1373572,2023-09-09,Australia tour of South Africa,bilateral_series,"Mangaung Oval, Bloemfontein",Bloemfontein,Australia,South Africa,"""Australia"" ""South Africa"" ""2023-09-09"" scheduled start time",,,,,,,pending,,,
1388403,2023-09-09,Asia Cup,continental_cup,"R Premadasa Stadium, Colombo",Colombo,Sri Lanka,Bangladesh,"""Sri Lanka"" ""Bangladesh"" ""2023-09-09"" scheduled start time",,,,,,,pending,,,
1336053,2023-09-10,New Zealand tour of England,bilateral_series,"The Rose Bowl, Southampton",Southampton,England,New Zealand,"""England"" ""New Zealand"" ""2023-09-10"" scheduled start time",,,,,,,pending,,,
1388406,2023-09-10,Asia Cup,continental_cup,"R Premadasa Stadium, Colombo",Colombo,India,Pakistan,"""India"" ""Pakistan"" ""2023-09-10"" scheduled start time",,,,,,,pending,,,
1373573,2023-09-12,Australia tour of South Africa,bilateral_series,"Sedgars Park, Potchefstroom",Potchefstroom,South Africa,Australia,"""South Africa"" ""Australia"" ""2023-09-12"" scheduled start time",,,,,,,pending,,,
1388407,2023-09-12,Asia Cup,continental_cup,"R Premadasa Stadium, Colombo",Colombo,India,Sri Lanka,"""India"" ""Sri Lanka"" ""2023-09-12"" scheduled start time",,,,,,,pending,,,
1336054,2023-09-13,New Zealand tour of England,bilateral_series,"Kennington Oval, London",London,England,New Zealand,"""England"" ""New Zealand"" ""2023-09-13"" scheduled start time",,,,,,,pending,,,
1336055,2023-09-15,New Zealand tour of England,bilateral_series,"Lord's, London",London,England,New Zealand,"""England"" ""New Zealand"" ""2023-09-15"" scheduled start time",,,,,,,pending,,,
1373574,2023-09-15,Australia tour of South Africa,bilateral_series,"SuperSport Park, Centurion",Centurion,South Africa,Australia,"""South Africa"" ""Australia"" ""2023-09-15"" scheduled start time",,,,,,,pending,,,
1388412,2023-09-15,Asia Cup,continental_cup,"R Premadasa Stadium, Colombo",Colombo,Bangladesh,India,"""Bangladesh"" ""India"" ""2023-09-15"" scheduled start time",,,,,,,pending,,,
1373575,2023-09-17,Australia tour of South Africa,bilateral_series,"The Wanderers Stadium, Johannesburg",Johannesburg,South Africa,Australia,"""South Africa"" ""Australia"" ""2023-09-17"" scheduled start time",,,,,,,pending,,,
1389388,2023-09-22,Australia tour of India,bilateral_series,"Punjab Cricket Association IS Bindra Stadium, Mohali, Chandigarh",Chandigarh,Australia,India,"""Australia"" ""India"" ""2023-09-22"" scheduled start time",,,,,,,pending,,,
1336129,2023-09-23,Ireland tour of England,bilateral_series,"Trent Bridge, Nottingham",Nottingham,England,Ireland,"""England"" ""Ireland"" ""2023-09-23"" scheduled start time",,,,,,,pending,,,
1395701,2023-09-23,New Zealand tour of Bangladesh,bilateral_series,"Shere Bangla National Stadium, Mirpur",Dhaka,New Zealand,Bangladesh,"""New Zealand"" ""Bangladesh"" ""2023-09-23"" scheduled start time",,,,,,,pending,,,
1395702,2023-09-26,New Zealand tour of Bangladesh,bilateral_series,"Shere Bangla National Stadium, Mirpur",Dhaka,Bangladesh,New Zealand,"""Bangladesh"" ""New Zealand"" ""2023-09-26"" scheduled start time",,,,,,,pending,,,
1389390,2023-09-27,Australia tour of India,bilateral_series,"Saurashtra Cricket Association Stadium, Rajkot",Rajkot,Australia,India,"""Australia"" ""India"" ""2023-09-27"" scheduled start time",,,,,,,pending,,,
1384392,2023-10-05,ICC Cricket World Cup,world_cup,"Narendra Modi Stadium, Ahmedabad",Ahmedabad,England,New Zealand,"""England"" ""New Zealand"" ""2023-10-05"" scheduled start time",,,,,,,pending,,,
1384393,2023-10-06,ICC Cricket World Cup,world_cup,"Rajiv Gandhi International Stadium, Uppal, Hyderabad",Hyderabad,Pakistan,Netherlands,"""Pakistan"" ""Netherlands"" ""2023-10-06"" scheduled start time",,,,,,,pending,,,
1384395,2023-10-07,ICC Cricket World Cup,world_cup,"Arun Jaitley Stadium, Delhi",Delhi,South Africa,Sri Lanka,"""South Africa"" ""Sri Lanka"" ""2023-10-07"" scheduled start time",,,,,,,pending,,,
1384396,2023-10-08,ICC Cricket World Cup,world_cup,"MA Chidambaram Stadium, Chepauk, Chennai",Chennai,Australia,India,"""Australia"" ""India"" ""2023-10-08"" scheduled start time",,,,,,,pending,,,
1384397,2023-10-09,ICC Cricket World Cup,world_cup,"Rajiv Gandhi International Stadium, Uppal, Hyderabad",Hyderabad,New Zealand,Netherlands,"""New Zealand"" ""Netherlands"" ""2023-10-09"" scheduled start time",,,,,,,pending,,,
1384398,2023-10-10,ICC Cricket World Cup,world_cup,"Himachal Pradesh Cricket Association Stadium, Dharamsala",Dharamsala,England,Bangladesh,"""England"" ""Bangladesh"" ""2023-10-10"" scheduled start time",,,,,,,pending,,,
1384399,2023-10-10,ICC Cricket World Cup,world_cup,"Rajiv Gandhi International Stadium, Uppal, Hyderabad",Hyderabad,Sri Lanka,Pakistan,"""Sri Lanka"" ""Pakistan"" ""2023-10-10"" scheduled start time",,,,,,,pending,,,
1384401,2023-10-12,ICC Cricket World Cup,world_cup,"Bharat Ratna Shri Atal Bihari Vajpayee Ekana Cricket Stadium, Lucknow",Lucknow,South Africa,Australia,"""South Africa"" ""Australia"" ""2023-10-12"" scheduled start time",,,,,,,pending,,,
1384402,2023-10-13,ICC Cricket World Cup,world_cup,"MA Chidambaram Stadium, Chepauk, Chennai",Chennai,Bangladesh,New Zealand,"""Bangladesh"" ""New Zealand"" ""2023-10-13"" scheduled start time",,,,,,,pending,,,
1384403,2023-10-14,ICC Cricket World Cup,world_cup,"Narendra Modi Stadium, Ahmedabad",Ahmedabad,Pakistan,India,"""Pakistan"" ""India"" ""2023-10-14"" scheduled start time",,,,,,,pending,,,
1384405,2023-10-16,ICC Cricket World Cup,world_cup,"Bharat Ratna Shri Atal Bihari Vajpayee Ekana Cricket Stadium, Lucknow",Lucknow,Sri Lanka,Australia,"""Sri Lanka"" ""Australia"" ""2023-10-16"" scheduled start time",,,,,,,pending,,,
1384406,2023-10-17,ICC Cricket World Cup,world_cup,"Himachal Pradesh Cricket Association Stadium, Dharamsala",Dharamsala,Netherlands,South Africa,"""Netherlands"" ""South Africa"" ""2023-10-17"" scheduled start time",,,,,,,pending,,,
1384408,2023-10-19,ICC Cricket World Cup,world_cup,"Maharashtra Cricket Association Stadium, Pune",Pune,Bangladesh,India,"""Bangladesh"" ""India"" ""2023-10-19"" scheduled start time",,,,,,,pending,,,
1384409,2023-10-20,ICC Cricket World Cup,world_cup,"M Chinnaswamy Stadium, Bengaluru",Bengaluru,Australia,Pakistan,"""Australia"" ""Pakistan"" ""2023-10-20"" scheduled start time",,,,,,,pending,,,
1384410,2023-10-21,ICC Cricket World Cup,world_cup,"Bharat Ratna Shri Atal Bihari Vajpayee Ekana Cricket Stadium, Lucknow",Lucknow,Netherlands,Sri Lanka,"""Netherlands"" ""Sri Lanka"" ""2023-10-21"" scheduled start time",,,,,,,pending,,,
1384411,2023-10-21,ICC Cricket World Cup,world_cup,"Wankhede Stadium, Mumbai",Mumbai,South Africa,England,"""South Africa"" ""England"" ""2023-10-21"" scheduled start time",,,,,,,pending,,,
1384412,2023-10-22,ICC Cricket World Cup,world_cup,"Himachal Pradesh Cricket Association Stadium, Dharamsala",Dharamsala,New Zealand,India,"""New Zealand"" ""India"" ""2023-10-22"" scheduled start time",,,,,,,pending,,,
1384414,2023-10-24,ICC Cricket World Cup,world_cup,"Wankhede Stadium, Mumbai",Mumbai,South Africa,Bangladesh,"""South Africa"" ""Bangladesh"" ""2023-10-24"" scheduled start time",,,,,,,pending,,,
1384415,2023-10-25,ICC Cricket World Cup,world_cup,"Arun Jaitley Stadium, Delhi",Delhi,Australia,Netherlands,"""Australia"" ""Netherlands"" ""2023-10-25"" scheduled start time",,,,,,,pending,,,
1384416,2023-10-26,ICC Cricket World Cup,world_cup,"M Chinnaswamy Stadium, Bengaluru",Bengaluru,England,Sri Lanka,"""England"" ""Sri Lanka"" ""2023-10-26"" scheduled start time",,,,,,,pending,,,
1384417,2023-10-27,ICC Cricket World Cup,world_cup,"MA Chidambaram Stadium, Chepauk, Chennai",Chennai,Pakistan,South Africa,"""Pakistan"" ""South Africa"" ""2023-10-27"" scheduled start time",,,,,,,pending,,,
1384418,2023-10-28,ICC Cricket World Cup,world_cup,"Himachal Pradesh Cricket Association Stadium, Dharamsala",Dharamsala,Australia,New Zealand,"""Australia"" ""New Zealand"" ""2023-10-28"" scheduled start time",,,,,,,pending,,,
1384419,2023-10-28,ICC Cricket World Cup,world_cup,"Eden Gardens, Kolkata",Kolkata,Netherlands,Bangladesh,"""Netherlands"" ""Bangladesh"" ""2023-10-28"" scheduled start time",,,,,,,pending,,,
1384420,2023-10-29,ICC Cricket World Cup,world_cup,"Bharat Ratna Shri Atal Bihari Vajpayee Ekana Cricket Stadium, Lucknow",Lucknow,India,England,"""India"" ""England"" ""2023-10-29"" scheduled start time",,,,,,,pending,,,
1384422,2023-10-31,ICC Cricket World Cup,world_cup,"Eden Gardens, Kolkata",Kolkata,Bangladesh,Pakistan,"""Bangladesh"" ""Pakistan"" ""2023-10-31"" scheduled start time",,,,,,,pending,,,
1384423,2023-11-01,ICC Cricket World Cup,world_cup,"Maharashtra Cricket Association Stadium, Pune",Pune,South Africa,New Zealand,"""South Africa"" ""New Zealand"" ""2023-11-01"" scheduled start time",,,,,,,pending,,,
1384424,2023-11-02,ICC Cricket World Cup,world_cup,"Wankhede Stadium, Mumbai",Mumbai,India,Sri Lanka,"""India"" ""Sri Lanka"" ""2023-11-02"" scheduled start time",,,,,,,pending,,,
1384427,2023-11-04,ICC Cricket World Cup,world_cup,"Narendra Modi Stadium, Ahmedabad",Ahmedabad,Australia,England,"""Australia"" ""England"" ""2023-11-04"" scheduled start time",,,,,,,pending,,,
1384428,2023-11-05,ICC Cricket World Cup,world_cup,"Eden Gardens, Kolkata",Kolkata,India,South Africa,"""India"" ""South Africa"" ""2023-11-05"" scheduled start time",,,,,,,pending,,,
1384429,2023-11-06,ICC Cricket World Cup,world_cup,"Arun Jaitley Stadium, Delhi",Delhi,Sri Lanka,Bangladesh,"""Sri Lanka"" ""Bangladesh"" ""2023-11-06"" scheduled start time",,,,,,,pending,,,
1384431,2023-11-08,ICC Cricket World Cup,world_cup,"Maharashtra Cricket Association Stadium, Pune",Pune,England,Netherlands,"""England"" ""Netherlands"" ""2023-11-08"" scheduled start time",,,,,,,pending,,,
1384432,2023-11-09,ICC Cricket World Cup,world_cup,"M Chinnaswamy Stadium, Bengaluru",Bengaluru,Sri Lanka,New Zealand,"""Sri Lanka"" ""New Zealand"" ""2023-11-09"" scheduled start time",,,,,,,pending,,,
1384434,2023-11-11,ICC Cricket World Cup,world_cup,"Maharashtra Cricket Association Stadium, Pune",Pune,Bangladesh,Australia,"""Bangladesh"" ""Australia"" ""2023-11-11"" scheduled start time",,,,,,,pending,,,
1384435,2023-11-11,ICC Cricket World Cup,world_cup,"Eden Gardens, Kolkata",Kolkata,England,Pakistan,"""England"" ""Pakistan"" ""2023-11-11"" scheduled start time",,,,,,,pending,,,
1384436,2023-11-12,ICC Cricket World Cup,world_cup,"M Chinnaswamy Stadium, Bengaluru",Bengaluru,India,Netherlands,"""India"" ""Netherlands"" ""2023-11-12"" scheduled start time",,,,,,,pending,,,
1384437,2023-11-15,ICC Cricket World Cup,world_cup,"Wankhede Stadium, Mumbai",Mumbai,India,New Zealand,"""India"" ""New Zealand"" ""2023-11-15"" scheduled start time",,,,,,,pending,,,
1384438,2023-11-16,ICC Cricket World Cup,world_cup,"Eden Gardens, Kolkata",Kolkata,South Africa,Australia,"""South Africa"" ""Australia"" ""2023-11-16"" scheduled start time",,,,,,,pending,,,
1384439,2023-11-19,ICC Cricket World Cup,world_cup,"Narendra Modi Stadium, Ahmedabad",Ahmedabad,India,Australia,"""India"" ""Australia"" ""2023-11-19"" scheduled start time",,,,,,,pending,,,
1373576,2023-12-03,England tour of West Indies,bilateral_series,"Sir Vivian Richards Stadium, North Sound, Antigua",North Sound,England,West Indies,"""England"" ""West Indies"" ""2023-12-03"" scheduled start time",,,,,,,pending,,,
1373577,2023-12-06,England tour of West Indies,bilateral_series,"Sir Vivian Richards Stadium, North Sound, Antigua",North Sound,West Indies,England,"""West Indies"" ""England"" ""2023-12-06"" scheduled start time",,,,,,,pending,,,
1408107,2023-12-15,Ireland tour of Zimbabwe,bilateral_series,Harare Sports Club,Harare,Zimbabwe,Ireland,"""Zimbabwe"" ""Ireland"" ""2023-12-15"" scheduled start time",,,,,,,pending,,,
1387600,2023-12-17,India tour of South Africa,bilateral_series,"The Wanderers Stadium, Johannesburg",Johannesburg,South Africa,India,"""South Africa"" ""India"" ""2023-12-17"" scheduled start time",,,,,,,pending,,,
1387601,2023-12-19,India tour of South Africa,bilateral_series,"St George's Park, Gqeberha",Gqeberha,India,South Africa,"""India"" ""South Africa"" ""2023-12-19"" scheduled start time",,,,,,,pending,,,
1388211,2023-12-20,Bangladesh tour of New Zealand,bilateral_series,"Saxton Oval, Nelson",Nelson,Bangladesh,New Zealand,"""Bangladesh"" ""New Zealand"" ""2023-12-20"" scheduled start time",,,,,,,pending,,,
1387602,2023-12-21,India tour of South Africa,bilateral_series,"Boland Park, Paarl",Paarl,India,South Africa,"""India"" ""South Africa"" ""2023-12-21"" scheduled start time",,,,,,,pending,,,
1388212,2023-12-23,Bangladesh tour of New Zealand,bilateral_series,"McLean Park, Napier",Napier,New Zealand,Bangladesh,"""New Zealand"" ""Bangladesh"" ""2023-12-23"" scheduled start time",,,,,,,pending,,,
1412540,2024-01-08,Zimbabwe tour of Sri Lanka,bilateral_series,"R Premadasa Stadium, Colombo",Colombo,Zimbabwe,Sri Lanka,"""Zimbabwe"" ""Sri Lanka"" ""2024-01-08"" scheduled start time",,,,,,,pending,,,
1375847,2024-02-02,West Indies tour of Australia,bilateral_series,Melbourne Cricket Ground,Melbourne,West Indies,Australia,"""West Indies"" ""Australia"" ""2024-02-02"" scheduled start time",,,,,,,pending,,,
1375848,2024-02-04,West Indies tour of Australia,bilateral_series,Sydney Cricket Ground,Sydney,Australia,West Indies,"""Australia"" ""West Indies"" ""2024-02-04"" scheduled start time",,,,,,,pending,,,
1420220,2024-02-08,Canada tour of Nepal,bilateral_series,"Tribhuvan University International Cricket Ground, Kirtipur",Kirtipur,Nepal,Canada,"""Nepal"" ""Canada"" ""2024-02-08"" scheduled start time",,,,,,,pending,,,
1420221,2024-02-10,Canada tour of Nepal,bilateral_series,"Tribhuvan University International Cricket Ground, Kirtipur",Kirtipur,Canada,Nepal,"""Canada"" ""Nepal"" ""2024-02-10"" scheduled start time",,,,,,,pending,,,
1420222,2024-02-12,Canada tour of Nepal,bilateral_series,"Tribhuvan University International Cricket Ground, Kirtipur",Kirtipur,Canada,Nepal,"""Canada"" ""Nepal"" ""2024-02-12"" scheduled start time",,,,,,,pending,,,
1420529,2024-02-15,ICC Men's Cricket World Cup League 2,qualification_pathway,"Tribhuvan University International Cricket Ground, Kirtipur",Kirtipur,Nepal,Namibia,"""Nepal"" ""Namibia"" ""2024-02-15"" scheduled start time",,,,,,,pending,,,
1420530,2024-02-17,ICC Men's Cricket World Cup League 2,qualification_pathway,"Tribhuvan University International Cricket Ground, Kirtipur",Kirtipur,Netherlands,Nepal,"""Netherlands"" ""Nepal"" ""2024-02-17"" scheduled start time",,,,,,,pending,,,
1420531,2024-02-19,ICC Men's Cricket World Cup League 2,qualification_pathway,"Tribhuvan University International Cricket Ground, Kirtipur",Kirtipur,Namibia,Netherlands,"""Namibia"" ""Netherlands"" ""2024-02-19"" scheduled start time",,,,,,,pending,,,
1420532,2024-02-21,ICC Men's Cricket World Cup League 2,qualification_pathway,"Tribhuvan University International Cricket Ground, Kirtipur",Kirtipur,Nepal,Namibia,"""Nepal"" ""Namibia"" ""2024-02-21"" scheduled start time",,,,,,,pending,,,
1420533,2024-02-23,ICC Men's Cricket World Cup League 2,qualification_pathway,"Tribhuvan University International Cricket Ground, Kirtipur",Kirtipur,Namibia,Netherlands,"""Namibia"" ""Netherlands"" ""2024-02-23"" scheduled start time",,,,,,,pending,,,
1420534,2024-02-25,ICC Men's Cricket World Cup League 2,qualification_pathway,"Tribhuvan University International Cricket Ground, Kirtipur",Kirtipur,Nepal,Netherlands,"""Nepal"" ""Netherlands"" ""2024-02-25"" scheduled start time",,,,,,,pending,,,
1421069,2024-02-28,ICC Men's Cricket World Cup League 2,qualification_pathway,Dubai International Cricket Stadium,Dubai,United Arab Emirates,Canada,"""United Arab Emirates"" ""Canada"" ""2024-02-28"" scheduled start time",,,,,,,pending,,,
1421070,2024-03-01,ICC Men's Cricket World Cup League 2,qualification_pathway,Dubai International Cricket Stadium,Dubai,Scotland,Canada,"""Scotland"" ""Canada"" ""2024-03-01"" scheduled start time",,,,,,,pending,,,
1421071,2024-03-03,ICC Men's Cricket World Cup League 2,qualification_pathway,Dubai International Cricket Stadium,Dubai,United Arab Emirates,Scotland,"""United Arab Emirates"" ""Scotland"" ""2024-03-03"" scheduled start time",,,,,,,pending,,,
1421073,2024-03-07,ICC Men's Cricket World Cup League 2,qualification_pathway,Dubai International Cricket Stadium,Dubai,Scotland,Canada,"""Scotland"" ""Canada"" ""2024-03-07"" scheduled start time",,,,,,,pending,,,
1419827,2024-03-13,Sri Lanka tour of Bangladesh,bilateral_series,"Zahur Ahmed Chowdhury Stadium, Chattogram",Chattogram,Sri Lanka,Bangladesh,"""Sri Lanka"" ""Bangladesh"" ""2024-03-13"" scheduled start time",,,,,,,pending,,,
1419828,2024-03-15,Sri Lanka tour of Bangladesh,bilateral_series,"Zahur Ahmed Chowdhury Stadium, Chattogram",Chattogram,Bangladesh,Sri Lanka,"""Bangladesh"" ""Sri Lanka"" ""2024-03-15"" scheduled start time",,,,,,,pending,,,
1419829,2024-03-18,Sri Lanka tour of Bangladesh,bilateral_series,"Zahur Ahmed Chowdhury Stadium, Chattogram",Chattogram,Sri Lanka,Bangladesh,"""Sri Lanka"" ""Bangladesh"" ""2024-03-18"" scheduled start time",,,,,,,pending,,,
1428957,2024-07-18,ICC Men's Cricket World Cup League 2,qualification_pathway,"Forthill, Dundee",Dundee,Oman,Namibia,"""Oman"" ""Namibia"" ""2024-07-18"" scheduled start time",,,,,,,pending,,,
1428959,2024-07-22,ICC Men's Cricket World Cup League 2,qualification_pathway,"Forthill, Dundee",Dundee,Oman,Scotland,"""Oman"" ""Scotland"" ""2024-07-22"" scheduled start time",,,,,,,pending,,,
1428960,2024-07-24,ICC Men's Cricket World Cup League 2,qualification_pathway,"Forthill, Dundee",Dundee,Namibia,Oman,"""Namibia"" ""Oman"" ""2024-07-24"" scheduled start time",,,,,,,pending,,,
1428961,2024-07-26,ICC Men's Cricket World Cup League 2,qualification_pathway,"Forthill, Dundee",Dundee,Scotland,Namibia,"""Scotland"" ""Namibia"" ""2024-07-26"" scheduled start time",,,,,,,pending,,,
1442991,2024-08-04,India tour of Sri Lanka,bilateral_series,"R Premadasa Stadium, Colombo",Colombo,Sri Lanka,India,"""Sri Lanka"" ""India"" ""2024-08-04"" scheduled start time",,,,,,,pending,,,
1442992,2024-08-07,India tour of Sri Lanka,bilateral_series,"R Premadasa Stadium, Colombo",Colombo,Sri Lanka,India,"""Sri Lanka"" ""India"" ""2024-08-07"" scheduled start time",,,,,,,pending,,,
1445034,2024-08-11,ICC Men's Cricket World Cup League 2,qualification_pathway,"Sportpark Westvliet, The Hague",The Hague,Canada,Netherlands,"""Canada"" ""Netherlands"" ""2024-08-11"" scheduled start time",,,,,,,pending,,,
1445035,2024-08-13,ICC Men's Cricket World Cup League 2,qualification_pathway,"Sportpark Westvliet, The Hague",The Hague,United States of America,Canada,"""United States of America"" ""Canada"" ""2024-08-13"" scheduled start time",,,,,,,pending,,,
1445036,2024-08-15,ICC Men's Cricket World Cup League 2,qualification_pathway,"Sportpark Westvliet, The Hague",The Hague,Netherlands,United States of America,"""Netherlands"" ""United States of America"" ""2024-08-15"" scheduled start time",,,,,,,pending,,,
1445037,2024-08-17,ICC Men's Cricket World Cup League 2,qualification_pathway,"Hazelaarweg, Rotterdam",Rotterdam,Netherlands,Canada,"""Netherlands"" ""Canada"" ""2024-08-17"" scheduled start time",,,,,,,pending,,,
1445038,2024-08-19,ICC Men's Cricket World Cup League 2,qualification_pathway,"Hazelaarweg, Rotterdam",Rotterdam,United States of America,Canada,"""United States of America"" ""Canada"" ""2024-08-19"" scheduled start time",,,,,,,pending,,,
1445039,2024-08-21,ICC Men's Cricket World Cup League 2,qualification_pathway,"Hazelaarweg, Rotterdam",Rotterdam,Netherlands,United States of America,"""Netherlands"" ""United States of America"" ""2024-08-21"" scheduled start time",,,,,,,pending,,,
1450690,2024-09-16,ICC Men's Cricket World Cup League 2,qualification_pathway,"United Cricket Club Ground, Windhoek",Windhoek,Namibia,United States of America,"""Namibia"" ""United States of America"" ""2024-09-16"" scheduled start time",,,,,,,pending,,,
1450696,2024-09-16,ICC Men's Cricket World Cup League 2,qualification_pathway,"Maple Leaf North-West Ground, King City",King City,Canada,Nepal,"""Canada"" ""Nepal"" ""2024-09-16"" scheduled start time",,,,,,,pending,,,
1450691,2024-09-18,ICC Men's Cricket World Cup League 2,qualification_pathway,"United Cricket Club Ground, Windhoek",Windhoek,United Arab Emirates,United States of America,"""United Arab Emirates"" ""United States of America"" ""2024-09-18"" scheduled start time",,,,,,,pending,,,
1450697,2024-09-18,ICC Men's Cricket World Cup League 2,qualification_pathway,"Maple Leaf North-West Ground, King City",King City,Nepal,Oman,"""Nepal"" ""Oman"" ""2024-09-18"" scheduled start time",,,,,,,pending,,,
1385700,2024-09-19,Australia tour of England,bilateral_series,"Trent Bridge, Nottingham",Nottingham,England,Australia,"""England"" ""Australia"" ""2024-09-19"" scheduled start time",,,,,,,pending,,,
1450692,2024-09-20,ICC Men's Cricket World Cup League 2,qualification_pathway,"United Cricket Club Ground, Windhoek",Windhoek,Namibia,United Arab Emirates,"""Namibia"" ""United Arab Emirates"" ""2024-09-20"" scheduled start time",,,,,,,pending,,,
1450698,2024-09-20,ICC Men's Cricket World Cup League 2,qualification_pathway,"Maple Leaf North-West Ground, King City",King City,Canada,Oman,"""Canada"" ""Oman"" ""2024-09-20"" scheduled start time",,,,,,,pending,,,
1385701,2024-09-21,Australia tour of England,bilateral_series,"Headingley, Leeds",Leeds,Australia,England,"""Australia"" ""England"" ""2024-09-21"" scheduled start time",,,,,,,pending,,,
1450693,2024-09-22,ICC Men's Cricket World Cup League 2,qualification_pathway,"United Cricket Club Ground, Windhoek",Windhoek,Namibia,United States of America,"""Namibia"" ""United States of America"" ""2024-09-22"" scheduled start time",,,,,,,pending,,,
1450699,2024-09-22,ICC Men's Cricket World Cup League 2,qualification_pathway,"Maple Leaf North-West Ground, King City",King City,Nepal,Canada,"""Nepal"" ""Canada"" ""2024-09-22"" scheduled start time",,,,,,,pending,,,
1450694,2024-09-24,ICC Men's Cricket World Cup League 2,qualification_pathway,"United Cricket Club Ground, Windhoek",Windhoek,United States of America,United Arab Emirates,"""United States of America"" ""United Arab Emirates"" ""2024-09-24"" scheduled start time",,,,,,,pending,,,
1450695,2024-09-26,ICC Men's Cricket World Cup League 2,qualification_pathway,"Wanderers Cricket Ground, Windhoek",Windhoek,United Arab Emirates,Namibia,"""United Arab Emirates"" ""Namibia"" ""2024-09-26"" scheduled start time",,,,,,,pending,,,
1450701,2024-09-26,ICC Men's Cricket World Cup League 2,qualification_pathway,"Maple Leaf North-West Ground, King City",King City,Oman,Canada,"""Oman"" ""Canada"" ""2024-09-26"" scheduled start time",,,,,,,pending,,,
1385703,2024-09-27,Australia tour of England,bilateral_series,"Lord's, London",London,England,Australia,"""England"" ""Australia"" ""2024-09-27"" scheduled start time",,,,,,,pending,,,
1431088,2024-10-02,Ireland vs South Africa,other_odi,"Zayed Cricket Stadium, Abu Dhabi",Abu Dhabi,South Africa,Ireland,"""South Africa"" ""Ireland"" ""2024-10-02"" scheduled start time",,,,,,,pending,,,
1431089,2024-10-04,Ireland vs South Africa,other_odi,"Zayed Cricket Stadium, Abu Dhabi",Abu Dhabi,South Africa,Ireland,"""South Africa"" ""Ireland"" ""2024-10-04"" scheduled start time",,,,,,,pending,,,
1431090,2024-10-07,Ireland vs South Africa,other_odi,"Zayed Cricket Stadium, Abu Dhabi",Abu Dhabi,Ireland,South Africa,"""Ireland"" ""South Africa"" ""2024-10-07"" scheduled start time",,,,,,,pending,,,
1451818,2024-10-23,West Indies tour of Sri Lanka,bilateral_series,Pallekele International Cricket Stadium,Kandy,West Indies,Sri Lanka,"""West Indies"" ""Sri Lanka"" ""2024-10-23"" scheduled start time",,,,,,,pending,,,
1450702,2024-10-25,ICC Men's Cricket World Cup League 2,qualification_pathway,"Grand Prairie Stadium, Dallas",Dallas,United States of America,Scotland,"""United States of America"" ""Scotland"" ""2024-10-25"" scheduled start time",,,,,,,pending,,,
1450704,2024-10-29,ICC Men's Cricket World Cup League 2,qualification_pathway,"Grand Prairie Stadium, Dallas",Dallas,Scotland,Nepal,"""Scotland"" ""Nepal"" ""2024-10-29"" scheduled start time",,,,,,,pending,,,
1450705,2024-10-31,ICC Men's Cricket World Cup League 2,qualification_pathway,"Grand Prairie Stadium, Dallas",Dallas,Scotland,United States of America,"""Scotland"" ""United States of America"" ""2024-10-31"" scheduled start time",,,,,,,pending,,,
1457464,2024-11-01,ICC Men's Cricket World Cup League 2,qualification_pathway,Al Amerat Cricket Ground Oman Cricket (Ministry Turf 1),Al Amarat,United Arab Emirates,Oman,"""United Arab Emirates"" ""Oman"" ""2024-11-01"" scheduled start time",,,,,,,pending,,,
1433371,2024-11-02,England tour of West Indies,bilateral_series,"Sir Vivian Richards Stadium, North Sound, Antigua",North Sound,West Indies,England,"""West Indies"" ""England"" ""2024-11-02"" scheduled start time",,,,,,,pending,,,
1450706,2024-11-02,ICC Men's Cricket World Cup League 2,qualification_pathway,"Grand Prairie Stadium, Dallas",Dallas,United States of America,Nepal,"""United States of America"" ""Nepal"" ""2024-11-02"" scheduled start time",,,,,,,pending,,,
1457465,2024-11-03,ICC Men's Cricket World Cup League 2,qualification_pathway,Al Amerat Cricket Ground Oman Cricket (Ministry Turf 1),Al Amarat,United Arab Emirates,Netherlands,"""United Arab Emirates"" ""Netherlands"" ""2024-11-03"" scheduled start time",,,,,,,pending,,,
1426549,2024-11-04,Pakistan tour of Australia,bilateral_series,Melbourne Cricket Ground,Melbourne,Pakistan,Australia,"""Pakistan"" ""Australia"" ""2024-11-04"" scheduled start time",,,,,,,pending,,,
1457466,2024-11-05,ICC Men's Cricket World Cup League 2,qualification_pathway,Al Amerat Cricket Ground Oman Cricket (Ministry Turf 1),Al Amarat,Netherlands,Oman,"""Netherlands"" ""Oman"" ""2024-11-05"" scheduled start time",,,,,,,pending,,,
1433372,2024-11-06,England tour of West Indies,bilateral_series,"Kensington Oval, Bridgetown, Barbados",Bridgetown,England,West Indies,"""England"" ""West Indies"" ""2024-11-06"" scheduled start time",,,,,,,pending,,,
1457467,2024-11-07,ICC Men's Cricket World Cup League 2,qualification_pathway,Al Amerat Cricket Ground Oman Cricket (Ministry Turf 1),Al Amarat,United Arab Emirates,Oman,"""United Arab Emirates"" ""Oman"" ""2024-11-07"" scheduled start time",,,,,,,pending,,,
1426550,2024-11-08,Pakistan tour of Australia,bilateral_series,Adelaide Oval,Adelaide,Australia,Pakistan,"""Australia"" ""Pakistan"" ""2024-11-08"" scheduled start time",,,,,,,pending,,,
1457468,2024-11-09,ICC Men's Cricket World Cup League 2,qualification_pathway,Al Amerat Cricket Ground Oman Cricket (Ministry Turf 1),Al Amarat,Netherlands,United Arab Emirates,"""Netherlands"" ""United Arab Emirates"" ""2024-11-09"" scheduled start time",,,,,,,pending,,,
1426551,2024-11-10,Pakistan tour of Australia,bilateral_series,Perth Stadium,Perth,Australia,Pakistan,"""Australia"" ""Pakistan"" ""2024-11-10"" scheduled start time",,,,,,,pending,,,
1457469,2024-11-11,ICC Men's Cricket World Cup League 2,qualification_pathway,Al Amerat Cricket Ground Oman Cricket (Ministry Turf 1),Al Amarat,Oman,Netherlands,"""Oman"" ""Netherlands"" ""2024-11-11"" scheduled start time",,,,,,,pending,,,
1444650,2024-11-26,Pakistan tour of Zimbabwe,bilateral_series,"Queens Sports Club, Bulawayo",Bulawayo,Zimbabwe,Pakistan,"""Zimbabwe"" ""Pakistan"" ""2024-11-26"" scheduled start time",,,,,,,pending,,,
1444651,2024-11-28,Pakistan tour of Zimbabwe,bilateral_series,"Queens Sports Club, Bulawayo",Bulawayo,Pakistan,Zimbabwe,"""Pakistan"" ""Zimbabwe"" ""2024-11-28"" scheduled start time",,,,,,,pending,,,
1433380,2024-12-08,Bangladesh tour of West Indies,bilateral_series,"Warner Park, Basseterre, St Kitts",Basseterre,Bangladesh,West Indies,"""Bangladesh"" ""West Indies"" ""2024-12-08"" scheduled start time",,,,,,,pending,,,
1433381,2024-12-10,Bangladesh tour of West Indies,bilateral_series,"Warner Park, Basseterre, St Kitts",Basseterre,Bangladesh,West Indies,"""Bangladesh"" ""West Indies"" ""2024-12-10"" scheduled start time",,,,,,,pending,,,
1433382,2024-12-12,Bangladesh tour of West Indies,bilateral_series,"Warner Park, Basseterre, St Kitts",Basseterre,Bangladesh,West Indies,"""Bangladesh"" ""West Indies"" ""2024-12-12"" scheduled start time",,,,,,,pending,,,
1432214,2024-12-17,Pakistan tour of South Africa,bilateral_series,"Boland Park, Paarl",Paarl,South Africa,Pakistan,"""South Africa"" ""Pakistan"" ""2024-12-17"" scheduled start time",,,,,,,pending,,,
1432215,2024-12-19,Pakistan tour of South Africa,bilateral_series,"Newlands, Cape Town",Cape Town,Pakistan,South Africa,"""Pakistan"" ""South Africa"" ""2024-12-19"" scheduled start time",,,,,,,pending,,,
1443546,2025-01-05,Sri Lanka tour of New Zealand,bilateral_series,"Basin Reserve, Wellington",Wellington,Sri Lanka,New Zealand,"""Sri Lanka"" ""New Zealand"" ""2025-01-05"" scheduled start time",,,,,,,pending,,,
1443547,2025-01-08,Sri Lanka tour of New Zealand,bilateral_series,"Seddon Park, Hamilton",Hamilton,New Zealand,Sri Lanka,"""New Zealand"" ""Sri Lanka"" ""2025-01-08"" scheduled start time",,,,,,,pending,,,
1443548,2025-01-11,Sri Lanka tour of New Zealand,bilateral_series,"Eden Park, Auckland",Auckland,Sri Lanka,New Zealand,"""Sri Lanka"" ""New Zealand"" ""2025-01-11"" scheduled start time",,,,,,,pending,,,
1439904,2025-02-06,England tour of India,bilateral_series,"Vidarbha Cricket Association Stadium, Jamtha, Nagpur",Nagpur,England,India,"""England"" ""India"" ""2025-02-06"" scheduled start time",,,,,,,pending,,,
1442220,2025-02-08,Pakistan Tri-Nation Series,multi_team_series,"Gaddafi Stadium, Lahore",Lahore,New Zealand,Pakistan,"""New Zealand"" ""Pakistan"" ""2025-02-08"" scheduled start time",,,,,,,pending,,,
1468879,2025-02-08,ICC Men's Cricket World Cup League 2,qualification_pathway,Al Amerat Cricket Ground Oman Cricket (Ministry Turf 1),Al Amarat,United States of America,Namibia,"""United States of America"" ""Namibia"" ""2025-02-08"" scheduled start time",,,,,,,pending,,,
1439905,2025-02-09,England tour of India,bilateral_series,"Barabati Stadium, Cuttack",Cuttack,England,India,"""England"" ""India"" ""2025-02-09"" scheduled start time",,,,,,,pending,,,
1442221,2025-02-10,Pakistan Tri-Nation Series,multi_team_series,"Gaddafi Stadium, Lahore",Lahore,South Africa,New Zealand,"""South Africa"" ""New Zealand"" ""2025-02-10"" scheduled start time",,,,,,,pending,,,
1468880,2025-02-10,ICC Men's Cricket World Cup League 2,qualification_pathway,Al Amerat Cricket Ground Oman Cricket (Ministry Turf 1),Al Amarat,Namibia,Oman,"""Namibia"" ""Oman"" ""2025-02-10"" scheduled start time",,,,,,,pending,,,
1439906,2025-02-12,England tour of India,bilateral_series,"Narendra Modi Stadium, Ahmedabad",Ahmedabad,India,England,"""India"" ""England"" ""2025-02-12"" scheduled start time",,,,,,,pending,,,
1442222,2025-02-12,Pakistan Tri-Nation Series,multi_team_series,"National Stadium, Karachi",Karachi,South Africa,Pakistan,"""South Africa"" ""Pakistan"" ""2025-02-12"" scheduled start time",,,,,,,pending,,,
1459908,2025-02-12,Australia tour of Sri Lanka,bilateral_series,"R Premadasa Stadium, Colombo",Colombo,Sri Lanka,Australia,"""Sri Lanka"" ""Australia"" ""2025-02-12"" scheduled start time",,,,,,,pending,,,
1468881,2025-02-12,ICC Men's Cricket World Cup League 2,qualification_pathway,Al Amerat Cricket Ground Oman Cricket (Ministry Turf 1),Al Amarat,United States of America,Oman,"""United States of America"" ""Oman"" ""2025-02-12"" scheduled start time",,,,,,,pending,,,
1442223,2025-02-14,Pakistan Tri-Nation Series,multi_team_series,"National Stadium, Karachi",Karachi,Pakistan,New Zealand,"""Pakistan"" ""New Zealand"" ""2025-02-14"" scheduled start time",,,,,,,pending,,,
1467701,2025-02-14,Ireland tour of Zimbabwe,bilateral_series,Harare Sports Club,Harare,Zimbabwe,Ireland,"""Zimbabwe"" ""Ireland"" ""2025-02-14"" scheduled start time",,,,,,,pending,,,
1468882,2025-02-14,ICC Men's Cricket World Cup League 2,qualification_pathway,Al Amerat Cricket Ground Oman Cricket (Ministry Turf 1),Al Amarat,United States of America,Namibia,"""United States of America"" ""Namibia"" ""2025-02-14"" scheduled start time",,,,,,,pending,,,
1469168,2025-02-14,Australia tour of Sri Lanka,bilateral_series,"R Premadasa Stadium, Colombo",Colombo,Sri Lanka,Australia,"""Sri Lanka"" ""Australia"" ""2025-02-14"" scheduled start time",,,,,,,pending,,,
1467702,2025-02-16,Ireland tour of Zimbabwe,bilateral_series,Harare Sports Club,Harare,Zimbabwe,Ireland,"""Zimbabwe"" ""Ireland"" ""2025-02-16"" scheduled start time",,,,,,,pending,,,
1468883,2025-02-16,ICC Men's Cricket World Cup League 2,qualification_pathway,Al Amerat Cricket Ground Oman Cricket (Ministry Turf 1),Al Amarat,Namibia,Oman,"""Namibia"" ""Oman"" ""2025-02-16"" scheduled start time",,,,,,,pending,,,
1467703,2025-02-18,Ireland tour of Zimbabwe,bilateral_series,Harare Sports Club,Harare,Ireland,Zimbabwe,"""Ireland"" ""Zimbabwe"" ""2025-02-18"" scheduled start time",,,,,,,pending,,,
1468884,2025-02-18,ICC Men's Cricket World Cup League 2,qualification_pathway,Al Amerat Cricket Ground Oman Cricket (Ministry Turf 1),Al Amarat,United States of America,Oman,"""United States of America"" ""Oman"" ""2025-02-18"" scheduled start time",,,,,,,pending,,,
1466414,2025-02-19,ICC Champions Trophy,champions_trophy,"National Stadium, Karachi",Karachi,New Zealand,Pakistan,"""New Zealand"" ""Pakistan"" ""2025-02-19"" scheduled start time",,,,,,,pending,,,
1466415,2025-02-20,ICC Champions Trophy,champions_trophy,Dubai International Cricket Stadium,Dubai,Bangladesh,India,"""Bangladesh"" ""India"" ""2025-02-20"" scheduled start time",,,,,,,pending,,,
1466417,2025-02-22,ICC Champions Trophy,champions_trophy,"Gaddafi Stadium, Lahore",Lahore,England,Australia,"""England"" ""Australia"" ""2025-02-22"" scheduled start time",,,,,,,pending,,,
1466418,2025-02-23,ICC Champions Trophy,champions_trophy,Dubai International Cricket Stadium,Dubai,Pakistan,India,"""Pakistan"" ""India"" ""2025-02-23"" scheduled start time",,,,,,,pending,,,
1466419,2025-02-24,ICC Champions Trophy,champions_trophy,Rawalpindi Cricket Stadium,Rawalpindi,Bangladesh,New Zealand,"""Bangladesh"" ""New Zealand"" ""2025-02-24"" scheduled start time",,,,,,,pending,,,
1466424,2025-03-01,ICC Champions Trophy,champions_trophy,"National Stadium, Karachi",Karachi,England,South Africa,"""England"" ""South Africa"" ""2025-03-01"" scheduled start time",,,,,,,pending,,,
1466425,2025-03-02,ICC Champions Trophy,champions_trophy,Dubai International Cricket Stadium,Dubai,India,New Zealand,"""India"" ""New Zealand"" ""2025-03-02"" scheduled start time",,,,,,,pending,,,
1466426,2025-03-04,ICC Champions Trophy,champions_trophy,Dubai International Cricket Stadium,Dubai,Australia,India,"""Australia"" ""India"" ""2025-03-04"" scheduled start time",,,,,,,pending,,,
1466427,2025-03-05,ICC Champions Trophy,champions_trophy,"Gaddafi Stadium, Lahore",Lahore,New Zealand,South Africa,"""New Zealand"" ""South Africa"" ""2025-03-05"" scheduled start time",,,,,,,pending,,,
1474410,2025-03-07,ICC Men's Cricket World Cup League 2,qualification_pathway,"Wanderers Cricket Ground, Windhoek",Windhoek,Netherlands,Namibia,"""Netherlands"" ""Namibia"" ""2025-03-07"" scheduled start time",,,,,,,pending,,,
1466428,2025-03-09,ICC Champions Trophy,champions_trophy,Dubai International Cricket Stadium,Dubai,New Zealand,India,"""New Zealand"" ""India"" ""2025-03-09"" scheduled start time",,,,,,,pending,,,
1474413,2025-03-13,ICC Men's Cricket World Cup League 2,qualification_pathway,"Wanderers Cricket Ground, Windhoek",Windhoek,Namibia,Netherlands,"""Namibia"" ""Netherlands"" ""2025-03-13"" scheduled start time",,,,,,,pending,,,
1443554,2025-03-29,Pakistan tour of New Zealand,bilateral_series,"McLean Park, Napier",Napier,New Zealand,Pakistan,"""New Zealand"" ""Pakistan"" ""2025-03-29"" scheduled start time",,,,,,,pending,,,
1443555,2025-04-02,Pakistan tour of New Zealand,bilateral_series,"Seddon Park, Hamilton",Hamilton,New Zealand,Pakistan,"""New Zealand"" ""Pakistan"" ""2025-04-02"" scheduled start time",,,,,,,pending,,,
1443556,2025-04-05,Pakistan tour of New Zealand,bilateral_series,"Bay Oval, Mount Maunganui",Mount Maunganui,New Zealand,Pakistan,"""New Zealand"" ""Pakistan"" ""2025-04-05"" scheduled start time",,,,,,,pending,,,
1421074,2025-05-04,ICC Men's Cricket World Cup League 2,qualification_pathway,"VRA Ground, Amstelveen",Amstelveen,United Arab Emirates,Scotland,"""United Arab Emirates"" ""Scotland"" ""2025-05-04"" scheduled start time",,,,,,,pending,,,
1481530,2025-05-06,ICC Men's Cricket World Cup League 2,qualification_pathway,"VRA Ground, Amstelveen",Amstelveen,Netherlands,United Arab Emirates,"""Netherlands"" ""United Arab Emirates"" ""2025-05-06"" scheduled start time",,,,,,,pending,,,
1481531,2025-05-08,ICC Men's Cricket World Cup League 2,qualification_pathway,"VRA Ground, Amstelveen",Amstelveen,United Arab Emirates,Scotland,"""United Arab Emirates"" ""Scotland"" ""2025-05-08"" scheduled start time",,,,,,,pending,,,
1481532,2025-05-10,ICC Men's Cricket World Cup League 2,qualification_pathway,"VRA Ground, Amstelveen",Amstelveen,Netherlands,Scotland,"""Netherlands"" ""Scotland"" ""2025-05-10"" scheduled start time",,,,,,,pending,,,
1481533,2025-05-12,ICC Men's Cricket World Cup League 2,qualification_pathway,"Sportpark Maarschalkerweerd, Utrecht",Utrecht,United Arab Emirates,Netherlands,"""United Arab Emirates"" ""Netherlands"" ""2025-05-12"" scheduled start time",,,,,,,pending,,,
1481534,2025-05-14,ICC Men's Cricket World Cup League 2,qualification_pathway,"Sportpark Maarschalkerweerd, Utrecht",Utrecht,United Arab Emirates,Scotland,"""United Arab Emirates"" ""Scotland"" ""2025-05-14"" scheduled start time",,,,,,,pending,,,
1481535,2025-05-16,ICC Men's Cricket World Cup League 2,qualification_pathway,"Sportpark Maarschalkerweerd, Utrecht",Utrecht,Scotland,Netherlands,"""Scotland"" ""Netherlands"" ""2025-05-16"" scheduled start time",,,,,,,pending,,,
1482564,2025-05-17,ICC Men's Cricket World Cup League 2,qualification_pathway,"Central Broward Regional Park Stadium Turf Ground, Lauderhill",Lauderhill,United States of America,Canada,"""United States of America"" ""Canada"" ""2025-05-17"" scheduled start time",,,,,,,pending,,,
1482565,2025-05-19,ICC Men's Cricket World Cup League 2,qualification_pathway,"Central Broward Regional Park Stadium Turf Ground, Lauderhill",Lauderhill,Oman,Canada,"""Oman"" ""Canada"" ""2025-05-19"" scheduled start time",,,,,,,pending,,,
1472511,2025-05-21,West Indies tour of Ireland,bilateral_series,"Castle Avenue, Dublin",Dublin,Ireland,West Indies,"""Ireland"" ""West Indies"" ""2025-05-21"" scheduled start time",,,,,,,pending,,,
1482568,2025-05-25,ICC Men's Cricket World Cup League 2,qualification_pathway,"Central Broward Regional Park Stadium Turf Ground, Lauderhill",Lauderhill,United States of America,Canada,"""United States of America"" ""Canada"" ""2025-05-25"" scheduled start time",,,,,,,pending,,,
1482569,2025-05-27,ICC Men's Cricket World Cup League 2,qualification_pathway,"Central Broward Regional Park Stadium Turf Ground, Lauderhill",Lauderhill,United States of America,Oman,"""United States of America"" ""Oman"" ""2025-05-27"" scheduled start time",,,,,,,pending,,,
1448343,2025-05-29,West Indies tour of England,bilateral_series,"Edgbaston, Birmingham",Birmingham,England,West Indies,"""England"" ""West Indies"" ""2025-05-29"" scheduled start time",,,,,,,pending,,,
1448344,2025-06-01,West Indies tour of England,bilateral_series,"Sophia Gardens, Cardiff",Cardiff,West Indies,England,"""West Indies"" ""England"" ""2025-06-01"" scheduled start time",,,,,,,pending,,,
1486772,2025-06-02,ICC Men's Cricket World Cup League 2,qualification_pathway,"Forthill, Dundee",Dundee,Scotland,Nepal,"""Scotland"" ""Nepal"" ""2025-06-02"" scheduled start time",,,,,,,pending,,,
1486773,2025-06-04,ICC Men's Cricket World Cup League 2,qualification_pathway,"Forthill, Dundee",Dundee,Netherlands,Nepal,"""Netherlands"" ""Nepal"" ""2025-06-04"" scheduled start time",,,,,,,pending,,,
1486774,2025-06-06,ICC Men's Cricket World Cup League 2,qualification_pathway,"Forthill, Dundee",Dundee,Scotland,Netherlands,"""Scotland"" ""Netherlands"" ""2025-06-06"" scheduled start time",,,,,,,pending,,,
1486775,2025-06-08,ICC Men's Cricket World Cup League 2,qualification_pathway,"Forthill, Dundee",Dundee,Scotland,Nepal,"""Scotland"" ""Nepal"" ""2025-06-08"" scheduled start time",,,,,,,pending,,,
1486776,2025-06-10,ICC Men's Cricket World Cup League 2,qualification_pathway,"Forthill, Dundee",Dundee,Nepal,Netherlands,"""Nepal"" ""Netherlands"" ""2025-06-10"" scheduled start time",,,,,,,pending,,,
1486777,2025-06-12,ICC Men's Cricket World Cup League 2,qualification_pathway,"Forthill, Dundee",Dundee,Scotland,Netherlands,"""Scotland"" ""Netherlands"" ""2025-06-12"" scheduled start time",,,,,,,pending,,,
1485505,2025-07-02,Bangladesh tour of Sri Lanka,bilateral_series,"R Premadasa Stadium, Colombo",Colombo,Sri Lanka,Bangladesh,"""Sri Lanka"" ""Bangladesh"" ""2025-07-02"" scheduled start time",,,,,,,pending,,,
1485506,2025-07-05,Bangladesh tour of Sri Lanka,bilateral_series,"R Premadasa Stadium, Colombo",Colombo,Bangladesh,Sri Lanka,"""Bangladesh"" ""Sri Lanka"" ""2025-07-05"" scheduled start time",,,,,,,pending,,,
1485507,2025-07-08,Bangladesh tour of Sri Lanka,bilateral_series,Pallekele International Cricket Stadium,Kandy,Sri Lanka,Bangladesh,"""Sri Lanka"" ""Bangladesh"" ""2025-07-08"" scheduled start time",,,,,,,pending,,,
1472528,2025-08-08,Pakistan tour of West Indies,bilateral_series,"Brian Lara Stadium, Tarouba, Trinidad",Tarouba,West Indies,Pakistan,"""West Indies"" ""Pakistan"" ""2025-08-08"" scheduled start time",,,,,,,pending,,,
1472530,2025-08-12,Pakistan tour of West Indies,bilateral_series,"Brian Lara Stadium, Tarouba, Trinidad",Tarouba,West Indies,Pakistan,"""West Indies"" ""Pakistan"" ""2025-08-12"" scheduled start time",,,,,,,pending,,,
1478901,2025-08-19,South Africa tour of Australia,bilateral_series,"Cazaly's Stadium, Cairns",Cairns,South Africa,Australia,"""South Africa"" ""Australia"" ""2025-08-19"" scheduled start time",,,,,,,pending,,,
1478902,2025-08-22,South Africa tour of Australia,bilateral_series,"Great Barrier Reef Arena, Mackay",Mackay,South Africa,Australia,"""South Africa"" ""Australia"" ""2025-08-22"" scheduled start time",,,,,,,pending,,,
1478903,2025-08-24,South Africa tour of Australia,bilateral_series,"Great Barrier Reef Arena, Mackay",Mackay,Australia,South Africa,"""Australia"" ""South Africa"" ""2025-08-24"" scheduled start time",,,,,,,pending,,,
1498181,2025-08-27,ICC Men's Cricket World Cup League 2,qualification_pathway,"Maple Leaf North-West Ground, King City",King City,Canada,Namibia,"""Canada"" ""Namibia"" ""2025-08-27"" scheduled start time",,,,,,,pending,,,
1492821,2025-08-29,Sri Lanka tour of Zimbabwe,bilateral_series,Harare Sports Club,Harare,Sri Lanka,Zimbabwe,"""Sri Lanka"" ""Zimbabwe"" ""2025-08-29"" scheduled start time",,,,,,,pending,,,
1492822,2025-08-31,Sri Lanka tour of Zimbabwe,bilateral_series,Harare Sports Club,Harare,Zimbabwe,Sri Lanka,"""Zimbabwe"" ""Sri Lanka"" ""2025-08-31"" scheduled start time",,,,,,,pending,,,
1498183,2025-08-31,ICC Men's Cricket World Cup League 2,qualification_pathway,"Maple Leaf North-West Ground, King City",King City,Canada,Scotland,"""Canada"" ""Scotland"" ""2025-08-31"" scheduled start time",,,,,,,pending,,,
1448354,2025-09-02,South Africa tour of England,bilateral_series,"Headingley, Leeds",Leeds,England,South Africa,"""England"" ""South Africa"" ""2025-09-02"" scheduled start time",,,,,,,pending,,,
1498184,2025-09-02,ICC Men's Cricket World Cup League 2,qualification_pathway,"Maple Leaf North-West Ground, King City",King City,Namibia,Canada,"""Namibia"" ""Canada"" ""2025-09-02"" scheduled start time",,,,,,,pending,,,
1448355,2025-09-04,South Africa tour of England,bilateral_series,"Lord's, London",London,South Africa,England,"""South Africa"" ""England"" ""2025-09-04"" scheduled start time",,,,,,,pending,,,
1498185,2025-09-04,ICC Men's Cricket World Cup League 2,qualification_pathway,"Maple Leaf North-West Ground, King City",King City,Scotland,Namibia,"""Scotland"" ""Namibia"" ""2025-09-04"" scheduled start time",,,,,,,pending,,,
1448356,2025-09-07,South Africa tour of England,bilateral_series,"The Rose Bowl, Southampton",Southampton,England,South Africa,"""England"" ""South Africa"" ""2025-09-07"" scheduled start time",,,,,,,pending,,,
1505122,2025-10-18,West Indies tour of Bangladesh,bilateral_series,"Shere Bangla National Stadium, Mirpur",Dhaka,Bangladesh,West Indies,"""Bangladesh"" ""West Indies"" ""2025-10-18"" scheduled start time",,,,,,,pending,,,
1478905,2025-10-23,India tour of Australia,bilateral_series,Adelaide Oval,Adelaide,India,Australia,"""India"" ""Australia"" ""2025-10-23"" scheduled start time",,,,,,,pending,,,
1505124,2025-10-23,West Indies tour of Bangladesh,bilateral_series,"Shere Bangla National Stadium, Mirpur",Dhaka,Bangladesh,West Indies,"""Bangladesh"" ""West Indies"" ""2025-10-23"" scheduled start time",,,,,,,pending,,,
1478906,2025-10-25,India tour of Australia,bilateral_series,Sydney Cricket Ground,Sydney,Australia,India,"""Australia"" ""India"" ""2025-10-25"" scheduled start time",,,,,,,pending,,,
1491720,2025-10-26,England tour of New Zealand,bilateral_series,"Bay Oval, Mount Maunganui",Mount Maunganui,England,New Zealand,"""England"" ""New Zealand"" ""2025-10-26"" scheduled start time",,,,,,,pending,,,
1507884,2025-10-26,ICC Men's Cricket World Cup League 2,qualification_pathway,Dubai International Cricket Stadium,Dubai,United States of America,Nepal,"""United States of America"" ""Nepal"" ""2025-10-26"" scheduled start time",,,,,,,pending,,,
1507885,2025-10-28,ICC Men's Cricket World Cup League 2,qualification_pathway,Dubai International Cricket Stadium,Dubai,United Arab Emirates,United States of America,"""United Arab Emirates"" ""United States of America"" ""2025-10-28"" scheduled start time",,,,,,,pending,,,
1491721,2025-10-29,England tour of New Zealand,bilateral_series,"Seddon Park, Hamilton",Hamilton,England,New Zealand,"""England"" ""New Zealand"" ""2025-10-29"" scheduled start time",,,,,,,pending,,,
1507886,2025-10-30,ICC Men's Cricket World Cup League 2,qualification_pathway,"ICC Academy, Dubai",Dubai,Nepal,United Arab Emirates,"""Nepal"" ""United Arab Emirates"" ""2025-10-30"" scheduled start time",,,,,,,pending,,,
1491722,2025-11-01,England tour of New Zealand,bilateral_series,"Sky Stadium, Wellington",Wellington,England,New Zealand,"""England"" ""New Zealand"" ""2025-11-01"" scheduled start time",,,,,,,pending,,,
1507887,2025-11-01,ICC Men's Cricket World Cup League 2,qualification_pathway,"ICC Academy, Dubai",Dubai,Nepal,United States of America,"""Nepal"" ""United States of America"" ""2025-11-01"" scheduled start time",,,,,,,pending,,,
1507888,2025-11-03,ICC Men's Cricket World Cup League 2,qualification_pathway,Dubai International Cricket Stadium,Dubai,United States of America,United Arab Emirates,"""United States of America"" ""United Arab Emirates"" ""2025-11-03"" scheduled start time",,,,,,,pending,,,
1501898,2025-11-04,South Africa tour of Pakistan,bilateral_series,"Iqbal Stadium, Faisalabad",Faisalabad,South Africa,Pakistan,"""South Africa"" ""Pakistan"" ""2025-11-04"" scheduled start time",,,,,,,pending,,,
1507889,2025-11-05,ICC Men's Cricket World Cup League 2,qualification_pathway,"ICC Academy, Dubai",Dubai,Nepal,United Arab Emirates,"""Nepal"" ""United Arab Emirates"" ""2025-11-05"" scheduled start time",,,,,,,pending,,,
1501899,2025-11-06,South Africa tour of Pakistan,bilateral_series,"Iqbal Stadium, Faisalabad",Faisalabad,Pakistan,South Africa,"""Pakistan"" ""South Africa"" ""2025-11-06"" scheduled start time",,,,,,,pending,,,
1501900,2025-11-08,South Africa tour of Pakistan,bilateral_series,"Iqbal Stadium, Faisalabad",Faisalabad,South Africa,Pakistan,"""South Africa"" ""Pakistan"" ""2025-11-08"" scheduled start time",,,,,,,pending,,,
1502167,2025-11-11,Sri Lanka tour of Pakistan,bilateral_series,Rawalpindi Cricket Stadium,Rawalpindi,Pakistan,Sri Lanka,"""Pakistan"" ""Sri Lanka"" ""2025-11-11"" scheduled start time",,,,,,,pending,,,
1502168,2025-11-14,Sri Lanka tour of Pakistan,bilateral_series,Rawalpindi Cricket Stadium,Rawalpindi,Sri Lanka,Pakistan,"""Sri Lanka"" ""Pakistan"" ""2025-11-14"" scheduled start time",,,,,,,pending,,,
1491728,2025-11-16,West Indies tour of New Zealand,bilateral_series,"Hagley Oval, Christchurch",Christchurch,New Zealand,West Indies,"""New Zealand"" ""West Indies"" ""2025-11-16"" scheduled start time",,,,,,,pending,,,
1502169,2025-11-16,Sri Lanka tour of Pakistan,bilateral_series,Rawalpindi Cricket Stadium,Rawalpindi,Sri Lanka,Pakistan,"""Sri Lanka"" ""Pakistan"" ""2025-11-16"" scheduled start time",,,,,,,pending,,,
1491729,2025-11-19,West Indies tour of New Zealand,bilateral_series,"McLean Park, Napier",Napier,West Indies,New Zealand,"""West Indies"" ""New Zealand"" ""2025-11-19"" scheduled start time",,,,,,,pending,,,
1491730,2025-11-22,West Indies tour of New Zealand,bilateral_series,"Seddon Park, Hamilton",Hamilton,West Indies,New Zealand,"""West Indies"" ""New Zealand"" ""2025-11-22"" scheduled start time",,,,,,,pending,,,
1479573,2025-11-30,South Africa tour of India,bilateral_series,"JSCA International Stadium Complex, Ranchi",Ranchi,India,South Africa,"""India"" ""South Africa"" ""2025-11-30"" scheduled start time",,,,,,,pending,,,
1479574,2025-12-03,South Africa tour of India,bilateral_series,"Shaheed Veer Narayan Singh International Stadium, Raipur",Raipur,India,South Africa,"""India"" ""South Africa"" ""2025-12-03"" scheduled start time",,,,,,,pending,,,
1479575,2025-12-06,South Africa tour of India,bilateral_series,"Dr. Y.S. Rajasekhara Reddy ACA-VDCA Cricket Stadium, Visakhapatnam",Visakhapatnam,South Africa,India,"""South Africa"" ""India"" ""2025-12-06"" scheduled start time",,,,,,,pending,,,
1490231,2026-01-11,New Zealand tour of India,bilateral_series,"Kotambi Stadium, Vadodara",Vadodara,New Zealand,India,"""New Zealand"" ""India"" ""2026-01-11"" scheduled start time",,,,,,,pending,,,
1490232,2026-01-14,New Zealand tour of India,bilateral_series,"Niranjan Shah Stadium, Rajkot",Rajkot,India,New Zealand,"""India"" ""New Zealand"" ""2026-01-14"" scheduled start time",,,,,,,pending,,,
1490233,2026-01-18,New Zealand tour of India,bilateral_series,"Holkar Cricket Stadium, Indore",Indore,New Zealand,India,"""New Zealand"" ""India"" ""2026-01-18"" scheduled start time",,,,,,,pending,,,
1507716,2026-01-22,England tour of Sri Lanka,bilateral_series,"R Premadasa Stadium, Colombo",Colombo,Sri Lanka,England,"""Sri Lanka"" ""England"" ""2026-01-22"" scheduled start time",,,,,,,pending,,,
1507717,2026-01-24,England tour of Sri Lanka,bilateral_series,"R Premadasa Stadium, Colombo",Colombo,Sri Lanka,England,"""Sri Lanka"" ""England"" ""2026-01-24"" scheduled start time",,,,,,,pending,,,
1507718,2026-01-27,England tour of Sri Lanka,bilateral_series,"R Premadasa Stadium, Colombo",Colombo,England,Sri Lanka,"""England"" ""Sri Lanka"" ""2026-01-27"" scheduled start time",,,,,,,pending,,,
1525652,2026-03-11,Pakistan tour of Bangladesh,bilateral_series,"Shere Bangla National Stadium, Mirpur",Dhaka,Pakistan,Bangladesh,"""Pakistan"" ""Bangladesh"" ""2026-03-11"" scheduled start time",,,,,,,pending,,,
1525654,2026-03-15,Pakistan tour of Bangladesh,bilateral_series,"Shere Bangla National Stadium, Mirpur",Dhaka,Bangladesh,Pakistan,"""Bangladesh"" ""Pakistan"" ""2026-03-15"" scheduled start time",,,,,,,pending,,,
1529140,2026-04-04,ICC Men's Cricket World Cup League 2,qualification_pathway,"Namibia Cricket Ground, Windhoek",Windhoek,Namibia,Oman,"""Namibia"" ""Oman"" ""2026-04-04"" scheduled start time",,,,,,,pending,,,
1529142,2026-04-08,ICC Men's Cricket World Cup League 2,qualification_pathway,"Namibia Cricket Ground, Windhoek",Windhoek,Oman,Scotland,"""Oman"" ""Scotland"" ""2026-04-08"" scheduled start time",,,,,,,pending,,,
1529143,2026-04-10,ICC Men's Cricket World Cup League 2,qualification_pathway,"Namibia Cricket Ground, Windhoek",Windhoek,Oman,Namibia,"""Oman"" ""Namibia"" ""2026-04-10"" scheduled start time",,,,,,,pending,,,
1529144,2026-04-12,ICC Men's Cricket World Cup League 2,qualification_pathway,"Namibia Cricket Ground, Windhoek",Windhoek,Namibia,Scotland,"""Namibia"" ""Scotland"" ""2026-04-12"" scheduled start time",,,,,,,pending,,,
1528272,2026-04-17,New Zealand tour of Bangladesh,bilateral_series,"Shere Bangla National Stadium, Mirpur",Dhaka,New Zealand,Bangladesh,"""New Zealand"" ""Bangladesh"" ""2026-04-17"" scheduled start time",,,,,,,pending,,,
1528273,2026-04-20,New Zealand tour of Bangladesh,bilateral_series,"Shere Bangla National Stadium, Mirpur",Dhaka,New Zealand,Bangladesh,"""New Zealand"" ""Bangladesh"" ""2026-04-20"" scheduled start time",,,,,,,pending,,,
1528274,2026-04-23,New Zealand tour of Bangladesh,bilateral_series,"Bir Sreshtho Flight Lieutenant Matiur Rahman Stadium, Chattogram",Chattogram,Bangladesh,New Zealand,"""Bangladesh"" ""New Zealand"" ""2026-04-23"" scheduled start time",,,,,,,pending,,,
1531696,2026-04-25,ICC Men's Cricket World Cup League 2,qualification_pathway,"Tribhuvan University International Cricket Ground, Kirtipur",Kirtipur,Nepal,United Arab Emirates,"""Nepal"" ""United Arab Emirates"" ""2026-04-25"" scheduled start time",,,,,,,pending,,,
1531697,2026-04-27,ICC Men's Cricket World Cup League 2,qualification_pathway,"Tribhuvan University International Cricket Ground, Kirtipur",Kirtipur,United Arab Emirates,Oman,"""United Arab Emirates"" ""Oman"" ""2026-04-27"" scheduled start time",,,,,,,pending,,,
1531700,2026-05-03,ICC Men's Cricket World Cup League 2,qualification_pathway,"Tribhuvan University International Cricket Ground, Kirtipur",Kirtipur,United Arab Emirates,Oman,"""United Arab Emirates"" ""Oman"" ""2026-05-03"" scheduled start time",,,,,,,pending,,,
1531701,2026-05-05,ICC Men's Cricket World Cup League 2,qualification_pathway,"Tribhuvan University International Cricket Ground, Kirtipur",Kirtipur,Nepal,Oman,"""Nepal"" ""Oman"" ""2026-05-05"" scheduled start time",,,,,,,pending,,,
1531704,2026-05-16,ICC Men's Cricket World Cup League 2,qualification_pathway,"Tribhuvan University International Cricket Ground, Kirtipur",Kirtipur,United States of America,Nepal,"""United States of America"" ""Nepal"" ""2026-05-16"" scheduled start time",,,,,,,pending,,,
1531705,2026-05-18,ICC Men's Cricket World Cup League 2,qualification_pathway,"Tribhuvan University International Cricket Ground, Kirtipur",Kirtipur,Scotland,Nepal,"""Scotland"" ""Nepal"" ""2026-05-18"" scheduled start time",,,,,,,pending,,,
1531706,2026-05-20,ICC Men's Cricket World Cup League 2,qualification_pathway,"Tribhuvan University International Cricket Ground, Kirtipur",Kirtipur,Scotland,United States of America,"""Scotland"" ""United States of America"" ""2026-05-20"" scheduled start time",,,,,,,pending,,,
1531707,2026-05-22,ICC Men's Cricket World Cup League 2,qualification_pathway,"Tribhuvan University International Cricket Ground, Kirtipur",Kirtipur,Nepal,United States of America,"""Nepal"" ""United States of America"" ""2026-05-22"" scheduled start time",,,,,,,pending,,,
1535645,2026-05-30,Australia tour of Pakistan,bilateral_series,Rawalpindi Cricket Stadium,Rawalpindi,Australia,Pakistan,"""Australia"" ""Pakistan"" ""2026-05-30"" scheduled start time",,,,,,,pending,,,
1535646,2026-06-02,Australia tour of Pakistan,bilateral_series,"Gaddafi Stadium, Lahore",Lahore,Australia,Pakistan,"""Australia"" ""Pakistan"" ""2026-06-02"" scheduled start time",,,,,,,pending,,,
1538304,2026-06-03,Sri Lanka tour of West Indies,bilateral_series,"Sabina Park, Kingston, Jamaica",Kingston,Sri Lanka,West Indies,"""Sri Lanka"" ""West Indies"" ""2026-06-03"" scheduled start time",,,,,,,pending,,,
1535647,2026-06-04,Australia tour of Pakistan,bilateral_series,"Gaddafi Stadium, Lahore",Lahore,Australia,Pakistan,"""Australia"" ""Pakistan"" ""2026-06-04"" scheduled start time",,,,,,,pending,,,
1538425,2026-06-06,ICC Men's Cricket World Cup League 2,qualification_pathway,"Maple Leaf North-West Ground, King City",King City,Canada,United States of America,"""Canada"" ""United States of America"" ""2026-06-06"" scheduled start time",,,,,,,pending,,,
1538426,2026-06-08,ICC Men's Cricket World Cup League 2,qualification_pathway,"Maple Leaf North-West Ground, King City",King City,Netherlands,United States of America,"""Netherlands"" ""United States of America"" ""2026-06-08"" scheduled start time",,,,,,,pending,,,
1538427,2026-06-10,ICC Men's Cricket World Cup League 2,qualification_pathway,"Maple Leaf North-West Ground, King City",King City,Netherlands,Canada,"""Netherlands"" ""Canada"" ""2026-06-10"" scheduled start time",,,,,,,pending,,,
1538428,2026-06-12,ICC Men's Cricket World Cup League 2,qualification_pathway,"Maple Leaf North-West Ground, King City",King City,Canada,United States of America,"""Canada"" ""United States of America"" ""2026-06-12"" scheduled start time",,,,,,,pending,,,
1532482,2026-06-14,Australia tour of Bangladesh,bilateral_series,"Shere Bangla National Stadium, Mirpur",Dhaka,Bangladesh,Australia,"""Bangladesh"" ""Australia"" ""2026-06-14"" scheduled start time",,,,,,,pending,,,
1538298,2026-07-06,Bangladesh tour of Zimbabwe,bilateral_series,Harare Sports Club,Harare,Zimbabwe,Bangladesh,"""Zimbabwe"" ""Bangladesh"" ""2026-07-06"" scheduled start time",,,,,,,pending,,,
1538299,2026-07-09,Bangladesh tour of Zimbabwe,bilateral_series,Harare Sports Club,Harare,Zimbabwe,Bangladesh,"""Zimbabwe"" ""Bangladesh"" ""2026-07-09"" scheduled start time",,,,,,,pending,,,
1538300,2026-07-11,Bangladesh tour of Zimbabwe,bilateral_series,Harare Sports Club,Harare,Zimbabwe,Bangladesh,"""Zimbabwe"" ""Bangladesh"" ""2026-07-11"" scheduled start time",,,,,,,pending,,,
1538624,2026-07-11,New Zealand tour of West Indies,bilateral_series,"Providence Stadium, Guyana",Providence,New Zealand,West Indies,"""New Zealand"" ""West Indies"" ""2026-07-11"" scheduled start time",,,,,,,pending,,,
1538625,2026-07-13,New Zealand tour of West Indies,bilateral_series,"Providence Stadium, Guyana",Providence,West Indies,New Zealand,"""West Indies"" ""New Zealand"" ""2026-07-13"" scheduled start time",,,,,,,pending,,,
1496579,2026-07-14,India tour of England,bilateral_series,"Edgbaston, Birmingham",Birmingham,England,India,"""England"" ""India"" ""2026-07-14"" scheduled start time",,,,,,,pending,,,
1496580,2026-07-16,India tour of England,bilateral_series,"Sophia Gardens, Cardiff",Cardiff,India,England,"""India"" ""England"" ""2026-07-16"" scheduled start time",,,,,,,pending,,,
1538626,2026-07-16,New Zealand tour of West Indies,bilateral_series,"Providence Stadium, Guyana",Providence,West Indies,New Zealand,"""West Indies"" ""New Zealand"" ""2026-07-16"" scheduled start time",,,,,,,pending,,,
1496581,2026-07-19,India tour of England,bilateral_series,"Lord's, London",London,England,India,"""England"" ""India"" ""2026-07-19"" scheduled start time",,,,,,,pending,,,
1538627,2026-07-19,New Zealand tour of West Indies,bilateral_series,"Kensington Oval, Bridgetown, Barbados",Bridgetown,West Indies,New Zealand,"""West Indies"" ""New Zealand"" ""2026-07-19"" scheduled start time",,,,,,,pending,,,
1538628,2026-07-21,New Zealand tour of West Indies,bilateral_series,"Kensington Oval, Bridgetown, Barbados",Bridgetown,New Zealand,West Indies,"""New Zealand"" ""West Indies"" ""2026-07-21"" scheduled start time",,,,,,,pending,,,
1544124,2026-07-21,ICC Men's Cricket World Cup League 2,qualification_pathway,"Sportpark Maarschalkerweerd, Utrecht",Utrecht,Nepal,Namibia,"""Nepal"" ""Namibia"" ""2026-07-21"" scheduled start time",,,,,,,pending,,,
1544125,2026-07-23,ICC Men's Cricket World Cup League 2,qualification_pathway,"Sportpark Maarschalkerweerd, Utrecht",Utrecht,Nepal,Netherlands,"""Nepal"" ""Netherlands"" ""2026-07-23"" scheduled start time",,,,,,,pending,,,
1544126,2026-07-25,ICC Men's Cricket World Cup League 2,qualification_pathway,"Sportpark Maarschalkerweerd, Utrecht",Utrecht,Netherlands,Namibia,"""Netherlands"" ""Namibia"" ""2026-07-25"" scheduled start time",,,,,,,pending,,,
1544127,2026-07-27,ICC Men's Cricket World Cup League 2,qualification_pathway,"Sportpark Maarschalkerweerd, Utrecht",Utrecht,Namibia,Nepal,"""Namibia"" ""Nepal"" ""2026-07-27"" scheduled start time",,,,,,,pending,,,
1544128,2026-07-29,ICC Men's Cricket World Cup League 2,qualification_pathway,"Sportpark Maarschalkerweerd, Utrecht",Utrecht,Netherlands,Nepal,"""Netherlands"" ""Nepal"" ""2026-07-29"" scheduled start time",,,,,,,pending,,,
1544129,2026-07-31,ICC Men's Cricket World Cup League 2,qualification_pathway,"Sportpark Maarschalkerweerd, Utrecht",Utrecht,Netherlands,Namibia,"""Netherlands"" ""Namibia"" ""2026-07-31"" scheduled start time",,,,,,,pending,,,
1546000,2026-08-07,ICC Men's Cricket World Cup League 2,qualification_pathway,"Forthill, Dundee",Dundee,Scotland,Canada,"""Scotland"" ""Canada"" ""2026-08-07"" scheduled start time",,,,,,,pending,,,
1546001,2026-08-09,ICC Men's Cricket World Cup League 2,qualification_pathway,"Forthill, Dundee",Dundee,United Arab Emirates,Scotland,"""United Arab Emirates"" ""Scotland"" ""2026-08-09"" scheduled start time",,,,,,,pending,,,
1546002,2026-08-11,ICC Men's Cricket World Cup League 2,qualification_pathway,"Forthill, Dundee",Dundee,United Arab Emirates,Canada,"""United Arab Emirates"" ""Canada"" ""2026-08-11"" scheduled start time",,,,,,,pending,,,
1546003,2026-08-13,ICC Men's Cricket World Cup League 2,qualification_pathway,"Forthill, Dundee",Dundee,Scotland,Canada,"""Scotland"" ""Canada"" ""2026-08-13"" scheduled start time",,,,,,,pending,,,
1549965,2026-09-08,ACC Men's Premier Cup,other_odi,"YSD-UKM Cricket Oval, Bangi",Bangi,United Arab Emirates,Oman,"""United Arab Emirates"" ""Oman"" ""2026-09-08"" scheduled start time",,,,,,,pending,,,
