cricsheet_match_id,match_date,event_name,competition_type,venue,city,team_1,team_2,espn_match_id_candidate,espn_legacy_match_url_candidate,espn_match_id_verified,espn_match_url_verified,espn_linkage_status,source_search_query,source_url,source_title,published_at_utc,accessed_at_utc,pre_match_verified,coder_id,coder_confidence,pitch_primary_category,batting_ease,pace_seam_support,spin_support,bounce_profile,two_paced_expected,dew_expected,short_paraphrased_note,exclusion_reason
749781,2015-01-11,Sri Lanka in New Zealand ODI Series,bilateral_series,Hagley Oval,Christchurch,Sri Lanka,New Zealand,749781,https://www.espncricinfo.com/ci/engine/match/749781.html,,,unverified_candidate,"site:espncricinfo.com ""Sri Lanka"" ""New Zealand"" ""2015-01-11"" preview pitch conditions",,,,,,,,,,,,,,,,
810829,2015-01-12,Dubai Triangular Series,multi_team_series,Dubai International Cricket Stadium,Unknown,Scotland,Ireland,810829,https://www.espncricinfo.com/ci/engine/match/810829.html,,,unverified_candidate,"site:espncricinfo.com ""Scotland"" ""Ireland"" ""2015-01-12"" preview pitch conditions",,,,,,,,,,,,,,,,
749783,2015-01-15,Sri Lanka in New Zealand ODI Series,bilateral_series,Seddon Park,Hamilton,New Zealand,Sri Lanka,749783,https://www.espncricinfo.com/ci/engine/match/749783.html,,,unverified_candidate,"site:espncricinfo.com ""New Zealand"" ""Sri Lanka"" ""2015-01-15"" preview pitch conditions",,,,,,,,,,,,,,,,
754751,2015-01-16,Carlton Mid One-Day International Tri-Series,multi_team_series,Sydney Cricket Ground,Unknown,England,Australia,754751,https://www.espncricinfo.com/ci/engine/match/754751.html,,,unverified_candidate,"site:espncricinfo.com ""England"" ""Australia"" ""2015-01-16"" preview pitch conditions",,,,,,,,,,,,,,,,
722341,2015-01-18,West Indies in South Africa ODI Series,bilateral_series,New Wanderers Stadium,Johannesburg,South Africa,West Indies,722341,https://www.espncricinfo.com/ci/engine/match/722341.html,,,unverified_candidate,"site:espncricinfo.com ""South Africa"" ""West Indies"" ""2015-01-18"" preview pitch conditions",,,,,,,,,,,,,,,,
754749,2015-01-18,Carlton Mid One-Day International Tri-Series,multi_team_series,Melbourne Cricket Ground,Unknown,India,Australia,754749,https://www.espncricinfo.com/ci/engine/match/754749.html,,,unverified_candidate,"site:espncricinfo.com ""India"" ""Australia"" ""2015-01-18"" preview pitch conditions",,,,,,,,,,,,,,,,
749787,2015-01-20,Sri Lanka in New Zealand ODI Series,bilateral_series,Saxton Oval,Nelson,Sri Lanka,New Zealand,749787,https://www.espncricinfo.com/ci/engine/match/749787.html,,,unverified_candidate,"site:espncricinfo.com ""Sri Lanka"" ""New Zealand"" ""2015-01-20"" preview pitch conditions",,,,,,,,,,,,,,,,
754753,2015-01-20,Carlton Mid One-Day International Tri-Series,multi_team_series,"Brisbane Cricket Ground, Woolloongabba",Brisbane,India,England,754753,https://www.espncricinfo.com/ci/engine/match/754753.html,,,unverified_candidate,"site:espncricinfo.com ""India"" ""England"" ""2015-01-20"" preview pitch conditions",,,,,,,,,,,,,,,,
722343,2015-01-21,West Indies in South Africa ODI Series,bilateral_series,Buffalo Park,East London,West Indies,South Africa,722343,https://www.espncricinfo.com/ci/engine/match/722343.html,,,unverified_candidate,"site:espncricinfo.com ""West Indies"" ""South Africa"" ""2015-01-21"" preview pitch conditions",,,,,,,,,,,,,,,,
749789,2015-01-23,Sri Lanka in New Zealand ODI Series,bilateral_series,University Oval,Dunedin,New Zealand,Sri Lanka,749789,https://www.espncricinfo.com/ci/engine/match/749789.html,,,unverified_candidate,"site:espncricinfo.com ""New Zealand"" ""Sri Lanka"" ""2015-01-23"" preview pitch conditions",,,,,,,,,,,,,,,,
754755,2015-01-23,Carlton Mid One-Day International Tri-Series,multi_team_series,Bellerive Oval,Hobart,England,Australia,754755,https://www.espncricinfo.com/ci/engine/match/754755.html,,,unverified_candidate,"site:espncricinfo.com ""England"" ""Australia"" ""2015-01-23"" preview pitch conditions",,,,,,,,,,,,,,,,
722345,2015-01-25,West Indies in South Africa ODI Series,bilateral_series,St George's Park,Port Elizabeth,South Africa,West Indies,722345,https://www.espncricinfo.com/ci/engine/match/722345.html,,,unverified_candidate,"site:espncricinfo.com ""South Africa"" ""West Indies"" ""2015-01-25"" preview pitch conditions",,,,,,,,,,,,,,,,
749791,2015-01-25,Sri Lanka in New Zealand ODI Series,bilateral_series,University Oval,Dunedin,New Zealand,Sri Lanka,749791,https://www.espncricinfo.com/ci/engine/match/749791.html,,,unverified_candidate,"site:espncricinfo.com ""New Zealand"" ""Sri Lanka"" ""2015-01-25"" preview pitch conditions",,,,,,,,,,,,,,,,
722347,2015-01-28,West Indies in South Africa ODI Series,bilateral_series,SuperSport Park,Centurion,South Africa,West Indies,722347,https://www.espncricinfo.com/ci/engine/match/722347.html,,,unverified_candidate,"site:espncricinfo.com ""South Africa"" ""West Indies"" ""2015-01-28"" preview pitch conditions",,,,,,,,,,,,,,,,
749793,2015-01-29,Sri Lanka in New Zealand ODI Series,bilateral_series,Westpac Stadium,Wellington,Sri Lanka,New Zealand,749793,https://www.espncricinfo.com/ci/engine/match/749793.html,,,unverified_candidate,"site:espncricinfo.com ""Sri Lanka"" ""New Zealand"" ""2015-01-29"" preview pitch conditions",,,,,,,,,,,,,,,,
754759,2015-01-30,Carlton Mid One-Day International Tri-Series,multi_team_series,Western Australia Cricket Association Ground,Perth,India,England,754759,https://www.espncricinfo.com/ci/engine/match/754759.html,,,unverified_candidate,"site:espncricinfo.com ""India"" ""England"" ""2015-01-30"" preview pitch conditions",,,,,,,,,,,,,,,,
749795,2015-01-31,Pakistan in New Zealand ODI Series,bilateral_series,Westpac Stadium,Wellington,Pakistan,New Zealand,749795,https://www.espncricinfo.com/ci/engine/match/749795.html,,,unverified_candidate,"site:espncricinfo.com ""Pakistan"" ""New Zealand"" ""2015-01-31"" preview pitch conditions",,,,,,,,,,,,,,,,
754761,2015-02-01,Carlton Mid One-Day International Tri-Series,multi_team_series,Western Australia Cricket Association Ground,Perth,Australia,England,754761,https://www.espncricinfo.com/ci/engine/match/754761.html,,,unverified_candidate,"site:espncricinfo.com ""Australia"" ""England"" ""2015-02-01"" preview pitch conditions",,,,,,,,,,,,,,,,
749797,2015-02-03,Pakistan in New Zealand ODI Series,bilateral_series,McLean Park,Napier,New Zealand,Pakistan,749797,https://www.espncricinfo.com/ci/engine/match/749797.html,,,unverified_candidate,"site:espncricinfo.com ""New Zealand"" ""Pakistan"" ""2015-02-03"" preview pitch conditions",,,,,,,,,,,,,,,,
656399,2015-02-14,ICC Cricket World Cup,world_cup,Hagley Oval,Christchurch,New Zealand,Sri Lanka,656399,https://www.espncricinfo.com/ci/engine/match/656399.html,,,unverified_candidate,"site:espncricinfo.com ""New Zealand"" ""Sri Lanka"" ""2015-02-14"" preview pitch conditions",,,,,,,,,,,,,,,,
656401,2015-02-14,ICC Cricket World Cup,world_cup,Melbourne Cricket Ground,Unknown,Australia,England,656401,https://www.espncricinfo.com/ci/engine/match/656401.html,,,unverified_candidate,"site:espncricinfo.com ""Australia"" ""England"" ""2015-02-14"" preview pitch conditions",,,,,,,,,,,,,,,,
656403,2015-02-15,ICC Cricket World Cup,world_cup,Seddon Park,Hamilton,South Africa,Zimbabwe,656403,https://www.espncricinfo.com/ci/engine/match/656403.html,,,unverified_candidate,"site:espncricinfo.com ""South Africa"" ""Zimbabwe"" ""2015-02-15"" preview pitch conditions",,,,,,,,,,,,,,,,
656405,2015-02-15,ICC Cricket World Cup,world_cup,Adelaide Oval,Unknown,India,Pakistan,656405,https://www.espncricinfo.com/ci/engine/match/656405.html,,,unverified_candidate,"site:espncricinfo.com ""India"" ""Pakistan"" ""2015-02-15"" preview pitch conditions",,,,,,,,,,,,,,,,
656407,2015-02-16,ICC Cricket World Cup,world_cup,Saxton Oval,Nelson,West Indies,Ireland,656407,https://www.espncricinfo.com/ci/engine/match/656407.html,,,unverified_candidate,"site:espncricinfo.com ""West Indies"" ""Ireland"" ""2015-02-16"" preview pitch conditions",,,,,,,,,,,,,,,,
656409,2015-02-17,ICC Cricket World Cup,world_cup,University Oval,Dunedin,Scotland,New Zealand,656409,https://www.espncricinfo.com/ci/engine/match/656409.html,,,unverified_candidate,"site:espncricinfo.com ""Scotland"" ""New Zealand"" ""2015-02-17"" preview pitch conditions",,,,,,,,,,,,,,,,
656413,2015-02-19,ICC Cricket World Cup,world_cup,Saxton Oval,Nelson,United Arab Emirates,Zimbabwe,656413,https://www.espncricinfo.com/ci/engine/match/656413.html,,,unverified_candidate,"site:espncricinfo.com ""United Arab Emirates"" ""Zimbabwe"" ""2015-02-19"" preview pitch conditions",,,,,,,,,,,,,,,,
656415,2015-02-20,ICC Cricket World Cup,world_cup,Westpac Stadium,Wellington,England,New Zealand,656415,https://www.espncricinfo.com/ci/engine/match/656415.html,,,unverified_candidate,"site:espncricinfo.com ""England"" ""New Zealand"" ""2015-02-20"" preview pitch conditions",,,,,,,,,,,,,,,,
656417,2015-02-21,ICC Cricket World Cup,world_cup,Hagley Oval,Christchurch,West Indies,Pakistan,656417,https://www.espncricinfo.com/ci/engine/match/656417.html,,,unverified_candidate,"site:espncricinfo.com ""West Indies"" ""Pakistan"" ""2015-02-21"" preview pitch conditions",,,,,,,,,,,,,,,,
656423,2015-02-22,ICC Cricket World Cup,world_cup,Melbourne Cricket Ground,Unknown,India,South Africa,656423,https://www.espncricinfo.com/ci/engine/match/656423.html,,,unverified_candidate,"site:espncricinfo.com ""India"" ""South Africa"" ""2015-02-22"" preview pitch conditions",,,,,,,,,,,,,,,,
656425,2015-02-23,ICC Cricket World Cup,world_cup,Hagley Oval,Christchurch,England,Scotland,656425,https://www.espncricinfo.com/ci/engine/match/656425.html,,,unverified_candidate,"site:espncricinfo.com ""England"" ""Scotland"" ""2015-02-23"" preview pitch conditions",,,,,,,,,,,,,,,,
656429,2015-02-25,ICC Cricket World Cup,world_cup,"Brisbane Cricket Ground, Woolloongabba",Brisbane,United Arab Emirates,Ireland,656429,https://www.espncricinfo.com/ci/engine/match/656429.html,,,unverified_candidate,"site:espncricinfo.com ""United Arab Emirates"" ""Ireland"" ""2015-02-25"" preview pitch conditions",,,,,,,,,,,,,,,,
656433,2015-02-26,ICC Cricket World Cup,world_cup,Melbourne Cricket Ground,Unknown,Sri Lanka,Bangladesh,656433,https://www.espncricinfo.com/ci/engine/match/656433.html,,,unverified_candidate,"site:espncricinfo.com ""Sri Lanka"" ""Bangladesh"" ""2015-02-26"" preview pitch conditions",,,,,,,,,,,,,,,,
656435,2015-02-27,ICC Cricket World Cup,world_cup,Sydney Cricket Ground,Unknown,South Africa,West Indies,656435,https://www.espncricinfo.com/ci/engine/match/656435.html,,,unverified_candidate,"site:espncricinfo.com ""South Africa"" ""West Indies"" ""2015-02-27"" preview pitch conditions",,,,,,,,,,,,,,,,
656437,2015-02-28,ICC Cricket World Cup,world_cup,Eden Park,Auckland,Australia,New Zealand,656437,https://www.espncricinfo.com/ci/engine/match/656437.html,,,unverified_candidate,"site:espncricinfo.com ""Australia"" ""New Zealand"" ""2015-02-28"" preview pitch conditions",,,,,,,,,,,,,,,,
656439,2015-02-28,ICC Cricket World Cup,world_cup,Western Australia Cricket Association Ground,Perth,United Arab Emirates,India,656439,https://www.espncricinfo.com/ci/engine/match/656439.html,,,unverified_candidate,"site:espncricinfo.com ""United Arab Emirates"" ""India"" ""2015-02-28"" preview pitch conditions",,,,,,,,,,,,,,,,
656441,2015-03-01,ICC Cricket World Cup,world_cup,Westpac Stadium,Wellington,England,Sri Lanka,656441,https://www.espncricinfo.com/ci/engine/match/656441.html,,,unverified_candidate,"site:espncricinfo.com ""England"" ""Sri Lanka"" ""2015-03-01"" preview pitch conditions",,,,,,,,,,,,,,,,
656443,2015-03-01,ICC Cricket World Cup,world_cup,"Brisbane Cricket Ground, Woolloongabba",Brisbane,Pakistan,Zimbabwe,656443,https://www.espncricinfo.com/ci/engine/match/656443.html,,,unverified_candidate,"site:espncricinfo.com ""Pakistan"" ""Zimbabwe"" ""2015-03-01"" preview pitch conditions",,,,,,,,,,,,,,,,
656445,2015-03-03,ICC Cricket World Cup,world_cup,Manuka Oval,Canberra,South Africa,Ireland,656445,https://www.espncricinfo.com/ci/engine/match/656445.html,,,unverified_candidate,"site:espncricinfo.com ""South Africa"" ""Ireland"" ""2015-03-03"" preview pitch conditions",,,,,,,,,,,,,,,,
656447,2015-03-04,ICC Cricket World Cup,world_cup,McLean Park,Napier,Pakistan,United Arab Emirates,656447,https://www.espncricinfo.com/ci/engine/match/656447.html,,,unverified_candidate,"site:espncricinfo.com ""Pakistan"" ""United Arab Emirates"" ""2015-03-04"" preview pitch conditions",,,,,,,,,,,,,,,,
656451,2015-03-05,ICC Cricket World Cup,world_cup,Saxton Oval,Nelson,Scotland,Bangladesh,656451,https://www.espncricinfo.com/ci/engine/match/656451.html,,,unverified_candidate,"site:espncricinfo.com ""Scotland"" ""Bangladesh"" ""2015-03-05"" preview pitch conditions",,,,,,,,,,,,,,,,
656453,2015-03-06,ICC Cricket World Cup,world_cup,Western Australia Cricket Association Ground,Perth,West Indies,India,656453,https://www.espncricinfo.com/ci/engine/match/656453.html,,,unverified_candidate,"site:espncricinfo.com ""West Indies"" ""India"" ""2015-03-06"" preview pitch conditions",,,,,,,,,,,,,,,,
656457,2015-03-07,ICC Cricket World Cup,world_cup,Bellerive Oval,Hobart,Ireland,Zimbabwe,656457,https://www.espncricinfo.com/ci/engine/match/656457.html,,,unverified_candidate,"site:espncricinfo.com ""Ireland"" ""Zimbabwe"" ""2015-03-07"" preview pitch conditions",,,,,,,,,,,,,,,,
656461,2015-03-08,ICC Cricket World Cup,world_cup,Sydney Cricket Ground,Unknown,Australia,Sri Lanka,656461,https://www.espncricinfo.com/ci/engine/match/656461.html,,,unverified_candidate,"site:espncricinfo.com ""Australia"" ""Sri Lanka"" ""2015-03-08"" preview pitch conditions",,,,,,,,,,,,,,,,
656463,2015-03-09,ICC Cricket World Cup,world_cup,Adelaide Oval,Unknown,Bangladesh,England,656463,https://www.espncricinfo.com/ci/engine/match/656463.html,,,unverified_candidate,"site:espncricinfo.com ""Bangladesh"" ""England"" ""2015-03-09"" preview pitch conditions",,,,,,,,,,,,,,,,
656465,2015-03-10,ICC Cricket World Cup,world_cup,Seddon Park,Hamilton,Ireland,India,656465,https://www.espncricinfo.com/ci/engine/match/656465.html,,,unverified_candidate,"site:espncricinfo.com ""Ireland"" ""India"" ""2015-03-10"" preview pitch conditions",,,,,,,,,,,,,,,,
656467,2015-03-11,ICC Cricket World Cup,world_cup,Bellerive Oval,Hobart,Sri Lanka,Scotland,656467,https://www.espncricinfo.com/ci/engine/match/656467.html,,,unverified_candidate,"site:espncricinfo.com ""Sri Lanka"" ""Scotland"" ""2015-03-11"" preview pitch conditions",,,,,,,,,,,,,,,,
656469,2015-03-12,ICC Cricket World Cup,world_cup,Westpac Stadium,Wellington,South Africa,United Arab Emirates,656469,https://www.espncricinfo.com/ci/engine/match/656469.html,,,unverified_candidate,"site:espncricinfo.com ""South Africa"" ""United Arab Emirates"" ""2015-03-12"" preview pitch conditions",,,,,,,,,,,,,,,,
656471,2015-03-13,ICC Cricket World Cup,world_cup,Seddon Park,Hamilton,Bangladesh,New Zealand,656471,https://www.espncricinfo.com/ci/engine/match/656471.html,,,unverified_candidate,"site:espncricinfo.com ""Bangladesh"" ""New Zealand"" ""2015-03-13"" preview pitch conditions",,,,,,,,,,,,,,,,
656475,2015-03-14,ICC Cricket World Cup,world_cup,Eden Park,Auckland,Zimbabwe,India,656475,https://www.espncricinfo.com/ci/engine/match/656475.html,,,unverified_candidate,"site:espncricinfo.com ""Zimbabwe"" ""India"" ""2015-03-14"" preview pitch conditions",,,,,,,,,,,,,,,,
656477,2015-03-14,ICC Cricket World Cup,world_cup,Bellerive Oval,Hobart,Scotland,Australia,656477,https://www.espncricinfo.com/ci/engine/match/656477.html,,,unverified_candidate,"site:espncricinfo.com ""Scotland"" ""Australia"" ""2015-03-14"" preview pitch conditions",,,,,,,,,,,,,,,,
656479,2015-03-15,ICC Cricket World Cup,world_cup,McLean Park,Napier,United Arab Emirates,West Indies,656479,https://www.espncricinfo.com/ci/engine/match/656479.html,,,unverified_candidate,"site:espncricinfo.com ""United Arab Emirates"" ""West Indies"" ""2015-03-15"" preview pitch conditions",,,,,,,,,,,,,,,,
656481,2015-03-15,ICC Cricket World Cup,world_cup,Adelaide Oval,Unknown,Ireland,Pakistan,656481,https://www.espncricinfo.com/ci/engine/match/656481.html,,,unverified_candidate,"site:espncricinfo.com ""Ireland"" ""Pakistan"" ""2015-03-15"" preview pitch conditions",,,,,,,,,,,,,,,,
656483,2015-03-18,ICC Cricket World Cup,world_cup,Sydney Cricket Ground,Unknown,Sri Lanka,South Africa,656483,https://www.espncricinfo.com/ci/engine/match/656483.html,,,unverified_candidate,"site:espncricinfo.com ""Sri Lanka"" ""South Africa"" ""2015-03-18"" preview pitch conditions",,,,,,,,,,,,,,,,
656485,2015-03-19,ICC Cricket World Cup,world_cup,Melbourne Cricket Ground,Unknown,India,Bangladesh,656485,https://www.espncricinfo.com/ci/engine/match/656485.html,,,unverified_candidate,"site:espncricinfo.com ""India"" ""Bangladesh"" ""2015-03-19"" preview pitch conditions",,,,,,,,,,,,,,,,
656487,2015-03-20,ICC Cricket World Cup,world_cup,Adelaide Oval,Unknown,Pakistan,Australia,656487,https://www.espncricinfo.com/ci/engine/match/656487.html,,,unverified_candidate,"site:espncricinfo.com ""Pakistan"" ""Australia"" ""2015-03-20"" preview pitch conditions",,,,,,,,,,,,,,,,
656489,2015-03-21,ICC Cricket World Cup,world_cup,Westpac Stadium,Wellington,New Zealand,West Indies,656489,https://www.espncricinfo.com/ci/engine/match/656489.html,,,unverified_candidate,"site:espncricinfo.com ""New Zealand"" ""West Indies"" ""2015-03-21"" preview pitch conditions",,,,,,,,,,,,,,,,
656493,2015-03-26,ICC Cricket World Cup,world_cup,Sydney Cricket Ground,Unknown,Australia,India,656493,https://www.espncricinfo.com/ci/engine/match/656493.html,,,unverified_candidate,"site:espncricinfo.com ""Australia"" ""India"" ""2015-03-26"" preview pitch conditions",,,,,,,,,,,,,,,,
656495,2015-03-29,ICC Cricket World Cup,world_cup,Melbourne Cricket Ground,Unknown,New Zealand,Australia,656495,https://www.espncricinfo.com/ci/engine/match/656495.html,,,unverified_candidate,"site:espncricinfo.com ""New Zealand"" ""Australia"" ""2015-03-29"" preview pitch conditions",,,,,,,,,,,,,,,,
858485,2015-04-17,Pakistan in Bangladesh ODI Series,bilateral_series,Shere Bangla National Stadium,Mirpur,Bangladesh,Pakistan,858485,https://www.espncricinfo.com/ci/engine/match/858485.html,,,unverified_candidate,"site:espncricinfo.com ""Bangladesh"" ""Pakistan"" ""2015-04-17"" preview pitch conditions",,,,,,,,,,,,,,,,
858487,2015-04-19,Pakistan in Bangladesh ODI Series,bilateral_series,Shere Bangla National Stadium,Mirpur,Pakistan,Bangladesh,858487,https://www.espncricinfo.com/ci/engine/match/858487.html,,,unverified_candidate,"site:espncricinfo.com ""Pakistan"" ""Bangladesh"" ""2015-04-19"" preview pitch conditions",,,,,,,,,,,,,,,,
858489,2015-04-22,Pakistan in Bangladesh ODI Series,bilateral_series,Shere Bangla National Stadium,Mirpur,Pakistan,Bangladesh,858489,https://www.espncricinfo.com/ci/engine/match/858489.html,,,unverified_candidate,"site:espncricinfo.com ""Pakistan"" ""Bangladesh"" ""2015-04-22"" preview pitch conditions",,,,,,,,,,,,,,,,
868727,2015-05-26,Zimbabwe in Pakistan ODI Series,bilateral_series,Gaddafi Stadium,Lahore,Pakistan,Zimbabwe,868727,https://www.espncricinfo.com/ci/engine/match/868727.html,,,unverified_candidate,"site:espncricinfo.com ""Pakistan"" ""Zimbabwe"" ""2015-05-26"" preview pitch conditions",,,,,,,,,,,,,,,,
868729,2015-05-29,Zimbabwe in Pakistan ODI Series,bilateral_series,Gaddafi Stadium,Lahore,Zimbabwe,Pakistan,868729,https://www.espncricinfo.com/ci/engine/match/868729.html,,,unverified_candidate,"site:espncricinfo.com ""Zimbabwe"" ""Pakistan"" ""2015-05-29"" preview pitch conditions",,,,,,,,,,,,,,,,
743943,2015-06-09,New Zealand in England ODI Series,bilateral_series,Edgbaston,Birmingham,England,New Zealand,743943,https://www.espncricinfo.com/ci/engine/match/743943.html,,,unverified_candidate,"site:espncricinfo.com ""England"" ""New Zealand"" ""2015-06-09"" preview pitch conditions",,,,,,,,,,,,,,,,
743947,2015-06-14,New Zealand in England ODI Series,bilateral_series,The Rose Bowl,Southampton,England,New Zealand,743947,https://www.espncricinfo.com/ci/engine/match/743947.html,,,unverified_candidate,"site:espncricinfo.com ""England"" ""New Zealand"" ""2015-06-14"" preview pitch conditions",,,,,,,,,,,,,,,,
743949,2015-06-17,New Zealand in England ODI Series,bilateral_series,Trent Bridge,Nottingham,New Zealand,England,743949,https://www.espncricinfo.com/ci/engine/match/743949.html,,,unverified_candidate,"site:espncricinfo.com ""New Zealand"" ""England"" ""2015-06-17"" preview pitch conditions",,,,,,,,,,,,,,,,
870731,2015-06-18,India in Bangladesh ODI Series,bilateral_series,Shere Bangla National Stadium,Mirpur,Bangladesh,India,870731,https://www.espncricinfo.com/ci/engine/match/870731.html,,,unverified_candidate,"site:espncricinfo.com ""Bangladesh"" ""India"" ""2015-06-18"" preview pitch conditions",,,,,,,,,,,,,,,,
870735,2015-06-24,India in Bangladesh ODI Series,bilateral_series,Shere Bangla National Stadium,Mirpur,India,Bangladesh,870735,https://www.espncricinfo.com/ci/engine/match/870735.html,,,unverified_candidate,"site:espncricinfo.com ""India"" ""Bangladesh"" ""2015-06-24"" preview pitch conditions",,,,,,,,,,,,,,,,
817207,2015-07-10,South Africa in Bangladesh ODI Series,bilateral_series,Shere Bangla National Stadium,Mirpur,Bangladesh,South Africa,817207,https://www.espncricinfo.com/ci/engine/match/817207.html,,,unverified_candidate,"site:espncricinfo.com ""Bangladesh"" ""South Africa"" ""2015-07-10"" preview pitch conditions",,,,,,,,,,,,,,,,
885959,2015-07-10,India in Zimbabwe ODI Series,bilateral_series,Harare Sports Club,Unknown,India,Zimbabwe,885959,https://www.espncricinfo.com/ci/engine/match/885959.html,,,unverified_candidate,"site:espncricinfo.com ""India"" ""Zimbabwe"" ""2015-07-10"" preview pitch conditions",,,,,,,,,,,,,,,,
860269,2015-07-11,Pakistan in Sri Lanka ODI Series,bilateral_series,Rangiri Dambulla International Stadium,Unknown,Sri Lanka,Pakistan,860269,https://www.espncricinfo.com/ci/engine/match/860269.html,,,unverified_candidate,"site:espncricinfo.com ""Sri Lanka"" ""Pakistan"" ""2015-07-11"" preview pitch conditions",,,,,,,,,,,,,,,,
817209,2015-07-12,South Africa in Bangladesh ODI Series,bilateral_series,Shere Bangla National Stadium,Mirpur,South Africa,Bangladesh,817209,https://www.espncricinfo.com/ci/engine/match/817209.html,,,unverified_candidate,"site:espncricinfo.com ""South Africa"" ""Bangladesh"" ""2015-07-12"" preview pitch conditions",,,,,,,,,,,,,,,,
885965,2015-07-12,India in Zimbabwe ODI Series,bilateral_series,Harare Sports Club,Unknown,India,Zimbabwe,885965,https://www.espncricinfo.com/ci/engine/match/885965.html,,,unverified_candidate,"site:espncricinfo.com ""India"" ""Zimbabwe"" ""2015-07-12"" preview pitch conditions",,,,,,,,,,,,,,,,
885967,2015-07-14,India in Zimbabwe ODI Series,bilateral_series,Harare Sports Club,Unknown,India,Zimbabwe,885967,https://www.espncricinfo.com/ci/engine/match/885967.html,,,unverified_candidate,"site:espncricinfo.com ""India"" ""Zimbabwe"" ""2015-07-14"" preview pitch conditions",,,,,,,,,,,,,,,,
860271,2015-07-15,Pakistan in Sri Lanka ODI Series,bilateral_series,Pallekele International Cricket Stadium,Unknown,Pakistan,Sri Lanka,860271,https://www.espncricinfo.com/ci/engine/match/860271.html,,,unverified_candidate,"site:espncricinfo.com ""Pakistan"" ""Sri Lanka"" ""2015-07-15"" preview pitch conditions",,,,,,,,,,,,,,,,
860273,2015-07-19,Pakistan in Sri Lanka ODI Series,bilateral_series,R Premadasa Stadium,Colombo,Pakistan,Sri Lanka,860273,https://www.espncricinfo.com/ci/engine/match/860273.html,,,unverified_candidate,"site:espncricinfo.com ""Pakistan"" ""Sri Lanka"" ""2015-07-19"" preview pitch conditions",,,,,,,,,,,,,,,,
860275,2015-07-22,Pakistan in Sri Lanka ODI Series,bilateral_series,R Premadasa Stadium,Colombo,Sri Lanka,Pakistan,860275,https://www.espncricinfo.com/ci/engine/match/860275.html,,,unverified_candidate,"site:espncricinfo.com ""Sri Lanka"" ""Pakistan"" ""2015-07-22"" preview pitch conditions",,,,,,,,,,,,,,,,
860277,2015-07-26,Pakistan in Sri Lanka ODI Series,bilateral_series,"Mahinda Rajapaksa International Cricket Stadium, Sooriyawewa",Hambantota,Sri Lanka,Pakistan,860277,https://www.espncricinfo.com/ci/engine/match/860277.html,,,unverified_candidate,"site:espncricinfo.com ""Sri Lanka"" ""Pakistan"" ""2015-07-26"" preview pitch conditions",,,,,,,,,,,,,,,,
894287,2015-08-02,New Zealand in Zimbabwe ODI Series,bilateral_series,Harare Sports Club,Unknown,New Zealand,Zimbabwe,894287,https://www.espncricinfo.com/ci/engine/match/894287.html,,,unverified_candidate,"site:espncricinfo.com ""New Zealand"" ""Zimbabwe"" ""2015-08-02"" preview pitch conditions",,,,,,,,,,,,,,,,
894289,2015-08-04,New Zealand in Zimbabwe ODI Series,bilateral_series,Harare Sports Club,Unknown,Zimbabwe,New Zealand,894289,https://www.espncricinfo.com/ci/engine/match/894289.html,,,unverified_candidate,"site:espncricinfo.com ""Zimbabwe"" ""New Zealand"" ""2015-08-04"" preview pitch conditions",,,,,,,,,,,,,,,,
894291,2015-08-07,New Zealand in Zimbabwe ODI Series,bilateral_series,Harare Sports Club,Unknown,New Zealand,Zimbabwe,894291,https://www.espncricinfo.com/ci/engine/match/894291.html,,,unverified_candidate,"site:espncricinfo.com ""New Zealand"" ""Zimbabwe"" ""2015-08-07"" preview pitch conditions",,,,,,,,,,,,,,,,
848843,2015-08-19,New Zealand in South Africa ODI Series,bilateral_series,SuperSport Park,Centurion,South Africa,New Zealand,848843,https://www.espncricinfo.com/ci/engine/match/848843.html,,,unverified_candidate,"site:espncricinfo.com ""South Africa"" ""New Zealand"" ""2015-08-19"" preview pitch conditions",,,,,,,,,,,,,,,,
848845,2015-08-23,New Zealand in South Africa ODI Series,bilateral_series,Senwes Park,Potchefstroom,South Africa,New Zealand,848845,https://www.espncricinfo.com/ci/engine/match/848845.html,,,unverified_candidate,"site:espncricinfo.com ""South Africa"" ""New Zealand"" ""2015-08-23"" preview pitch conditions",,,,,,,,,,,,,,,,
848847,2015-08-26,New Zealand in South Africa ODI Series,bilateral_series,Kingsmead,Durban,South Africa,New Zealand,848847,https://www.espncricinfo.com/ci/engine/match/848847.html,,,unverified_candidate,"site:espncricinfo.com ""South Africa"" ""New Zealand"" ""2015-08-26"" preview pitch conditions",,,,,,,,,,,,,,,,
743977,2015-09-03,Australia in England ODI Series,bilateral_series,The Rose Bowl,Southampton,Australia,England,743977,https://www.espncricinfo.com/ci/engine/match/743977.html,,,unverified_candidate,"site:espncricinfo.com ""Australia"" ""England"" ""2015-09-03"" preview pitch conditions",,,,,,,,,,,,,,,,
743979,2015-09-05,Australia in England ODI Series,bilateral_series,Lord's,London,Australia,England,743979,https://www.espncricinfo.com/ci/engine/match/743979.html,,,unverified_candidate,"site:espncricinfo.com ""Australia"" ""England"" ""2015-09-05"" preview pitch conditions",,,,,,,,,,,,,,,,
743981,2015-09-08,Australia in England ODI Series,bilateral_series,Old Trafford,Manchester,England,Australia,743981,https://www.espncricinfo.com/ci/engine/match/743981.html,,,unverified_candidate,"site:espncricinfo.com ""England"" ""Australia"" ""2015-09-08"" preview pitch conditions",,,,,,,,,,,,,,,,
743983,2015-09-11,Australia in England ODI Series,bilateral_series,Headingley,Leeds,Australia,England,743983,https://www.espncricinfo.com/ci/engine/match/743983.html,,,unverified_candidate,"site:espncricinfo.com ""Australia"" ""England"" ""2015-09-11"" preview pitch conditions",,,,,,,,,,,,,,,,
743985,2015-09-13,Australia in England ODI Series,bilateral_series,Old Trafford,Manchester,England,Australia,743985,https://www.espncricinfo.com/ci/engine/match/743985.html,,,unverified_candidate,"site:espncricinfo.com ""England"" ""Australia"" ""2015-09-13"" preview pitch conditions",,,,,,,,,,,,,,,,
919607,2015-10-01,Pakistan in Zimbabwe ODI Series,bilateral_series,Harare Sports Club,Unknown,Pakistan,Zimbabwe,919607,https://www.espncricinfo.com/ci/engine/match/919607.html,,,unverified_candidate,"site:espncricinfo.com ""Pakistan"" ""Zimbabwe"" ""2015-10-01"" preview pitch conditions",,,,,,,,,,,,,,,,
919611,2015-10-05,Pakistan in Zimbabwe ODI Series,bilateral_series,Harare Sports Club,Unknown,Zimbabwe,Pakistan,919611,https://www.espncricinfo.com/ci/engine/match/919611.html,,,unverified_candidate,"site:espncricinfo.com ""Zimbabwe"" ""Pakistan"" ""2015-10-05"" preview pitch conditions",,,,,,,,,,,,,,,,
919613,2015-10-09,Ireland in Zimbabwe ODI Series,bilateral_series,Harare Sports Club,Unknown,Ireland,Zimbabwe,919613,https://www.espncricinfo.com/ci/engine/match/919613.html,,,unverified_candidate,"site:espncricinfo.com ""Ireland"" ""Zimbabwe"" ""2015-10-09"" preview pitch conditions",,,,,,,,,,,,,,,,
903593,2015-10-11,South Africa in India ODI Series,bilateral_series,Green Park,Kanpur,South Africa,India,903593,https://www.espncricinfo.com/ci/engine/match/903593.html,,,unverified_candidate,"site:espncricinfo.com ""South Africa"" ""India"" ""2015-10-11"" preview pitch conditions",,,,,,,,,,,,,,,,
919615,2015-10-11,Ireland in Zimbabwe ODI Series,bilateral_series,Harare Sports Club,Unknown,Ireland,Zimbabwe,919615,https://www.espncricinfo.com/ci/engine/match/919615.html,,,unverified_candidate,"site:espncricinfo.com ""Ireland"" ""Zimbabwe"" ""2015-10-11"" preview pitch conditions",,,,,,,,,,,,,,,,
919617,2015-10-13,Ireland in Zimbabwe ODI Series,bilateral_series,Harare Sports Club,Unknown,Zimbabwe,Ireland,919617,https://www.espncricinfo.com/ci/engine/match/919617.html,,,unverified_candidate,"site:espncricinfo.com ""Zimbabwe"" ""Ireland"" ""2015-10-13"" preview pitch conditions",,,,,,,,,,,,,,,,
903595,2015-10-14,South Africa in India ODI Series,bilateral_series,Holkar Cricket Stadium,Indore,India,South Africa,903595,https://www.espncricinfo.com/ci/engine/match/903595.html,,,unverified_candidate,"site:espncricinfo.com ""India"" ""South Africa"" ""2015-10-14"" preview pitch conditions",,,,,,,,,,,,,,,,
903597,2015-10-18,South Africa in India ODI Series,bilateral_series,Saurashtra Cricket Association Stadium,Rajkot,South Africa,India,903597,https://www.espncricinfo.com/ci/engine/match/903597.html,,,unverified_candidate,"site:espncricinfo.com ""South Africa"" ""India"" ""2015-10-18"" preview pitch conditions",,,,,,,,,,,,,,,,
903599,2015-10-22,South Africa in India ODI Series,bilateral_series,"MA Chidambaram Stadium, Chepauk",Chennai,India,South Africa,903599,https://www.espncricinfo.com/ci/engine/match/903599.html,,,unverified_candidate,"site:espncricinfo.com ""India"" ""South Africa"" ""2015-10-22"" preview pitch conditions",,,,,,,,,,,,,,,,
903601,2015-10-25,South Africa in India ODI Series,bilateral_series,Wankhede Stadium,Mumbai,South Africa,India,903601,https://www.espncricinfo.com/ci/engine/match/903601.html,,,unverified_candidate,"site:espncricinfo.com ""South Africa"" ""India"" ""2015-10-25"" preview pitch conditions",,,,,,,,,,,,,,,,
931390,2015-11-07,Zimbabwe in Bangladesh ODI Series,bilateral_series,Shere Bangla National Stadium,Mirpur,Bangladesh,Zimbabwe,931390,https://www.espncricinfo.com/ci/engine/match/931390.html,,,unverified_candidate,"site:espncricinfo.com ""Bangladesh"" ""Zimbabwe"" ""2015-11-07"" preview pitch conditions",,,,,,,,,,,,,,,,
931392,2015-11-09,Zimbabwe in Bangladesh ODI Series,bilateral_series,Shere Bangla National Stadium,Mirpur,Bangladesh,Zimbabwe,931392,https://www.espncricinfo.com/ci/engine/match/931392.html,,,unverified_candidate,"site:espncricinfo.com ""Bangladesh"" ""Zimbabwe"" ""2015-11-09"" preview pitch conditions",,,,,,,,,,,,,,,,
902641,2015-11-11,Pakistan v England ODI Series,other_odi,Sheikh Zayed Stadium,Abu Dhabi,England,Pakistan,902641,https://www.espncricinfo.com/ci/engine/match/902641.html,,,unverified_candidate,"site:espncricinfo.com ""England"" ""Pakistan"" ""2015-11-11"" preview pitch conditions",,,,,,,,,,,,,,,,
931394,2015-11-11,Zimbabwe in Bangladesh ODI Series,bilateral_series,Shere Bangla National Stadium,Mirpur,Bangladesh,Zimbabwe,931394,https://www.espncricinfo.com/ci/engine/match/931394.html,,,unverified_candidate,"site:espncricinfo.com ""Bangladesh"" ""Zimbabwe"" ""2015-11-11"" preview pitch conditions",,,,,,,,,,,,,,,,
902643,2015-11-13,Pakistan v England ODI Series,other_odi,Sheikh Zayed Stadium,Abu Dhabi,England,Pakistan,902643,https://www.espncricinfo.com/ci/engine/match/902643.html,,,unverified_candidate,"site:espncricinfo.com ""England"" ""Pakistan"" ""2015-11-13"" preview pitch conditions",,,,,,,,,,,,,,,,
911049,2015-11-16,ICC World Cricket League Championship,qualification_pathway,ICC Academy,Dubai,Hong Kong,United Arab Emirates,911049,https://www.espncricinfo.com/ci/engine/match/911049.html,,,unverified_candidate,"site:espncricinfo.com ""Hong Kong"" ""United Arab Emirates"" ""2015-11-16"" preview pitch conditions",,,,,,,,,,,,,,,,
902645,2015-11-17,Pakistan v England ODI Series,other_odi,Sharjah Cricket Stadium,Unknown,Pakistan,England,902645,https://www.espncricinfo.com/ci/engine/match/902645.html,,,unverified_candidate,"site:espncricinfo.com ""Pakistan"" ""England"" ""2015-11-17"" preview pitch conditions",,,,,,,,,,,,,,,,
902647,2015-11-20,Pakistan v England ODI Series,other_odi,Dubai International Cricket Stadium,Unknown,England,Pakistan,902647,https://www.espncricinfo.com/ci/engine/match/902647.html,,,unverified_candidate,"site:espncricinfo.com ""England"" ""Pakistan"" ""2015-11-20"" preview pitch conditions",,,,,,,,,,,,,,,,
914207,2015-12-26,Sri Lanka in New Zealand ODI Series,bilateral_series,Hagley Oval,Christchurch,Sri Lanka,New Zealand,914207,https://www.espncricinfo.com/ci/engine/match/914207.html,,,unverified_candidate,"site:espncricinfo.com ""Sri Lanka"" ""New Zealand"" ""2015-12-26"" preview pitch conditions",,,,,,,,,,,,,,,,
914211,2015-12-31,Sri Lanka in New Zealand ODI Series,bilateral_series,Saxton Oval,Nelson,New Zealand,Sri Lanka,914211,https://www.espncricinfo.com/ci/engine/match/914211.html,,,unverified_candidate,"site:espncricinfo.com ""New Zealand"" ""Sri Lanka"" ""2015-12-31"" preview pitch conditions",,,,,,,,,,,,,,,,
914215,2016-01-05,Sri Lanka in New Zealand ODI Series,bilateral_series,Bay Oval,Mount Maunganui,New Zealand,Sri Lanka,914215,https://www.espncricinfo.com/ci/engine/match/914215.html,,,unverified_candidate,"site:espncricinfo.com ""New Zealand"" ""Sri Lanka"" ""2016-01-05"" preview pitch conditions",,,,,,,,,,,,,,,,
895807,2016-01-12,India in Australia ODI Series,bilateral_series,Western Australia Cricket Association Ground,Perth,India,Australia,895807,https://www.espncricinfo.com/ci/engine/match/895807.html,,,unverified_candidate,"site:espncricinfo.com ""India"" ""Australia"" ""2016-01-12"" preview pitch conditions",,,,,,,,,,,,,,,,
895809,2016-01-15,India in Australia ODI Series,bilateral_series,"Brisbane Cricket Ground, Woolloongabba",Brisbane,India,Australia,895809,https://www.espncricinfo.com/ci/engine/match/895809.html,,,unverified_candidate,"site:espncricinfo.com ""India"" ""Australia"" ""2016-01-15"" preview pitch conditions",,,,,,,,,,,,,,,,
895811,2016-01-17,India in Australia ODI Series,bilateral_series,Melbourne Cricket Ground,Unknown,India,Australia,895811,https://www.espncricinfo.com/ci/engine/match/895811.html,,,unverified_candidate,"site:espncricinfo.com ""India"" ""Australia"" ""2016-01-17"" preview pitch conditions",,,,,,,,,,,,,,,,
895813,2016-01-20,India in Australia ODI Series,bilateral_series,Manuka Oval,Canberra,Australia,India,895813,https://www.espncricinfo.com/ci/engine/match/895813.html,,,unverified_candidate,"site:espncricinfo.com ""Australia"" ""India"" ""2016-01-20"" preview pitch conditions",,,,,,,,,,,,,,,,
895815,2016-01-23,India in Australia ODI Series,bilateral_series,Sydney Cricket Ground,Unknown,Australia,India,895815,https://www.espncricinfo.com/ci/engine/match/895815.html,,,unverified_candidate,"site:espncricinfo.com ""Australia"" ""India"" ""2016-01-23"" preview pitch conditions",,,,,,,,,,,,,,,,
914227,2016-01-25,Pakistan in New Zealand ODI Series,bilateral_series,Basin Reserve,Wellington,New Zealand,Pakistan,914227,https://www.espncricinfo.com/ci/engine/match/914227.html,,,unverified_candidate,"site:espncricinfo.com ""New Zealand"" ""Pakistan"" ""2016-01-25"" preview pitch conditions",,,,,,,,,,,,,,,,
914231,2016-02-03,Chappell-Hadlee Trophy,other_odi,Eden Park,Auckland,New Zealand,Australia,914231,https://www.espncricinfo.com/ci/engine/match/914231.html,,,unverified_candidate,"site:espncricinfo.com ""New Zealand"" ""Australia"" ""2016-02-03"" preview pitch conditions",,,,,,,,,,,,,,,,
800471,2016-02-06,England in South Africa ODI Series,bilateral_series,St George's Park,Port Elizabeth,South Africa,England,800471,https://www.espncricinfo.com/ci/engine/match/800471.html,,,unverified_candidate,"site:espncricinfo.com ""South Africa"" ""England"" ""2016-02-06"" preview pitch conditions",,,,,,,,,,,,,,,,
914233,2016-02-06,Chappell-Hadlee Trophy,other_odi,Westpac Stadium,Wellington,New Zealand,Australia,914233,https://www.espncricinfo.com/ci/engine/match/914233.html,,,unverified_candidate,"site:espncricinfo.com ""New Zealand"" ""Australia"" ""2016-02-06"" preview pitch conditions",,,,,,,,,,,,,,,,
914235,2016-02-08,Chappell-Hadlee Trophy,other_odi,Seddon Park,Hamilton,New Zealand,Australia,914235,https://www.espncricinfo.com/ci/engine/match/914235.html,,,unverified_candidate,"site:espncricinfo.com ""New Zealand"" ""Australia"" ""2016-02-08"" preview pitch conditions",,,,,,,,,,,,,,,,
800473,2016-02-09,England in South Africa ODI Series,bilateral_series,SuperSport Park,Centurion,England,South Africa,800473,https://www.espncricinfo.com/ci/engine/match/800473.html,,,unverified_candidate,"site:espncricinfo.com ""England"" ""South Africa"" ""2016-02-09"" preview pitch conditions",,,,,,,,,,,,,,,,
800475,2016-02-12,England in South Africa ODI Series,bilateral_series,New Wanderers Stadium,Johannesburg,England,South Africa,800475,https://www.espncricinfo.com/ci/engine/match/800475.html,,,unverified_candidate,"site:espncricinfo.com ""England"" ""South Africa"" ""2016-02-12"" preview pitch conditions",,,,,,,,,,,,,,,,
800477,2016-02-14,England in South Africa ODI Series,bilateral_series,Newlands,Cape Town,England,South Africa,800477,https://www.espncricinfo.com/ci/engine/match/800477.html,,,unverified_candidate,"site:espncricinfo.com ""England"" ""South Africa"" ""2016-02-14"" preview pitch conditions",,,,,,,,,,,,,,,,
932849,2016-06-03,West Indies Tri-Nation Series,multi_team_series,Providence Stadium,Guyana,South Africa,West Indies,932849,https://www.espncricinfo.com/ci/engine/match/932849.html,,,unverified_candidate,"site:espncricinfo.com ""South Africa"" ""West Indies"" ""2016-06-03"" preview pitch conditions",,,,,,,,,,,,,,,,
932851,2016-06-05,West Indies Tri-Nation Series,multi_team_series,Providence Stadium,Guyana,West Indies,Australia,932851,https://www.espncricinfo.com/ci/engine/match/932851.html,,,unverified_candidate,"site:espncricinfo.com ""West Indies"" ""Australia"" ""2016-06-05"" preview pitch conditions",,,,,,,,,,,,,,,,
932853,2016-06-07,West Indies Tri-Nation Series,multi_team_series,Providence Stadium,Guyana,South Africa,Australia,932853,https://www.espncricinfo.com/ci/engine/match/932853.html,,,unverified_candidate,"site:espncricinfo.com ""South Africa"" ""Australia"" ""2016-06-07"" preview pitch conditions",,,,,,,,,,,,,,,,
1007649,2016-06-11,India in Zimbabwe ODI Series,bilateral_series,Harare Sports Club,Unknown,Zimbabwe,India,1007649,https://www.espncricinfo.com/ci/engine/match/1007649.html,,,unverified_candidate,"site:espncricinfo.com ""Zimbabwe"" ""India"" ""2016-06-11"" preview pitch conditions",,,,,,,,,,,,,,,,
932855,2016-06-11,West Indies Tri-Nation Series,multi_team_series,"Warner Park, Basseterre",St Kitts,Australia,South Africa,932855,https://www.espncricinfo.com/ci/engine/match/932855.html,,,unverified_candidate,"site:espncricinfo.com ""Australia"" ""South Africa"" ""2016-06-11"" preview pitch conditions",,,,,,,,,,,,,,,,
1007651,2016-06-13,India in Zimbabwe ODI Series,bilateral_series,Harare Sports Club,Unknown,Zimbabwe,India,1007651,https://www.espncricinfo.com/ci/engine/match/1007651.html,,,unverified_candidate,"site:espncricinfo.com ""Zimbabwe"" ""India"" ""2016-06-13"" preview pitch conditions",,,,,,,,,,,,,,,,
932857,2016-06-13,West Indies Tri-Nation Series,multi_team_series,"Warner Park, Basseterre",St Kitts,Australia,West Indies,932857,https://www.espncricinfo.com/ci/engine/match/932857.html,,,unverified_candidate,"site:espncricinfo.com ""Australia"" ""West Indies"" ""2016-06-13"" preview pitch conditions",,,,,,,,,,,,,,,,
1007653,2016-06-15,India in Zimbabwe ODI Series,bilateral_series,Harare Sports Club,Unknown,Zimbabwe,India,1007653,https://www.espncricinfo.com/ci/engine/match/1007653.html,,,unverified_candidate,"site:espncricinfo.com ""Zimbabwe"" ""India"" ""2016-06-15"" preview pitch conditions",,,,,,,,,,,,,,,,
932859,2016-06-15,West Indies Tri-Nation Series,multi_team_series,"Warner Park, Basseterre",St Kitts,South Africa,West Indies,932859,https://www.espncricinfo.com/ci/engine/match/932859.html,,,unverified_candidate,"site:espncricinfo.com ""South Africa"" ""West Indies"" ""2016-06-15"" preview pitch conditions",,,,,,,,,,,,,,,,
913621,2016-06-18,Sri Lanka in Ireland ODI Series,bilateral_series,"The Village, Malahide",Dublin,Sri Lanka,Ireland,913621,https://www.espncricinfo.com/ci/engine/match/913621.html,,,unverified_candidate,"site:espncricinfo.com ""Sri Lanka"" ""Ireland"" ""2016-06-18"" preview pitch conditions",,,,,,,,,,,,,,,,
932863,2016-06-21,West Indies Tri-Nation Series,multi_team_series,"Kensington Oval, Bridgetown",Barbados,West Indies,Australia,932863,https://www.espncricinfo.com/ci/engine/match/932863.html,,,unverified_candidate,"site:espncricinfo.com ""West Indies"" ""Australia"" ""2016-06-21"" preview pitch conditions",,,,,,,,,,,,,,,,
913625,2016-06-24,Sri Lanka in England ODI Series,bilateral_series,Edgbaston,Birmingham,Sri Lanka,England,913625,https://www.espncricinfo.com/ci/engine/match/913625.html,,,unverified_candidate,"site:espncricinfo.com ""Sri Lanka"" ""England"" ""2016-06-24"" preview pitch conditions",,,,,,,,,,,,,,,,
932865,2016-06-24,West Indies Tri-Nation Series,multi_team_series,"Kensington Oval, Bridgetown",Barbados,West Indies,South Africa,932865,https://www.espncricinfo.com/ci/engine/match/932865.html,,,unverified_candidate,"site:espncricinfo.com ""West Indies"" ""South Africa"" ""2016-06-24"" preview pitch conditions",,,,,,,,,,,,,,,,
932867,2016-06-26,West Indies Tri-Nation Series,multi_team_series,"Kensington Oval, Bridgetown",Barbados,Australia,West Indies,932867,https://www.espncricinfo.com/ci/engine/match/932867.html,,,unverified_candidate,"site:espncricinfo.com ""Australia"" ""West Indies"" ""2016-06-26"" preview pitch conditions",,,,,,,,,,,,,,,,
913631,2016-07-02,Sri Lanka in England ODI Series,bilateral_series,Sophia Gardens,Cardiff,England,Sri Lanka,913631,https://www.espncricinfo.com/ci/engine/match/913631.html,,,unverified_candidate,"site:espncricinfo.com ""England"" ""Sri Lanka"" ""2016-07-02"" preview pitch conditions",,,,,,,,,,,,,,,,
997993,2016-08-14,ICC World Cricket League Championship,qualification_pathway,"Grange Cricket Club Ground, Raeburn Place",Edinburgh,Scotland,United Arab Emirates,997993,https://www.espncricinfo.com/ci/engine/match/997993.html,,,unverified_candidate,"site:espncricinfo.com ""Scotland"" ""United Arab Emirates"" ""2016-08-14"" preview pitch conditions",,,,,,,,,,,,,,,,
997995,2016-08-16,ICC World Cricket League Championship,qualification_pathway,"Grange Cricket Club Ground, Raeburn Place",Edinburgh,United Arab Emirates,Scotland,997995,https://www.espncricinfo.com/ci/engine/match/997995.html,,,unverified_candidate,"site:espncricinfo.com ""United Arab Emirates"" ""Scotland"" ""2016-08-16"" preview pitch conditions",,,,,,,,,,,,,,,,
913649,2016-08-18,Pakistan in Ireland ODI Series,bilateral_series,"The Village, Malahide",Dublin,Pakistan,Ireland,913649,https://www.espncricinfo.com/ci/engine/match/913649.html,,,unverified_candidate,"site:espncricinfo.com ""Pakistan"" ""Ireland"" ""2016-08-18"" preview pitch conditions",,,,,,,,,,,,,,,,
995457,2016-08-21,Australia in Sri Lanka ODI Series,bilateral_series,R Premadasa Stadium,Colombo,Sri Lanka,Australia,995457,https://www.espncricinfo.com/ci/engine/match/995457.html,,,unverified_candidate,"site:espncricinfo.com ""Sri Lanka"" ""Australia"" ""2016-08-21"" preview pitch conditions",,,,,,,,,,,,,,,,
995459,2016-08-24,Australia in Sri Lanka ODI Series,bilateral_series,R Premadasa Stadium,Colombo,Sri Lanka,Australia,995459,https://www.espncricinfo.com/ci/engine/match/995459.html,,,unverified_candidate,"site:espncricinfo.com ""Sri Lanka"" ""Australia"" ""2016-08-24"" preview pitch conditions",,,,,,,,,,,,,,,,
913655,2016-08-27,Pakistan in England ODI Series,bilateral_series,Lord's,London,Pakistan,England,913655,https://www.espncricinfo.com/ci/engine/match/913655.html,,,unverified_candidate,"site:espncricinfo.com ""Pakistan"" ""England"" ""2016-08-27"" preview pitch conditions",,,,,,,,,,,,,,,,
995461,2016-08-28,Australia in Sri Lanka ODI Series,bilateral_series,Rangiri Dambulla International Stadium,Unknown,Sri Lanka,Australia,995461,https://www.espncricinfo.com/ci/engine/match/995461.html,,,unverified_candidate,"site:espncricinfo.com ""Sri Lanka"" ""Australia"" ""2016-08-28"" preview pitch conditions",,,,,,,,,,,,,,,,
913657,2016-08-30,Pakistan in England ODI Series,bilateral_series,Trent Bridge,Nottingham,England,Pakistan,913657,https://www.espncricinfo.com/ci/engine/match/913657.html,,,unverified_candidate,"site:espncricinfo.com ""England"" ""Pakistan"" ""2016-08-30"" preview pitch conditions",,,,,,,,,,,,,,,,
995463,2016-08-31,Australia in Sri Lanka ODI Series,bilateral_series,Rangiri Dambulla International Stadium,Unknown,Sri Lanka,Australia,995463,https://www.espncricinfo.com/ci/engine/match/995463.html,,,unverified_candidate,"site:espncricinfo.com ""Sri Lanka"" ""Australia"" ""2016-08-31"" preview pitch conditions",,,,,,,,,,,,,,,,
913659,2016-09-01,Pakistan in England ODI Series,bilateral_series,Headingley,Leeds,Pakistan,England,913659,https://www.espncricinfo.com/ci/engine/match/913659.html,,,unverified_candidate,"site:espncricinfo.com ""Pakistan"" ""England"" ""2016-09-01"" preview pitch conditions",,,,,,,,,,,,,,,,
913661,2016-09-04,Pakistan in England ODI Series,bilateral_series,Sophia Gardens,Cardiff,England,Pakistan,913661,https://www.espncricinfo.com/ci/engine/match/913661.html,,,unverified_candidate,"site:espncricinfo.com ""England"" ""Pakistan"" ""2016-09-04"" preview pitch conditions",,,,,,,,,,,,,,,,
995465,2016-09-04,Australia in Sri Lanka ODI Series,bilateral_series,Pallekele International Cricket Stadium,Unknown,Sri Lanka,Australia,995465,https://www.espncricinfo.com/ci/engine/match/995465.html,,,unverified_candidate,"site:espncricinfo.com ""Sri Lanka"" ""Australia"" ""2016-09-04"" preview pitch conditions",,,,,,,,,,,,,,,,
1004285,2016-09-10,Hong Kong in Scotland ODI Series,bilateral_series,"Grange Cricket Club Ground, Raeburn Place",Edinburgh,Scotland,Hong Kong,1004285,https://www.espncricinfo.com/ci/engine/match/1004285.html,,,unverified_candidate,"site:espncricinfo.com ""Scotland"" ""Hong Kong"" ""2016-09-10"" preview pitch conditions",,,,,,,,,,,,,,,,
936131,2016-09-25,Unknown,other_odi,Willowmoore Park,Benoni,South Africa,Ireland,936131,https://www.espncricinfo.com/ci/engine/match/936131.html,,,unverified_candidate,"site:espncricinfo.com ""South Africa"" ""Ireland"" ""2016-09-25"" preview pitch conditions",,,,,,,,,,,,,,,,
936135,2016-09-30,Australia in South Africa ODI Series,bilateral_series,SuperSport Park,Centurion,Australia,South Africa,936135,https://www.espncricinfo.com/ci/engine/match/936135.html,,,unverified_candidate,"site:espncricinfo.com ""Australia"" ""South Africa"" ""2016-09-30"" preview pitch conditions",,,,,,,,,,,,,,,,
1050225,2016-10-02,Pakistan v West Indies ODI Series,other_odi,Sharjah Cricket Stadium,Unknown,Pakistan,West Indies,1050225,https://www.espncricinfo.com/ci/engine/match/1050225.html,,,unverified_candidate,"site:espncricinfo.com ""Pakistan"" ""West Indies"" ""2016-10-02"" preview pitch conditions",,,,,,,,,,,,,,,,
936137,2016-10-02,Australia in South Africa ODI Series,bilateral_series,New Wanderers Stadium,Johannesburg,South Africa,Australia,936137,https://www.espncricinfo.com/ci/engine/match/936137.html,,,unverified_candidate,"site:espncricinfo.com ""South Africa"" ""Australia"" ""2016-10-02"" preview pitch conditions",,,,,,,,,,,,,,,,
1050227,2016-10-05,Pakistan v West Indies ODI Series,other_odi,Sheikh Zayed Stadium,Abu Dhabi,Pakistan,West Indies,1050227,https://www.espncricinfo.com/ci/engine/match/1050227.html,,,unverified_candidate,"site:espncricinfo.com ""Pakistan"" ""West Indies"" ""2016-10-05"" preview pitch conditions",,,,,,,,,,,,,,,,
936139,2016-10-05,Australia in South Africa ODI Series,bilateral_series,Kingsmead,Durban,Australia,South Africa,936139,https://www.espncricinfo.com/ci/engine/match/936139.html,,,unverified_candidate,"site:espncricinfo.com ""Australia"" ""South Africa"" ""2016-10-05"" preview pitch conditions",,,,,,,,,,,,,,,,
1029819,2016-10-07,England in Bangladesh ODI Series,bilateral_series,Shere Bangla National Stadium,Mirpur,England,Bangladesh,1029819,https://www.espncricinfo.com/ci/engine/match/1029819.html,,,unverified_candidate,"site:espncricinfo.com ""England"" ""Bangladesh"" ""2016-10-07"" preview pitch conditions",,,,,,,,,,,,,,,,
1029821,2016-10-09,England in Bangladesh ODI Series,bilateral_series,Shere Bangla National Stadium,Mirpur,Bangladesh,England,1029821,https://www.espncricinfo.com/ci/engine/match/1029821.html,,,unverified_candidate,"site:espncricinfo.com ""Bangladesh"" ""England"" ""2016-10-09"" preview pitch conditions",,,,,,,,,,,,,,,,
936141,2016-10-09,Australia in South Africa ODI Series,bilateral_series,St George's Park,Port Elizabeth,Australia,South Africa,936141,https://www.espncricinfo.com/ci/engine/match/936141.html,,,unverified_candidate,"site:espncricinfo.com ""Australia"" ""South Africa"" ""2016-10-09"" preview pitch conditions",,,,,,,,,,,,,,,,
1029823,2016-10-12,England in Bangladesh ODI Series,bilateral_series,Zahur Ahmed Chowdhury Stadium,Chittagong,Bangladesh,England,1029823,https://www.espncricinfo.com/ci/engine/match/1029823.html,,,unverified_candidate,"site:espncricinfo.com ""Bangladesh"" ""England"" ""2016-10-12"" preview pitch conditions",,,,,,,,,,,,,,,,
936143,2016-10-12,Australia in South Africa ODI Series,bilateral_series,Newlands,Cape Town,South Africa,Australia,936143,https://www.espncricinfo.com/ci/engine/match/936143.html,,,unverified_candidate,"site:espncricinfo.com ""South Africa"" ""Australia"" ""2016-10-12"" preview pitch conditions",,,,,,,,,,,,,,,,
1030219,2016-10-16,New Zealand in India ODI Series,bilateral_series,Himachal Pradesh Cricket Association Stadium,Dharmasala,New Zealand,India,1030219,https://www.espncricinfo.com/ci/engine/match/1030219.html,,,unverified_candidate,"site:espncricinfo.com ""New Zealand"" ""India"" ""2016-10-16"" preview pitch conditions",,,,,,,,,,,,,,,,
1030221,2016-10-20,New Zealand in India ODI Series,bilateral_series,Feroz Shah Kotla,Delhi,New Zealand,India,1030221,https://www.espncricinfo.com/ci/engine/match/1030221.html,,,unverified_candidate,"site:espncricinfo.com ""New Zealand"" ""India"" ""2016-10-20"" preview pitch conditions",,,,,,,,,,,,,,,,
1030223,2016-10-23,New Zealand in India ODI Series,bilateral_series,"Punjab Cricket Association Stadium, Mohali",Chandigarh,New Zealand,India,1030223,https://www.espncricinfo.com/ci/engine/match/1030223.html,,,unverified_candidate,"site:espncricinfo.com ""New Zealand"" ""India"" ""2016-10-23"" preview pitch conditions",,,,,,,,,,,,,,,,
1030225,2016-10-26,New Zealand in India ODI Series,bilateral_series,JSCA International Stadium Complex,Ranchi,New Zealand,India,1030225,https://www.espncricinfo.com/ci/engine/match/1030225.html,,,unverified_candidate,"site:espncricinfo.com ""New Zealand"" ""India"" ""2016-10-26"" preview pitch conditions",,,,,,,,,,,,,,,,
1030227,2016-10-29,New Zealand in India ODI Series,bilateral_series,Dr. Y.S. Rajasekhara Reddy ACA-VDCA Cricket Stadium,Visakhapatnam,India,New Zealand,1030227,https://www.espncricinfo.com/ci/engine/match/1030227.html,,,unverified_candidate,"site:espncricinfo.com ""India"" ""New Zealand"" ""2016-10-29"" preview pitch conditions",,,,,,,,,,,,,,,,
1026847,2016-11-04,Papua New Guinea in Hong Kong ODI Series,bilateral_series,"Mission Road Ground, Mong Kok",Hong Kong,Hong Kong,Papua New Guinea,1026847,https://www.espncricinfo.com/ci/engine/match/1026847.html,,,unverified_candidate,"site:espncricinfo.com ""Hong Kong"" ""Papua New Guinea"" ""2016-11-04"" preview pitch conditions",,,,,,,,,,,,,,,,
1026849,2016-11-06,Papua New Guinea in Hong Kong ODI Series,bilateral_series,"Mission Road Ground, Mong Kok",Hong Kong,Papua New Guinea,Hong Kong,1026849,https://www.espncricinfo.com/ci/engine/match/1026849.html,,,unverified_candidate,"site:espncricinfo.com ""Papua New Guinea"" ""Hong Kong"" ""2016-11-06"" preview pitch conditions",,,,,,,,,,,,,,,,
1059710,2016-11-14,Zimbabwe Tri-Nation Series,multi_team_series,Harare Sports Club,Unknown,Zimbabwe,Sri Lanka,1059710,https://www.espncricinfo.com/ci/engine/match/1059710.html,,,unverified_candidate,"site:espncricinfo.com ""Zimbabwe"" ""Sri Lanka"" ""2016-11-14"" preview pitch conditions",,,,,,,,,,,,,,,,
1059711,2016-11-16,Zimbabwe Tri-Nation Series,multi_team_series,Harare Sports Club,Unknown,West Indies,Sri Lanka,1059711,https://www.espncricinfo.com/ci/engine/match/1059711.html,,,unverified_candidate,"site:espncricinfo.com ""West Indies"" ""Sri Lanka"" ""2016-11-16"" preview pitch conditions",,,,,,,,,,,,,,,,
1059714,2016-11-23,Zimbabwe Tri-Nation Series,multi_team_series,Queens Sports Club,Bulawayo,Sri Lanka,West Indies,1059714,https://www.espncricinfo.com/ci/engine/match/1059714.html,,,unverified_candidate,"site:espncricinfo.com ""Sri Lanka"" ""West Indies"" ""2016-11-23"" preview pitch conditions",,,,,,,,,,,,,,,,
1059716,2016-11-27,Zimbabwe Tri-Nation Series,multi_team_series,Queens Sports Club,Bulawayo,Zimbabwe,Sri Lanka,1059716,https://www.espncricinfo.com/ci/engine/match/1059716.html,,,unverified_candidate,"site:espncricinfo.com ""Zimbabwe"" ""Sri Lanka"" ""2016-11-27"" preview pitch conditions",,,,,,,,,,,,,,,,
1001371,2016-12-04,Chappell-Hadlee Trophy,other_odi,Sydney Cricket Ground,Unknown,Australia,New Zealand,1001371,https://www.espncricinfo.com/ci/engine/match/1001371.html,,,unverified_candidate,"site:espncricinfo.com ""Australia"" ""New Zealand"" ""2016-12-04"" preview pitch conditions",,,,,,,,,,,,,,,,
1001373,2016-12-06,Chappell-Hadlee Trophy,other_odi,Manuka Oval,Canberra,Australia,New Zealand,1001373,https://www.espncricinfo.com/ci/engine/match/1001373.html,,,unverified_candidate,"site:espncricinfo.com ""Australia"" ""New Zealand"" ""2016-12-06"" preview pitch conditions",,,,,,,,,,,,,,,,
1001375,2016-12-09,Chappell-Hadlee Trophy,other_odi,Melbourne Cricket Ground,Unknown,Australia,New Zealand,1001375,https://www.espncricinfo.com/ci/engine/match/1001375.html,,,unverified_candidate,"site:espncricinfo.com ""Australia"" ""New Zealand"" ""2016-12-09"" preview pitch conditions",,,,,,,,,,,,,,,,
1019973,2016-12-26,Bangladesh in New Zealand ODI Series,bilateral_series,Hagley Oval,Christchurch,New Zealand,Bangladesh,1019973,https://www.espncricinfo.com/ci/engine/match/1019973.html,,,unverified_candidate,"site:espncricinfo.com ""New Zealand"" ""Bangladesh"" ""2016-12-26"" preview pitch conditions",,,,,,,,,,,,,,,,
1019975,2016-12-29,Bangladesh in New Zealand ODI Series,bilateral_series,Saxton Oval,Nelson,New Zealand,Bangladesh,1019975,https://www.espncricinfo.com/ci/engine/match/1019975.html,,,unverified_candidate,"site:espncricinfo.com ""New Zealand"" ""Bangladesh"" ""2016-12-29"" preview pitch conditions",,,,,,,,,,,,,,,,
1019977,2016-12-31,Bangladesh in New Zealand ODI Series,bilateral_series,Saxton Oval,Nelson,Bangladesh,New Zealand,1019977,https://www.espncricinfo.com/ci/engine/match/1019977.html,,,unverified_candidate,"site:espncricinfo.com ""Bangladesh"" ""New Zealand"" ""2016-12-31"" preview pitch conditions",,,,,,,,,,,,,,,,
1000887,2017-01-13,Pakistan in Australia ODI Series,bilateral_series,"Brisbane Cricket Ground, Woolloongabba",Brisbane,Australia,Pakistan,1000887,https://www.espncricinfo.com/ci/engine/match/1000887.html,,,unverified_candidate,"site:espncricinfo.com ""Australia"" ""Pakistan"" ""2017-01-13"" preview pitch conditions",,,,,,,,,,,,,,,,
1000889,2017-01-15,Pakistan in Australia ODI Series,bilateral_series,Melbourne Cricket Ground,Unknown,Australia,Pakistan,1000889,https://www.espncricinfo.com/ci/engine/match/1000889.html,,,unverified_candidate,"site:espncricinfo.com ""Australia"" ""Pakistan"" ""2017-01-15"" preview pitch conditions",,,,,,,,,,,,,,,,
1034819,2017-01-15,England in India ODI Series,bilateral_series,Maharashtra Cricket Association Stadium,Pune,England,India,1034819,https://www.espncricinfo.com/ci/engine/match/1034819.html,,,unverified_candidate,"site:espncricinfo.com ""England"" ""India"" ""2017-01-15"" preview pitch conditions",,,,,,,,,,,,,,,,
1000891,2017-01-19,Pakistan in Australia ODI Series,bilateral_series,Western Australia Cricket Association Ground,Perth,Pakistan,Australia,1000891,https://www.espncricinfo.com/ci/engine/match/1000891.html,,,unverified_candidate,"site:espncricinfo.com ""Pakistan"" ""Australia"" ""2017-01-19"" preview pitch conditions",,,,,,,,,,,,,,,,
1034821,2017-01-19,England in India ODI Series,bilateral_series,Barabati Stadium,Cuttack,India,England,1034821,https://www.espncricinfo.com/ci/engine/match/1034821.html,,,unverified_candidate,"site:espncricinfo.com ""India"" ""England"" ""2017-01-19"" preview pitch conditions",,,,,,,,,,,,,,,,
1000893,2017-01-22,Pakistan in Australia ODI Series,bilateral_series,Sydney Cricket Ground,Unknown,Australia,Pakistan,1000893,https://www.espncricinfo.com/ci/engine/match/1000893.html,,,unverified_candidate,"site:espncricinfo.com ""Australia"" ""Pakistan"" ""2017-01-22"" preview pitch conditions",,,,,,,,,,,,,,,,
1034823,2017-01-22,England in India ODI Series,bilateral_series,Eden Gardens,Kolkata,England,India,1034823,https://www.espncricinfo.com/ci/engine/match/1034823.html,,,unverified_candidate,"site:espncricinfo.com ""England"" ""India"" ""2017-01-22"" preview pitch conditions",,,,,,,,,,,,,,,,
1078659,2017-01-22,United Arab Emirates Tri-Nation Series,multi_team_series,Sheikh Zayed Stadium,Abu Dhabi,Scotland,Hong Kong,1078659,https://www.espncricinfo.com/ci/engine/match/1078659.html,,,unverified_candidate,"site:espncricinfo.com ""Scotland"" ""Hong Kong"" ""2017-01-22"" preview pitch conditions",,,,,,,,,,,,,,,,
1078660,2017-01-24,United Arab Emirates Tri-Nation Series,multi_team_series,Dubai International Cricket Stadium,Unknown,Scotland,United Arab Emirates,1078660,https://www.espncricinfo.com/ci/engine/match/1078660.html,,,unverified_candidate,"site:espncricinfo.com ""Scotland"" ""United Arab Emirates"" ""2017-01-24"" preview pitch conditions",,,,,,,,,,,,,,,,
1000895,2017-01-26,Pakistan in Australia ODI Series,bilateral_series,Adelaide Oval,Unknown,Australia,Pakistan,1000895,https://www.espncricinfo.com/ci/engine/match/1000895.html,,,unverified_candidate,"site:espncricinfo.com ""Australia"" ""Pakistan"" ""2017-01-26"" preview pitch conditions",,,,,,,,,,,,,,,,
1078661,2017-01-26,United Arab Emirates Tri-Nation Series,multi_team_series,Dubai International Cricket Stadium,Unknown,Hong Kong,United Arab Emirates,1078661,https://www.espncricinfo.com/ci/engine/match/1078661.html,,,unverified_candidate,"site:espncricinfo.com ""Hong Kong"" ""United Arab Emirates"" ""2017-01-26"" preview pitch conditions",,,,,,,,,,,,,,,,
936159,2017-01-28,Sri Lanka in South Africa ODI Series,bilateral_series,St George's Park,Port Elizabeth,Sri Lanka,South Africa,936159,https://www.espncricinfo.com/ci/engine/match/936159.html,,,unverified_candidate,"site:espncricinfo.com ""Sri Lanka"" ""South Africa"" ""2017-01-28"" preview pitch conditions",,,,,,,,,,,,,,,,
1020013,2017-01-30,Chappell-Hadlee Trophy,other_odi,Eden Park,Auckland,New Zealand,Australia,1020013,https://www.espncricinfo.com/ci/engine/match/1020013.html,,,unverified_candidate,"site:espncricinfo.com ""New Zealand"" ""Australia"" ""2017-01-30"" preview pitch conditions",,,,,,,,,,,,,,,,
936161,2017-02-01,Sri Lanka in South Africa ODI Series,bilateral_series,Kingsmead,Durban,South Africa,Sri Lanka,936161,https://www.espncricinfo.com/ci/engine/match/936161.html,,,unverified_candidate,"site:espncricinfo.com ""South Africa"" ""Sri Lanka"" ""2017-02-01"" preview pitch conditions",,,,,,,,,,,,,,,,
936163,2017-02-04,Sri Lanka in South Africa ODI Series,bilateral_series,New Wanderers Stadium,Johannesburg,Sri Lanka,South Africa,936163,https://www.espncricinfo.com/ci/engine/match/936163.html,,,unverified_candidate,"site:espncricinfo.com ""Sri Lanka"" ""South Africa"" ""2017-02-04"" preview pitch conditions",,,,,,,,,,,,,,,,
1020017,2017-02-05,Chappell-Hadlee Trophy,other_odi,Seddon Park,Hamilton,New Zealand,Australia,1020017,https://www.espncricinfo.com/ci/engine/match/1020017.html,,,unverified_candidate,"site:espncricinfo.com ""New Zealand"" ""Australia"" ""2017-02-05"" preview pitch conditions",,,,,,,,,,,,,,,,
936165,2017-02-07,Sri Lanka in South Africa ODI Series,bilateral_series,Newlands,Cape Town,South Africa,Sri Lanka,936165,https://www.espncricinfo.com/ci/engine/match/936165.html,,,unverified_candidate,"site:espncricinfo.com ""South Africa"" ""Sri Lanka"" ""2017-02-07"" preview pitch conditions",,,,,,,,,,,,,,,,
936167,2017-02-10,Sri Lanka in South Africa ODI Series,bilateral_series,SuperSport Park,Centurion,South Africa,Sri Lanka,936167,https://www.espncricinfo.com/ci/engine/match/936167.html,,,unverified_candidate,"site:espncricinfo.com ""South Africa"" ""Sri Lanka"" ""2017-02-10"" preview pitch conditions",,,,,,,,,,,,,,,,
1020031,2017-02-19,South Africa in New Zealand ODI Series,bilateral_series,Seddon Park,Hamilton,New Zealand,South Africa,1020031,https://www.espncricinfo.com/ci/engine/match/1020031.html,,,unverified_candidate,"site:espncricinfo.com ""New Zealand"" ""South Africa"" ""2017-02-19"" preview pitch conditions",,,,,,,,,,,,,,,,
1020033,2017-02-22,South Africa in New Zealand ODI Series,bilateral_series,Hagley Oval,Christchurch,New Zealand,South Africa,1020033,https://www.espncricinfo.com/ci/engine/match/1020033.html,,,unverified_candidate,"site:espncricinfo.com ""New Zealand"" ""South Africa"" ""2017-02-22"" preview pitch conditions",,,,,,,,,,,,,,,,
1020035,2017-02-25,South Africa in New Zealand ODI Series,bilateral_series,Westpac Stadium,Wellington,South Africa,New Zealand,1020035,https://www.espncricinfo.com/ci/engine/match/1020035.html,,,unverified_candidate,"site:espncricinfo.com ""South Africa"" ""New Zealand"" ""2017-02-25"" preview pitch conditions",,,,,,,,,,,,,,,,
1020037,2017-03-01,South Africa in New Zealand ODI Series,bilateral_series,Seddon Park,Hamilton,South Africa,New Zealand,1020037,https://www.espncricinfo.com/ci/engine/match/1020037.html,,,unverified_candidate,"site:espncricinfo.com ""South Africa"" ""New Zealand"" ""2017-03-01"" preview pitch conditions",,,,,,,,,,,,,,,,
1080630,2017-03-02,Ireland in United Arab Emirates ODI Series,bilateral_series,ICC Global Cricket Academy,Dubai,Ireland,United Arab Emirates,1080630,https://www.espncricinfo.com/ci/engine/match/1080630.html,,,unverified_candidate,"site:espncricinfo.com ""Ireland"" ""United Arab Emirates"" ""2017-03-02"" preview pitch conditions",,,,,,,,,,,,,,,,
1027315,2017-03-03,England in West Indies ODI Series,bilateral_series,"Sir Vivian Richards Stadium, North Sound",Antigua,England,West Indies,1027315,https://www.espncricinfo.com/ci/engine/match/1027315.html,,,unverified_candidate,"site:espncricinfo.com ""England"" ""West Indies"" ""2017-03-03"" preview pitch conditions",,,,,,,,,,,,,,,,
1020039,2017-03-04,South Africa in New Zealand ODI Series,bilateral_series,Eden Park,Auckland,New Zealand,South Africa,1020039,https://www.espncricinfo.com/ci/engine/match/1020039.html,,,unverified_candidate,"site:espncricinfo.com ""New Zealand"" ""South Africa"" ""2017-03-04"" preview pitch conditions",,,,,,,,,,,,,,,,
1080631,2017-03-04,Ireland in United Arab Emirates ODI Series,bilateral_series,ICC Global Cricket Academy,Dubai,United Arab Emirates,Ireland,1080631,https://www.espncricinfo.com/ci/engine/match/1080631.html,,,unverified_candidate,"site:espncricinfo.com ""United Arab Emirates"" ""Ireland"" ""2017-03-04"" preview pitch conditions",,,,,,,,,,,,,,,,
1027317,2017-03-05,England in West Indies ODI Series,bilateral_series,"Sir Vivian Richards Stadium, North Sound",Antigua,West Indies,England,1027317,https://www.espncricinfo.com/ci/engine/match/1027317.html,,,unverified_candidate,"site:espncricinfo.com ""West Indies"" ""England"" ""2017-03-05"" preview pitch conditions",,,,,,,,,,,,,,,,
1027319,2017-03-09,England in West Indies ODI Series,bilateral_series,"Kensington Oval, Bridgetown",Barbados,England,West Indies,1027319,https://www.espncricinfo.com/ci/engine/match/1027319.html,,,unverified_candidate,"site:espncricinfo.com ""England"" ""West Indies"" ""2017-03-09"" preview pitch conditions",,,,,,,,,,,,,,,,
1083446,2017-03-25,Bangladesh in Sri Lanka ODI Series,bilateral_series,Rangiri Dambulla International Stadium,Unknown,Bangladesh,Sri Lanka,1083446,https://www.espncricinfo.com/ci/engine/match/1083446.html,,,unverified_candidate,"site:espncricinfo.com ""Bangladesh"" ""Sri Lanka"" ""2017-03-25"" preview pitch conditions",,,,,,,,,,,,,,,,
1083448,2017-04-01,Bangladesh in Sri Lanka ODI Series,bilateral_series,Sinhalese Sports Club Ground,Colombo,Sri Lanka,Bangladesh,1083448,https://www.espncricinfo.com/ci/engine/match/1083448.html,,,unverified_candidate,"site:espncricinfo.com ""Sri Lanka"" ""Bangladesh"" ""2017-04-01"" preview pitch conditions",,,,,,,,,,,,,,,,
1068737,2017-04-02,ICC World Cricket League Championship,qualification_pathway,Sheikh Zayed Stadium,Abu Dhabi,Papua New Guinea,United Arab Emirates,1068737,https://www.espncricinfo.com/ci/engine/match/1068737.html,,,unverified_candidate,"site:espncricinfo.com ""Papua New Guinea"" ""United Arab Emirates"" ""2017-04-02"" preview pitch conditions",,,,,,,,,,,,,,,,
1089183,2017-04-04,Papua New Guinea in United Arab Emirates ODI Series,bilateral_series,Sheikh Zayed Stadium,Abu Dhabi,United Arab Emirates,Papua New Guinea,1089183,https://www.espncricinfo.com/ci/engine/match/1089183.html,,,unverified_candidate,"site:espncricinfo.com ""United Arab Emirates"" ""Papua New Guinea"" ""2017-04-04"" preview pitch conditions",,,,,,,,,,,,,,,,
1077949,2017-04-07,Pakistan in West Indies ODI Series,bilateral_series,Providence Stadium,Guyana,Pakistan,West Indies,1077949,https://www.espncricinfo.com/ci/engine/match/1077949.html,,,unverified_candidate,"site:espncricinfo.com ""Pakistan"" ""West Indies"" ""2017-04-07"" preview pitch conditions",,,,,,,,,,,,,,,,
1077950,2017-04-09,Pakistan in West Indies ODI Series,bilateral_series,Providence Stadium,Guyana,Pakistan,West Indies,1077950,https://www.espncricinfo.com/ci/engine/match/1077950.html,,,unverified_candidate,"site:espncricinfo.com ""Pakistan"" ""West Indies"" ""2017-04-09"" preview pitch conditions",,,,,,,,,,,,,,,,
1077951,2017-04-11,Pakistan in West Indies ODI Series,bilateral_series,Providence Stadium,Guyana,West Indies,Pakistan,1077951,https://www.espncricinfo.com/ci/engine/match/1077951.html,,,unverified_candidate,"site:espncricinfo.com ""West Indies"" ""Pakistan"" ""2017-04-11"" preview pitch conditions",,,,,,,,,,,,,,,,
1029001,2017-05-05,Ireland in England ODI Series,bilateral_series,County Ground,Bristol,Ireland,England,1029001,https://www.espncricinfo.com/ci/engine/match/1029001.html,,,unverified_candidate,"site:espncricinfo.com ""Ireland"" ""England"" ""2017-05-05"" preview pitch conditions",,,,,,,,,,,,,,,,
1029003,2017-05-07,Ireland in England ODI Series,bilateral_series,Lord's,London,England,Ireland,1029003,https://www.espncricinfo.com/ci/engine/match/1029003.html,,,unverified_candidate,"site:espncricinfo.com ""England"" ""Ireland"" ""2017-05-07"" preview pitch conditions",,,,,,,,,,,,,,,,
1033363,2017-05-14,Ireland Tri-Nation Series,multi_team_series,Malahide,Dublin,New Zealand,Ireland,1033363,https://www.espncricinfo.com/ci/engine/match/1033363.html,,,unverified_candidate,"site:espncricinfo.com ""New Zealand"" ""Ireland"" ""2017-05-14"" preview pitch conditions",,,,,,,,,,,,,,,,
1033365,2017-05-17,Ireland Tri-Nation Series,multi_team_series,Clontarf Cricket Club Ground,Dublin,Bangladesh,New Zealand,1033365,https://www.espncricinfo.com/ci/engine/match/1033365.html,,,unverified_candidate,"site:espncricinfo.com ""Bangladesh"" ""New Zealand"" ""2017-05-17"" preview pitch conditions",,,,,,,,,,,,,,,,
1033367,2017-05-19,Ireland Tri-Nation Series,multi_team_series,Malahide,Dublin,Ireland,Bangladesh,1033367,https://www.espncricinfo.com/ci/engine/match/1033367.html,,,unverified_candidate,"site:espncricinfo.com ""Ireland"" ""Bangladesh"" ""2017-05-19"" preview pitch conditions",,,,,,,,,,,,,,,,
1033369,2017-05-21,Ireland Tri-Nation Series,multi_team_series,Malahide,Dublin,New Zealand,Ireland,1033369,https://www.espncricinfo.com/ci/engine/match/1033369.html,,,unverified_candidate,"site:espncricinfo.com ""New Zealand"" ""Ireland"" ""2017-05-21"" preview pitch conditions",,,,,,,,,,,,,,,,
1031425,2017-05-24,South Africa in England ODI Series,bilateral_series,Headingley,Leeds,England,South Africa,1031425,https://www.espncricinfo.com/ci/engine/match/1031425.html,,,unverified_candidate,"site:espncricinfo.com ""England"" ""South Africa"" ""2017-05-24"" preview pitch conditions",,,,,,,,,,,,,,,,
1033371,2017-05-24,Ireland Tri-Nation Series,multi_team_series,Clontarf Cricket Club Ground,Dublin,New Zealand,Bangladesh,1033371,https://www.espncricinfo.com/ci/engine/match/1033371.html,,,unverified_candidate,"site:espncricinfo.com ""New Zealand"" ""Bangladesh"" ""2017-05-24"" preview pitch conditions",,,,,,,,,,,,,,,,
1031427,2017-05-27,South Africa in England ODI Series,bilateral_series,The Rose Bowl,Southampton,England,South Africa,1031427,https://www.espncricinfo.com/ci/engine/match/1031427.html,,,unverified_candidate,"site:espncricinfo.com ""England"" ""South Africa"" ""2017-05-27"" preview pitch conditions",,,,,,,,,,,,,,,,
1031429,2017-05-29,South Africa in England ODI Series,bilateral_series,Lord's,London,England,South Africa,1031429,https://www.espncricinfo.com/ci/engine/match/1031429.html,,,unverified_candidate,"site:espncricinfo.com ""England"" ""South Africa"" ""2017-05-29"" preview pitch conditions",,,,,,,,,,,,,,,,
1022347,2017-06-01,ICC Champions Trophy,champions_trophy,Kennington Oval,London,Bangladesh,England,1022347,https://www.espncricinfo.com/ci/engine/match/1022347.html,,,unverified_candidate,"site:espncricinfo.com ""Bangladesh"" ""England"" ""2017-06-01"" preview pitch conditions",,,,,,,,,,,,,,,,
1022351,2017-06-03,ICC Champions Trophy,champions_trophy,Kennington Oval,London,South Africa,Sri Lanka,1022351,https://www.espncricinfo.com/ci/engine/match/1022351.html,,,unverified_candidate,"site:espncricinfo.com ""South Africa"" ""Sri Lanka"" ""2017-06-03"" preview pitch conditions",,,,,,,,,,,,,,,,
1022357,2017-06-06,ICC Champions Trophy,champions_trophy,Sophia Gardens,Cardiff,England,New Zealand,1022357,https://www.espncricinfo.com/ci/engine/match/1022357.html,,,unverified_candidate,"site:espncricinfo.com ""England"" ""New Zealand"" ""2017-06-06"" preview pitch conditions",,,,,,,,,,,,,,,,
1022361,2017-06-08,ICC Champions Trophy,champions_trophy,Kennington Oval,London,India,Sri Lanka,1022361,https://www.espncricinfo.com/ci/engine/match/1022361.html,,,unverified_candidate,"site:espncricinfo.com ""India"" ""Sri Lanka"" ""2017-06-08"" preview pitch conditions",,,,,,,,,,,,,,,,
1022363,2017-06-09,ICC Champions Trophy,champions_trophy,Sophia Gardens,Cardiff,New Zealand,Bangladesh,1022363,https://www.espncricinfo.com/ci/engine/match/1022363.html,,,unverified_candidate,"site:espncricinfo.com ""New Zealand"" ""Bangladesh"" ""2017-06-09"" preview pitch conditions",,,,,,,,,,,,,,,,
1022367,2017-06-11,ICC Champions Trophy,champions_trophy,Kennington Oval,London,South Africa,India,1022367,https://www.espncricinfo.com/ci/engine/match/1022367.html,,,unverified_candidate,"site:espncricinfo.com ""South Africa"" ""India"" ""2017-06-11"" preview pitch conditions",,,,,,,,,,,,,,,,
1022369,2017-06-12,ICC Champions Trophy,champions_trophy,Sophia Gardens,Cardiff,Sri Lanka,Pakistan,1022369,https://www.espncricinfo.com/ci/engine/match/1022369.html,,,unverified_candidate,"site:espncricinfo.com ""Sri Lanka"" ""Pakistan"" ""2017-06-12"" preview pitch conditions",,,,,,,,,,,,,,,,
1022371,2017-06-14,ICC Champions Trophy,champions_trophy,Sophia Gardens,Cardiff,England,Pakistan,1022371,https://www.espncricinfo.com/ci/engine/match/1022371.html,,,unverified_candidate,"site:espncricinfo.com ""England"" ""Pakistan"" ""2017-06-14"" preview pitch conditions",,,,,,,,,,,,,,,,
1022373,2017-06-15,ICC Champions Trophy,champions_trophy,Edgbaston,Birmingham,Bangladesh,India,1022373,https://www.espncricinfo.com/ci/engine/match/1022373.html,,,unverified_candidate,"site:espncricinfo.com ""Bangladesh"" ""India"" ""2017-06-15"" preview pitch conditions",,,,,,,,,,,,,,,,
1089420,2017-06-17,Zimbabwe in Scotland ODI Series,bilateral_series,"Grange Cricket Club Ground, Raeburn Place",Edinburgh,Scotland,Zimbabwe,1089420,https://www.espncricinfo.com/ci/engine/match/1089420.html,,,unverified_candidate,"site:espncricinfo.com ""Scotland"" ""Zimbabwe"" ""2017-06-17"" preview pitch conditions",,,,,,,,,,,,,,,,
1022375,2017-06-18,ICC Champions Trophy,champions_trophy,Kennington Oval,London,Pakistan,India,1022375,https://www.espncricinfo.com/ci/engine/match/1022375.html,,,unverified_candidate,"site:espncricinfo.com ""Pakistan"" ""India"" ""2017-06-18"" preview pitch conditions",,,,,,,,,,,,,,,,
1098207,2017-06-25,India in West Indies ODI Series,bilateral_series,"Queen's Park Oval, Port of Spain",Trinidad,India,West Indies,1098207,https://www.espncricinfo.com/ci/engine/match/1098207.html,,,unverified_candidate,"site:espncricinfo.com ""India"" ""West Indies"" ""2017-06-25"" preview pitch conditions",,,,,,,,,,,,,,,,
1098208,2017-06-30,India in West Indies ODI Series,bilateral_series,"Sir Vivian Richards Stadium, North Sound",Antigua,India,West Indies,1098208,https://www.espncricinfo.com/ci/engine/match/1098208.html,,,unverified_candidate,"site:espncricinfo.com ""India"" ""West Indies"" ""2017-06-30"" preview pitch conditions",,,,,,,,,,,,,,,,
1104478,2017-06-30,Zimbabwe in Sri Lanka ODI Series,bilateral_series,Galle International Stadium,Unknown,Sri Lanka,Zimbabwe,1104478,https://www.espncricinfo.com/ci/engine/match/1104478.html,,,unverified_candidate,"site:espncricinfo.com ""Sri Lanka"" ""Zimbabwe"" ""2017-06-30"" preview pitch conditions",,,,,,,,,,,,,,,,
1098209,2017-07-02,India in West Indies ODI Series,bilateral_series,"Sir Vivian Richards Stadium, North Sound",Antigua,West Indies,India,1098209,https://www.espncricinfo.com/ci/engine/match/1098209.html,,,unverified_candidate,"site:espncricinfo.com ""West Indies"" ""India"" ""2017-07-02"" preview pitch conditions",,,,,,,,,,,,,,,,
1104479,2017-07-02,Zimbabwe in Sri Lanka ODI Series,bilateral_series,Galle International Stadium,Unknown,Zimbabwe,Sri Lanka,1104479,https://www.espncricinfo.com/ci/engine/match/1104479.html,,,unverified_candidate,"site:espncricinfo.com ""Zimbabwe"" ""Sri Lanka"" ""2017-07-02"" preview pitch conditions",,,,,,,,,,,,,,,,
1098210,2017-07-06,India in West Indies ODI Series,bilateral_series,"Sabina Park, Kingston",Jamaica,West Indies,India,1098210,https://www.espncricinfo.com/ci/engine/match/1098210.html,,,unverified_candidate,"site:espncricinfo.com ""West Indies"" ""India"" ""2017-07-06"" preview pitch conditions",,,,,,,,,,,,,,,,
1104480,2017-07-06,Zimbabwe in Sri Lanka ODI Series,bilateral_series,"Mahinda Rajapaksa International Cricket Stadium, Sooriyawewa",Hambantota,Zimbabwe,Sri Lanka,1104480,https://www.espncricinfo.com/ci/engine/match/1104480.html,,,unverified_candidate,"site:espncricinfo.com ""Zimbabwe"" ""Sri Lanka"" ""2017-07-06"" preview pitch conditions",,,,,,,,,,,,,,,,
1104482,2017-07-10,Zimbabwe in Sri Lanka ODI Series,bilateral_series,"Mahinda Rajapaksa International Cricket Stadium, Sooriyawewa",Hambantota,Sri Lanka,Zimbabwe,1104482,https://www.espncricinfo.com/ci/engine/match/1104482.html,,,unverified_candidate,"site:espncricinfo.com ""Sri Lanka"" ""Zimbabwe"" ""2017-07-10"" preview pitch conditions",,,,,,,,,,,,,,,,
1109605,2017-08-20,India tour of Sri Lanka,bilateral_series,Rangiri Dambulla International Stadium,Unknown,Sri Lanka,India,1109605,https://www.espncricinfo.com/ci/engine/match/1109605.html,,,unverified_candidate,"site:espncricinfo.com ""Sri Lanka"" ""India"" ""2017-08-20"" preview pitch conditions",,,,,,,,,,,,,,,,
1109607,2017-08-27,India tour of Sri Lanka,bilateral_series,Pallekele International Cricket Stadium,Unknown,Sri Lanka,India,1109607,https://www.espncricinfo.com/ci/engine/match/1109607.html,,,unverified_candidate,"site:espncricinfo.com ""Sri Lanka"" ""India"" ""2017-08-27"" preview pitch conditions",,,,,,,,,,,,,,,,
1109608,2017-08-31,India tour of Sri Lanka,bilateral_series,"R.Premadasa Stadium, Khettarama",Colombo,India,Sri Lanka,1109608,https://www.espncricinfo.com/ci/engine/match/1109608.html,,,unverified_candidate,"site:espncricinfo.com ""India"" ""Sri Lanka"" ""2017-08-31"" preview pitch conditions",,,,,,,,,,,,,,,,
1109609,2017-09-03,India tour of Sri Lanka,bilateral_series,"R.Premadasa Stadium, Khettarama",Colombo,Sri Lanka,India,1109609,https://www.espncricinfo.com/ci/engine/match/1109609.html,,,unverified_candidate,"site:espncricinfo.com ""Sri Lanka"" ""India"" ""2017-09-03"" preview pitch conditions",,,,,,,,,,,,,,,,
1031667,2017-09-19,West Indies tour of England,bilateral_series,Old Trafford,Manchester,West Indies,England,1031667,https://www.espncricinfo.com/ci/engine/match/1031667.html,,,unverified_candidate,"site:espncricinfo.com ""West Indies"" ""England"" ""2017-09-19"" preview pitch conditions",,,,,,,,,,,,,,,,
1119497,2017-09-21,Australia tour of India,bilateral_series,Eden Gardens,Kolkata,India,Australia,1119497,https://www.espncricinfo.com/ci/engine/match/1119497.html,,,unverified_candidate,"site:espncricinfo.com ""India"" ""Australia"" ""2017-09-21"" preview pitch conditions",,,,,,,,,,,,,,,,
1031671,2017-09-24,West Indies tour of England,bilateral_series,County Ground,Bristol,England,West Indies,1031671,https://www.espncricinfo.com/ci/engine/match/1031671.html,,,unverified_candidate,"site:espncricinfo.com ""England"" ""West Indies"" ""2017-09-24"" preview pitch conditions",,,,,,,,,,,,,,,,
1119498,2017-09-24,Australia tour of India,bilateral_series,Holkar Cricket Stadium,Indore,Australia,India,1119498,https://www.espncricinfo.com/ci/engine/match/1119498.html,,,unverified_candidate,"site:espncricinfo.com ""Australia"" ""India"" ""2017-09-24"" preview pitch conditions",,,,,,,,,,,,,,,,
1119499,2017-09-28,Australia tour of India,bilateral_series,M.Chinnaswamy Stadium,Bengaluru,Australia,India,1119499,https://www.espncricinfo.com/ci/engine/match/1119499.html,,,unverified_candidate,"site:espncricinfo.com ""Australia"" ""India"" ""2017-09-28"" preview pitch conditions",,,,,,,,,,,,,,,,
1031675,2017-09-29,West Indies tour of England,bilateral_series,The Rose Bowl,Southampton,West Indies,England,1031675,https://www.espncricinfo.com/ci/engine/match/1031675.html,,,unverified_candidate,"site:espncricinfo.com ""West Indies"" ""England"" ""2017-09-29"" preview pitch conditions",,,,,,,,,,,,,,,,
1119500,2017-10-01,Australia tour of India,bilateral_series,"Vidarbha Cricket Association Stadium, Jamtha",Nagpur,Australia,India,1119500,https://www.espncricinfo.com/ci/engine/match/1119500.html,,,unverified_candidate,"site:espncricinfo.com ""Australia"" ""India"" ""2017-10-01"" preview pitch conditions",,,,,,,,,,,,,,,,
1120286,2017-10-13,Pakistan tour of United Arab Emirates,bilateral_series,Dubai International Cricket Stadium,Unknown,Pakistan,Sri Lanka,1120286,https://www.espncricinfo.com/ci/engine/match/1120286.html,,,unverified_candidate,"site:espncricinfo.com ""Pakistan"" ""Sri Lanka"" ""2017-10-13"" preview pitch conditions",,,,,,,,,,,,,,,,
1075504,2017-10-15,Bangladesh tour of South Africa,bilateral_series,Diamond Oval,Kimberley,Bangladesh,South Africa,1075504,https://www.espncricinfo.com/ci/engine/match/1075504.html,,,unverified_candidate,"site:espncricinfo.com ""Bangladesh"" ""South Africa"" ""2017-10-15"" preview pitch conditions",,,,,,,,,,,,,,,,
1120287,2017-10-16,Pakistan tour of United Arab Emirates,bilateral_series,Sheikh Zayed Stadium,Abu Dhabi,Pakistan,Sri Lanka,1120287,https://www.espncricinfo.com/ci/engine/match/1120287.html,,,unverified_candidate,"site:espncricinfo.com ""Pakistan"" ""Sri Lanka"" ""2017-10-16"" preview pitch conditions",,,,,,,,,,,,,,,,
1075505,2017-10-18,Bangladesh tour of South Africa,bilateral_series,Boland Park,Paarl,South Africa,Bangladesh,1075505,https://www.espncricinfo.com/ci/engine/match/1075505.html,,,unverified_candidate,"site:espncricinfo.com ""South Africa"" ""Bangladesh"" ""2017-10-18"" preview pitch conditions",,,,,,,,,,,,,,,,
1120288,2017-10-18,Pakistan tour of United Arab Emirates,bilateral_series,Sheikh Zayed Stadium,Abu Dhabi,Sri Lanka,Pakistan,1120288,https://www.espncricinfo.com/ci/engine/match/1120288.html,,,unverified_candidate,"site:espncricinfo.com ""Sri Lanka"" ""Pakistan"" ""2017-10-18"" preview pitch conditions",,,,,,,,,,,,,,,,
1120289,2017-10-20,Pakistan tour of United Arab Emirates,bilateral_series,Sharjah Cricket Stadium,Unknown,Sri Lanka,Pakistan,1120289,https://www.espncricinfo.com/ci/engine/match/1120289.html,,,unverified_candidate,"site:espncricinfo.com ""Sri Lanka"" ""Pakistan"" ""2017-10-20"" preview pitch conditions",,,,,,,,,,,,,,,,
1075506,2017-10-22,Bangladesh tour of South Africa,bilateral_series,Buffalo Park,East London,South Africa,Bangladesh,1075506,https://www.espncricinfo.com/ci/engine/match/1075506.html,,,unverified_candidate,"site:espncricinfo.com ""South Africa"" ""Bangladesh"" ""2017-10-22"" preview pitch conditions",,,,,,,,,,,,,,,,
1120090,2017-10-22,New Zealand tour of India,bilateral_series,Wankhede Stadium,Mumbai,India,New Zealand,1120090,https://www.espncricinfo.com/ci/engine/match/1120090.html,,,unverified_candidate,"site:espncricinfo.com ""India"" ""New Zealand"" ""2017-10-22"" preview pitch conditions",,,,,,,,,,,,,,,,
1120290,2017-10-23,Pakistan tour of United Arab Emirates,bilateral_series,Sharjah Cricket Stadium,Unknown,Sri Lanka,Pakistan,1120290,https://www.espncricinfo.com/ci/engine/match/1120290.html,,,unverified_candidate,"site:espncricinfo.com ""Sri Lanka"" ""Pakistan"" ""2017-10-23"" preview pitch conditions",,,,,,,,,,,,,,,,
1120091,2017-10-25,New Zealand tour of India,bilateral_series,Maharashtra Cricket Association Stadium,Pune,New Zealand,India,1120091,https://www.espncricinfo.com/ci/engine/match/1120091.html,,,unverified_candidate,"site:espncricinfo.com ""New Zealand"" ""India"" ""2017-10-25"" preview pitch conditions",,,,,,,,,,,,,,,,
1120092,2017-10-29,New Zealand tour of India,bilateral_series,Green Park,Kanpur,India,New Zealand,1120092,https://www.espncricinfo.com/ci/engine/match/1120092.html,,,unverified_candidate,"site:espncricinfo.com ""India"" ""New Zealand"" ""2017-10-29"" preview pitch conditions",,,,,,,,,,,,,,,,
1124089,2017-12-06,ICC World Cricket League Championship,qualification_pathway,ICC Academy,Dubai,Hong Kong,Papua New Guinea,1124089,https://www.espncricinfo.com/ci/engine/match/1124089.html,,,unverified_candidate,"site:espncricinfo.com ""Hong Kong"" ""Papua New Guinea"" ""2017-12-06"" preview pitch conditions",,,,,,,,,,,,,,,,
1122726,2017-12-10,Sri Lanka tour of India,bilateral_series,Himachal Pradesh Cricket Association Stadium,Dharamsala,India,Sri Lanka,1122726,https://www.espncricinfo.com/ci/engine/match/1122726.html,,,unverified_candidate,"site:espncricinfo.com ""India"" ""Sri Lanka"" ""2017-12-10"" preview pitch conditions",,,,,,,,,,,,,,,,
1122727,2017-12-13,Sri Lanka tour of India,bilateral_series,"Punjab Cricket Association IS Bindra Stadium, Mohali",Chandigarh,India,Sri Lanka,1122727,https://www.espncricinfo.com/ci/engine/match/1122727.html,,,unverified_candidate,"site:espncricinfo.com ""India"" ""Sri Lanka"" ""2017-12-13"" preview pitch conditions",,,,,,,,,,,,,,,,
1122728,2017-12-17,Sri Lanka tour of India,bilateral_series,Dr. Y.S. Rajasekhara Reddy ACA-VDCA Cricket Stadium,Visakhapatnam,Sri Lanka,India,1122728,https://www.espncricinfo.com/ci/engine/match/1122728.html,,,unverified_candidate,"site:espncricinfo.com ""Sri Lanka"" ""India"" ""2017-12-17"" preview pitch conditions",,,,,,,,,,,,,,,,
1115795,2017-12-20,West Indies tour of New Zealand,bilateral_series,Cobham Oval (New),Whangarei,West Indies,New Zealand,1115795,https://www.espncricinfo.com/ci/engine/match/1115795.html,,,unverified_candidate,"site:espncricinfo.com ""West Indies"" ""New Zealand"" ""2017-12-20"" preview pitch conditions",,,,,,,,,,,,,,,,
1115796,2017-12-23,West Indies tour of New Zealand,bilateral_series,Hagley Oval,Christchurch,New Zealand,West Indies,1115796,https://www.espncricinfo.com/ci/engine/match/1115796.html,,,unverified_candidate,"site:espncricinfo.com ""New Zealand"" ""West Indies"" ""2017-12-23"" preview pitch conditions",,,,,,,,,,,,,,,,
1131274,2018-01-11,United Arab Emirates Tri-Nation Series,multi_team_series,ICC Academy,Dubai,United Arab Emirates,Ireland,1131274,https://www.espncricinfo.com/ci/engine/match/1131274.html,,,unverified_candidate,"site:espncricinfo.com ""United Arab Emirates"" ""Ireland"" ""2018-01-11"" preview pitch conditions",,,,,,,,,,,,,,,,
1115804,2018-01-13,Pakistan tour of New Zealand,bilateral_series,University Oval,Dunedin,New Zealand,Pakistan,1115804,https://www.espncricinfo.com/ci/engine/match/1115804.html,,,unverified_candidate,"site:espncricinfo.com ""New Zealand"" ""Pakistan"" ""2018-01-13"" preview pitch conditions",,,,,,,,,,,,,,,,
1131275,2018-01-13,United Arab Emirates Tri-Nation Series,multi_team_series,ICC Academy,Dubai,Ireland,United Arab Emirates,1131275,https://www.espncricinfo.com/ci/engine/match/1131275.html,,,unverified_candidate,"site:espncricinfo.com ""Ireland"" ""United Arab Emirates"" ""2018-01-13"" preview pitch conditions",,,,,,,,,,,,,,,,
1072310,2018-01-14,England tour of Australia and New Zealand,bilateral_series,Melbourne Cricket Ground,Unknown,Australia,England,1072310,https://www.espncricinfo.com/ci/engine/match/1072310.html,,,unverified_candidate,"site:espncricinfo.com ""Australia"" ""England"" ""2018-01-14"" preview pitch conditions",,,,,,,,,,,,,,,,
1130737,2018-01-15,Tri-Nation Tournament in Bangladesh,multi_team_series,"Shere Bangla National Stadium, Mirpur",Dhaka,Zimbabwe,Bangladesh,1130737,https://www.espncricinfo.com/ci/engine/match/1130737.html,,,unverified_candidate,"site:espncricinfo.com ""Zimbabwe"" ""Bangladesh"" ""2018-01-15"" preview pitch conditions",,,,,,,,,,,,,,,,
1115805,2018-01-16,Pakistan tour of New Zealand,bilateral_series,Seddon Park,Hamilton,Pakistan,New Zealand,1115805,https://www.espncricinfo.com/ci/engine/match/1115805.html,,,unverified_candidate,"site:espncricinfo.com ""Pakistan"" ""New Zealand"" ""2018-01-16"" preview pitch conditions",,,,,,,,,,,,,,,,
1131276,2018-01-16,United Arab Emirates Tri-Nation Series,multi_team_series,ICC Academy,Dubai,Scotland,Ireland,1131276,https://www.espncricinfo.com/ci/engine/match/1131276.html,,,unverified_candidate,"site:espncricinfo.com ""Scotland"" ""Ireland"" ""2018-01-16"" preview pitch conditions",,,,,,,,,,,,,,,,
1130738,2018-01-17,Tri-Nation Tournament in Bangladesh,multi_team_series,"Shere Bangla National Stadium, Mirpur",Dhaka,Zimbabwe,Sri Lanka,1130738,https://www.espncricinfo.com/ci/engine/match/1130738.html,,,unverified_candidate,"site:espncricinfo.com ""Zimbabwe"" ""Sri Lanka"" ""2018-01-17"" preview pitch conditions",,,,,,,,,,,,,,,,
1131277,2018-01-18,United Arab Emirates Tri-Nation Series,multi_team_series,ICC Academy,Dubai,Ireland,Scotland,1131277,https://www.espncricinfo.com/ci/engine/match/1131277.html,,,unverified_candidate,"site:espncricinfo.com ""Ireland"" ""Scotland"" ""2018-01-18"" preview pitch conditions",,,,,,,,,,,,,,,,
1072311,2018-01-19,England tour of Australia and New Zealand,bilateral_series,"Brisbane Cricket Ground, Woolloongabba",Brisbane,Australia,England,1072311,https://www.espncricinfo.com/ci/engine/match/1072311.html,,,unverified_candidate,"site:espncricinfo.com ""Australia"" ""England"" ""2018-01-19"" preview pitch conditions",,,,,,,,,,,,,,,,
1115806,2018-01-19,Pakistan tour of New Zealand,bilateral_series,Basin Reserve,Wellington,New Zealand,Pakistan,1115806,https://www.espncricinfo.com/ci/engine/match/1115806.html,,,unverified_candidate,"site:espncricinfo.com ""New Zealand"" ""Pakistan"" ""2018-01-19"" preview pitch conditions",,,,,,,,,,,,,,,,
1130739,2018-01-19,Tri-Nation Tournament in Bangladesh,multi_team_series,"Shere Bangla National Stadium, Mirpur",Dhaka,Bangladesh,Sri Lanka,1130739,https://www.espncricinfo.com/ci/engine/match/1130739.html,,,unverified_candidate,"site:espncricinfo.com ""Bangladesh"" ""Sri Lanka"" ""2018-01-19"" preview pitch conditions",,,,,,,,,,,,,,,,
1072312,2018-01-21,England tour of Australia and New Zealand,bilateral_series,Sydney Cricket Ground,Unknown,England,Australia,1072312,https://www.espncricinfo.com/ci/engine/match/1072312.html,,,unverified_candidate,"site:espncricinfo.com ""England"" ""Australia"" ""2018-01-21"" preview pitch conditions",,,,,,,,,,,,,,,,
1130740,2018-01-21,Tri-Nation Tournament in Bangladesh,multi_team_series,"Shere Bangla National Stadium, Mirpur",Dhaka,Zimbabwe,Sri Lanka,1130740,https://www.espncricinfo.com/ci/engine/match/1130740.html,,,unverified_candidate,"site:espncricinfo.com ""Zimbabwe"" ""Sri Lanka"" ""2018-01-21"" preview pitch conditions",,,,,,,,,,,,,,,,
1131278,2018-01-21,United Arab Emirates Tri-Nation Series,multi_team_series,ICC Academy,Dubai,Scotland,United Arab Emirates,1131278,https://www.espncricinfo.com/ci/engine/match/1131278.html,,,unverified_candidate,"site:espncricinfo.com ""Scotland"" ""United Arab Emirates"" ""2018-01-21"" preview pitch conditions",,,,,,,,,,,,,,,,
1130741,2018-01-23,Tri-Nation Tournament in Bangladesh,multi_team_series,"Shere Bangla National Stadium, Mirpur",Dhaka,Bangladesh,Zimbabwe,1130741,https://www.espncricinfo.com/ci/engine/match/1130741.html,,,unverified_candidate,"site:espncricinfo.com ""Bangladesh"" ""Zimbabwe"" ""2018-01-23"" preview pitch conditions",,,,,,,,,,,,,,,,
1131279,2018-01-23,United Arab Emirates Tri-Nation Series,multi_team_series,ICC Academy,Dubai,Scotland,United Arab Emirates,1131279,https://www.espncricinfo.com/ci/engine/match/1131279.html,,,unverified_candidate,"site:espncricinfo.com ""Scotland"" ""United Arab Emirates"" ""2018-01-23"" preview pitch conditions",,,,,,,,,,,,,,,,
1130742,2018-01-25,Tri-Nation Tournament in Bangladesh,multi_team_series,"Shere Bangla National Stadium, Mirpur",Dhaka,Bangladesh,Sri Lanka,1130742,https://www.espncricinfo.com/ci/engine/match/1130742.html,,,unverified_candidate,"site:espncricinfo.com ""Bangladesh"" ""Sri Lanka"" ""2018-01-25"" preview pitch conditions",,,,,,,,,,,,,,,,
1072313,2018-01-26,England tour of Australia and New Zealand,bilateral_series,Adelaide Oval,Unknown,England,Australia,1072313,https://www.espncricinfo.com/ci/engine/match/1072313.html,,,unverified_candidate,"site:espncricinfo.com ""England"" ""Australia"" ""2018-01-26"" preview pitch conditions",,,,,,,,,,,,,,,,
1130743,2018-01-27,Tri-Nation Tournament in Bangladesh,multi_team_series,"Shere Bangla National Stadium, Mirpur",Dhaka,Sri Lanka,Bangladesh,1130743,https://www.espncricinfo.com/ci/engine/match/1130743.html,,,unverified_candidate,"site:espncricinfo.com ""Sri Lanka"" ""Bangladesh"" ""2018-01-27"" preview pitch conditions",,,,,,,,,,,,,,,,
1072314,2018-01-28,England tour of Australia and New Zealand,bilateral_series,Perth Stadium,Unknown,England,Australia,1072314,https://www.espncricinfo.com/ci/engine/match/1072314.html,,,unverified_candidate,"site:espncricinfo.com ""England"" ""Australia"" ""2018-01-28"" preview pitch conditions",,,,,,,,,,,,,,,,
1122279,2018-02-01,India tour of South Africa,bilateral_series,Kingsmead,Durban,South Africa,India,1122279,https://www.espncricinfo.com/ci/engine/match/1122279.html,,,unverified_candidate,"site:espncricinfo.com ""South Africa"" ""India"" ""2018-02-01"" preview pitch conditions",,,,,,,,,,,,,,,,
1122280,2018-02-04,India tour of South Africa,bilateral_series,SuperSport Park,Centurion,South Africa,India,1122280,https://www.espncricinfo.com/ci/engine/match/1122280.html,,,unverified_candidate,"site:espncricinfo.com ""South Africa"" ""India"" ""2018-02-04"" preview pitch conditions",,,,,,,,,,,,,,,,
1122281,2018-02-07,India tour of South Africa,bilateral_series,Newlands,Cape Town,India,South Africa,1122281,https://www.espncricinfo.com/ci/engine/match/1122281.html,,,unverified_candidate,"site:espncricinfo.com ""India"" ""South Africa"" ""2018-02-07"" preview pitch conditions",,,,,,,,,,,,,,,,
1122283,2018-02-13,India tour of South Africa,bilateral_series,St George's Park,Port Elizabeth,India,South Africa,1122283,https://www.espncricinfo.com/ci/engine/match/1122283.html,,,unverified_candidate,"site:espncricinfo.com ""India"" ""South Africa"" ""2018-02-13"" preview pitch conditions",,,,,,,,,,,,,,,,
1122284,2018-02-16,India tour of South Africa,bilateral_series,SuperSport Park,Centurion,South Africa,India,1122284,https://www.espncricinfo.com/ci/engine/match/1122284.html,,,unverified_candidate,"site:espncricinfo.com ""South Africa"" ""India"" ""2018-02-16"" preview pitch conditions",,,,,,,,,,,,,,,,
1115775,2018-02-25,England tour of Australia and New Zealand,bilateral_series,Seddon Park,Hamilton,England,New Zealand,1115775,https://www.espncricinfo.com/ci/engine/match/1115775.html,,,unverified_candidate,"site:espncricinfo.com ""England"" ""New Zealand"" ""2018-02-25"" preview pitch conditions",,,,,,,,,,,,,,,,
1115776,2018-02-28,England tour of Australia and New Zealand,bilateral_series,Bay Oval,Mount Maunganui,New Zealand,England,1115776,https://www.espncricinfo.com/ci/engine/match/1115776.html,,,unverified_candidate,"site:espncricinfo.com ""New Zealand"" ""England"" ""2018-02-28"" preview pitch conditions",,,,,,,,,,,,,,,,
1115777,2018-03-03,England tour of Australia and New Zealand,bilateral_series,Westpac Stadium,Wellington,England,New Zealand,1115777,https://www.espncricinfo.com/ci/engine/match/1115777.html,,,unverified_candidate,"site:espncricinfo.com ""England"" ""New Zealand"" ""2018-03-03"" preview pitch conditions",,,,,,,,,,,,,,,,
1133002,2018-03-06,ICC Cricket World Cup Qualifier (ICC Trophy),qualification_pathway,Harare Sports Club,Unknown,Papua New Guinea,Ireland,1133002,https://www.espncricinfo.com/ci/engine/match/1133002.html,,,unverified_candidate,"site:espncricinfo.com ""Papua New Guinea"" ""Ireland"" ""2018-03-06"" preview pitch conditions",,,,,,,,,,,,,,,,
1133003,2018-03-06,ICC Cricket World Cup Qualifier (ICC Trophy),qualification_pathway,Old Hararians,Harare,West Indies,United Arab Emirates,1133003,https://www.espncricinfo.com/ci/engine/match/1133003.html,,,unverified_candidate,"site:espncricinfo.com ""West Indies"" ""United Arab Emirates"" ""2018-03-06"" preview pitch conditions",,,,,,,,,,,,,,,,
1133005,2018-03-06,ICC Cricket World Cup Qualifier (ICC Trophy),qualification_pathway,Bulawayo Athletic Club,Unknown,Hong Kong,Scotland,1133005,https://www.espncricinfo.com/ci/engine/match/1133005.html,,,unverified_candidate,"site:espncricinfo.com ""Hong Kong"" ""Scotland"" ""2018-03-06"" preview pitch conditions",,,,,,,,,,,,,,,,
1115778,2018-03-07,England tour of Australia and New Zealand,bilateral_series,University Oval,Dunedin,England,New Zealand,1115778,https://www.espncricinfo.com/ci/engine/match/1115778.html,,,unverified_candidate,"site:espncricinfo.com ""England"" ""New Zealand"" ""2018-03-07"" preview pitch conditions",,,,,,,,,,,,,,,,
1133007,2018-03-08,ICC Cricket World Cup Qualifier (ICC Trophy),qualification_pathway,Old Hararians,Harare,Papua New Guinea,West Indies,1133007,https://www.espncricinfo.com/ci/engine/match/1133007.html,,,unverified_candidate,"site:espncricinfo.com ""Papua New Guinea"" ""West Indies"" ""2018-03-08"" preview pitch conditions",,,,,,,,,,,,,,,,
1115779,2018-03-10,England tour of Australia and New Zealand,bilateral_series,Hagley Oval,Christchurch,New Zealand,England,1115779,https://www.espncricinfo.com/ci/engine/match/1115779.html,,,unverified_candidate,"site:espncricinfo.com ""New Zealand"" ""England"" ""2018-03-10"" preview pitch conditions",,,,,,,,,,,,,,,,
1133010,2018-03-10,ICC Cricket World Cup Qualifier (ICC Trophy),qualification_pathway,Harare Sports Club,Unknown,West Indies,Ireland,1133010,https://www.espncricinfo.com/ci/engine/match/1133010.html,,,unverified_candidate,"site:espncricinfo.com ""West Indies"" ""Ireland"" ""2018-03-10"" preview pitch conditions",,,,,,,,,,,,,,,,
1133012,2018-03-10,ICC Cricket World Cup Qualifier (ICC Trophy),qualification_pathway,Queens Sports Club,Bulawayo,Zimbabwe,Hong Kong,1133012,https://www.espncricinfo.com/ci/engine/match/1133012.html,,,unverified_candidate,"site:espncricinfo.com ""Zimbabwe"" ""Hong Kong"" ""2018-03-10"" preview pitch conditions",,,,,,,,,,,,,,,,
1133019,2018-03-15,ICC Cricket World Cup Qualifier (ICC Trophy),qualification_pathway,Queens Sports Club,Bulawayo,Scotland,United Arab Emirates,1133019,https://www.espncricinfo.com/ci/engine/match/1133019.html,,,unverified_candidate,"site:espncricinfo.com ""Scotland"" ""United Arab Emirates"" ""2018-03-15"" preview pitch conditions",,,,,,,,,,,,,,,,
1133022,2018-03-16,ICC Cricket World Cup Qualifier (ICC Trophy),qualification_pathway,Harare Sports Club,Unknown,Zimbabwe,Ireland,1133022,https://www.espncricinfo.com/ci/engine/match/1133022.html,,,unverified_candidate,"site:espncricinfo.com ""Zimbabwe"" ""Ireland"" ""2018-03-16"" preview pitch conditions",,,,,,,,,,,,,,,,
1133023,2018-03-17,ICC Cricket World Cup Qualifier (ICC Trophy),qualification_pathway,Old Hararians,Harare,Papua New Guinea,Hong Kong,1133023,https://www.espncricinfo.com/ci/engine/match/1133023.html,,,unverified_candidate,"site:espncricinfo.com ""Papua New Guinea"" ""Hong Kong"" ""2018-03-17"" preview pitch conditions",,,,,,,,,,,,,,,,
1133025,2018-03-18,ICC Cricket World Cup Qualifier (ICC Trophy),qualification_pathway,Harare Sports Club,Unknown,Ireland,Scotland,1133025,https://www.espncricinfo.com/ci/engine/match/1133025.html,,,unverified_candidate,"site:espncricinfo.com ""Ireland"" ""Scotland"" ""2018-03-18"" preview pitch conditions",,,,,,,,,,,,,,,,
1133026,2018-03-19,ICC Cricket World Cup Qualifier (ICC Trophy),qualification_pathway,Harare Sports Club,Unknown,Zimbabwe,West Indies,1133026,https://www.espncricinfo.com/ci/engine/match/1133026.html,,,unverified_candidate,"site:espncricinfo.com ""Zimbabwe"" ""West Indies"" ""2018-03-19"" preview pitch conditions",,,,,,,,,,,,,,,,
1119537,2018-06-13,Australia tour of England,bilateral_series,Kennington Oval,London,Australia,England,1119537,https://www.espncricinfo.com/ci/engine/match/1119537.html,,,unverified_candidate,"site:espncricinfo.com ""Australia"" ""England"" ""2018-06-13"" preview pitch conditions",,,,,,,,,,,,,,,,
1119538,2018-06-16,Australia tour of England,bilateral_series,Sophia Gardens,Cardiff,England,Australia,1119538,https://www.espncricinfo.com/ci/engine/match/1119538.html,,,unverified_candidate,"site:espncricinfo.com ""England"" ""Australia"" ""2018-06-16"" preview pitch conditions",,,,,,,,,,,,,,,,
1119539,2018-06-19,Australia tour of England,bilateral_series,Trent Bridge,Nottingham,England,Australia,1119539,https://www.espncricinfo.com/ci/engine/match/1119539.html,,,unverified_candidate,"site:espncricinfo.com ""England"" ""Australia"" ""2018-06-19"" preview pitch conditions",,,,,,,,,,,,,,,,
1119540,2018-06-21,Australia tour of England,bilateral_series,Riverside Ground,Chester-le-Street,Australia,England,1119540,https://www.espncricinfo.com/ci/engine/match/1119540.html,,,unverified_candidate,"site:espncricinfo.com ""Australia"" ""England"" ""2018-06-21"" preview pitch conditions",,,,,,,,,,,,,,,,
1119541,2018-06-24,Australia tour of England,bilateral_series,Old Trafford,Manchester,Australia,England,1119541,https://www.espncricinfo.com/ci/engine/match/1119541.html,,,unverified_candidate,"site:espncricinfo.com ""Australia"" ""England"" ""2018-06-24"" preview pitch conditions",,,,,,,,,,,,,,,,
1119546,2018-07-12,India tour of Ireland and England,bilateral_series,Trent Bridge,Nottingham,England,India,1119546,https://www.espncricinfo.com/ci/engine/match/1119546.html,,,unverified_candidate,"site:espncricinfo.com ""England"" ""India"" ""2018-07-12"" preview pitch conditions",,,,,,,,,,,,,,,,
1142920,2018-07-13,Pakistan tour of Zimbabwe,bilateral_series,Queens Sports Club,Bulawayo,Pakistan,Zimbabwe,1142920,https://www.espncricinfo.com/ci/engine/match/1142920.html,,,unverified_candidate,"site:espncricinfo.com ""Pakistan"" ""Zimbabwe"" ""2018-07-13"" preview pitch conditions",,,,,,,,,,,,,,,,
1119547,2018-07-14,India tour of Ireland and England,bilateral_series,Lord's,London,England,India,1119547,https://www.espncricinfo.com/ci/engine/match/1119547.html,,,unverified_candidate,"site:espncricinfo.com ""England"" ""India"" ""2018-07-14"" preview pitch conditions",,,,,,,,,,,,,,,,
1142921,2018-07-16,Pakistan tour of Zimbabwe,bilateral_series,Queens Sports Club,Bulawayo,Zimbabwe,Pakistan,1142921,https://www.espncricinfo.com/ci/engine/match/1142921.html,,,unverified_candidate,"site:espncricinfo.com ""Zimbabwe"" ""Pakistan"" ""2018-07-16"" preview pitch conditions",,,,,,,,,,,,,,,,
1119548,2018-07-17,India tour of Ireland and England,bilateral_series,Headingley,Leeds,India,England,1119548,https://www.espncricinfo.com/ci/engine/match/1119548.html,,,unverified_candidate,"site:espncricinfo.com ""India"" ""England"" ""2018-07-17"" preview pitch conditions",,,,,,,,,,,,,,,,
1142923,2018-07-20,Pakistan tour of Zimbabwe,bilateral_series,Queens Sports Club,Bulawayo,Pakistan,Zimbabwe,1142923,https://www.espncricinfo.com/ci/engine/match/1142923.html,,,unverified_candidate,"site:espncricinfo.com ""Pakistan"" ""Zimbabwe"" ""2018-07-20"" preview pitch conditions",,,,,,,,,,,,,,,,
1142924,2018-07-22,Pakistan tour of Zimbabwe,bilateral_series,Queens Sports Club,Bulawayo,Pakistan,Zimbabwe,1142924,https://www.espncricinfo.com/ci/engine/match/1142924.html,,,unverified_candidate,"site:espncricinfo.com ""Pakistan"" ""Zimbabwe"" ""2018-07-22"" preview pitch conditions",,,,,,,,,,,,,,,,
1146720,2018-07-22,Bangladesh tour of West Indies and United States of America,bilateral_series,Providence Stadium,Guyana,Bangladesh,West Indies,1146720,https://www.espncricinfo.com/ci/engine/match/1146720.html,,,unverified_candidate,"site:espncricinfo.com ""Bangladesh"" ""West Indies"" ""2018-07-22"" preview pitch conditions",,,,,,,,,,,,,,,,
1146721,2018-07-25,Bangladesh tour of West Indies and United States of America,bilateral_series,Providence Stadium,Guyana,West Indies,Bangladesh,1146721,https://www.espncricinfo.com/ci/engine/match/1146721.html,,,unverified_candidate,"site:espncricinfo.com ""West Indies"" ""Bangladesh"" ""2018-07-25"" preview pitch conditions",,,,,,,,,,,,,,,,
1146722,2018-07-28,Bangladesh tour of West Indies and United States of America,bilateral_series,"Warner Park, Basseterre",St Kitts,Bangladesh,West Indies,1146722,https://www.espncricinfo.com/ci/engine/match/1146722.html,,,unverified_candidate,"site:espncricinfo.com ""Bangladesh"" ""West Indies"" ""2018-07-28"" preview pitch conditions",,,,,,,,,,,,,,,,
1142584,2018-07-29,South Africa tour of Sri Lanka,bilateral_series,Rangiri Dambulla International Stadium,Unknown,Sri Lanka,South Africa,1142584,https://www.espncricinfo.com/ci/engine/match/1142584.html,,,unverified_candidate,"site:espncricinfo.com ""Sri Lanka"" ""South Africa"" ""2018-07-29"" preview pitch conditions",,,,,,,,,,,,,,,,
1142585,2018-08-01,South Africa tour of Sri Lanka,bilateral_series,Rangiri Dambulla International Stadium,Unknown,Sri Lanka,South Africa,1142585,https://www.espncricinfo.com/ci/engine/match/1142585.html,,,unverified_candidate,"site:espncricinfo.com ""Sri Lanka"" ""South Africa"" ""2018-08-01"" preview pitch conditions",,,,,,,,,,,,,,,,
1142586,2018-08-05,South Africa tour of Sri Lanka,bilateral_series,Pallekele International Cricket Stadium,Unknown,South Africa,Sri Lanka,1142586,https://www.espncricinfo.com/ci/engine/match/1142586.html,,,unverified_candidate,"site:espncricinfo.com ""South Africa"" ""Sri Lanka"" ""2018-08-05"" preview pitch conditions",,,,,,,,,,,,,,,,
1142588,2018-08-12,South Africa tour of Sri Lanka,bilateral_series,"R.Premadasa Stadium, Khettarama",Colombo,Sri Lanka,South Africa,1142588,https://www.espncricinfo.com/ci/engine/match/1142588.html,,,unverified_candidate,"site:espncricinfo.com ""Sri Lanka"" ""South Africa"" ""2018-08-12"" preview pitch conditions",,,,,,,,,,,,,,,,
1154649,2018-08-30,Asia Cup Qualifiers,qualification_pathway,Kinrara Academy Oval,Kuala Lumpur,United Arab Emirates,Nepal,1154649,https://www.espncricinfo.com/ci/engine/match/1154649.html,,,unverified_candidate,"site:espncricinfo.com ""United Arab Emirates"" ""Nepal"" ""2018-08-30"" preview pitch conditions",,,,,,,,,,,,,,,,
1153243,2018-09-15,Asia Cup,continental_cup,Dubai International Cricket Stadium,Unknown,Bangladesh,Sri Lanka,1153243,https://www.espncricinfo.com/ci/engine/match/1153243.html,,,unverified_candidate,"site:espncricinfo.com ""Bangladesh"" ""Sri Lanka"" ""2018-09-15"" preview pitch conditions",,,,,,,,,,,,,,,,
1153244,2018-09-16,Asia Cup,continental_cup,Dubai International Cricket Stadium,Unknown,Hong Kong,Pakistan,1153244,https://www.espncricinfo.com/ci/engine/match/1153244.html,,,unverified_candidate,"site:espncricinfo.com ""Hong Kong"" ""Pakistan"" ""2018-09-16"" preview pitch conditions",,,,,,,,,,,,,,,,
1153246,2018-09-18,Asia Cup,continental_cup,Dubai International Cricket Stadium,Unknown,India,Hong Kong,1153246,https://www.espncricinfo.com/ci/engine/match/1153246.html,,,unverified_candidate,"site:espncricinfo.com ""India"" ""Hong Kong"" ""2018-09-18"" preview pitch conditions",,,,,,,,,,,,,,,,
1153247,2018-09-19,Asia Cup,continental_cup,Dubai International Cricket Stadium,Unknown,Pakistan,India,1153247,https://www.espncricinfo.com/ci/engine/match/1153247.html,,,unverified_candidate,"site:espncricinfo.com ""Pakistan"" ""India"" ""2018-09-19"" preview pitch conditions",,,,,,,,,,,,,,,,
1153249,2018-09-21,Asia Cup,continental_cup,Dubai International Cricket Stadium,Unknown,Bangladesh,India,1153249,https://www.espncricinfo.com/ci/engine/match/1153249.html,,,unverified_candidate,"site:espncricinfo.com ""Bangladesh"" ""India"" ""2018-09-21"" preview pitch conditions",,,,,,,,,,,,,,,,
1153251,2018-09-23,Asia Cup,continental_cup,Dubai International Cricket Stadium,Unknown,Pakistan,India,1153251,https://www.espncricinfo.com/ci/engine/match/1153251.html,,,unverified_candidate,"site:espncricinfo.com ""Pakistan"" ""India"" ""2018-09-23"" preview pitch conditions",,,,,,,,,,,,,,,,
1153254,2018-09-26,Asia Cup,continental_cup,Sheikh Zayed Stadium,Abu Dhabi,Bangladesh,Pakistan,1153254,https://www.espncricinfo.com/ci/engine/match/1153254.html,,,unverified_candidate,"site:espncricinfo.com ""Bangladesh"" ""Pakistan"" ""2018-09-26"" preview pitch conditions",,,,,,,,,,,,,,,,
1153255,2018-09-28,Asia Cup,continental_cup,Dubai International Cricket Stadium,Unknown,Bangladesh,India,1153255,https://www.espncricinfo.com/ci/engine/match/1153255.html,,,unverified_candidate,"site:espncricinfo.com ""Bangladesh"" ""India"" ""2018-09-28"" preview pitch conditions",,,,,,,,,,,,,,,,
1144146,2018-09-30,Zimbabwe tour of South Africa,bilateral_series,Diamond Oval,Kimberley,Zimbabwe,South Africa,1144146,https://www.espncricinfo.com/ci/engine/match/1144146.html,,,unverified_candidate,"site:espncricinfo.com ""Zimbabwe"" ""South Africa"" ""2018-09-30"" preview pitch conditions",,,,,,,,,,,,,,,,
1144147,2018-10-03,Zimbabwe tour of South Africa,bilateral_series,Mangaung Oval,Bloemfontein,South Africa,Zimbabwe,1144147,https://www.espncricinfo.com/ci/engine/match/1144147.html,,,unverified_candidate,"site:espncricinfo.com ""South Africa"" ""Zimbabwe"" ""2018-10-03"" preview pitch conditions",,,,,,,,,,,,,,,,
1144148,2018-10-06,Zimbabwe tour of South Africa,bilateral_series,Boland Park,Paarl,Zimbabwe,South Africa,1144148,https://www.espncricinfo.com/ci/engine/match/1144148.html,,,unverified_candidate,"site:espncricinfo.com ""Zimbabwe"" ""South Africa"" ""2018-10-06"" preview pitch conditions",,,,,,,,,,,,,,,,
1140381,2018-10-17,England tour of Sri Lanka,bilateral_series,Pallekele International Cricket Stadium,Unknown,Sri Lanka,England,1140381,https://www.espncricinfo.com/ci/engine/match/1140381.html,,,unverified_candidate,"site:espncricinfo.com ""Sri Lanka"" ""England"" ""2018-10-17"" preview pitch conditions",,,,,,,,,,,,,,,,
1153635,2018-10-21,Zimbabwe tour of Bangladesh,bilateral_series,"Shere Bangla National Stadium, Mirpur",Dhaka,Bangladesh,Zimbabwe,1153635,https://www.espncricinfo.com/ci/engine/match/1153635.html,,,unverified_candidate,"site:espncricinfo.com ""Bangladesh"" ""Zimbabwe"" ""2018-10-21"" preview pitch conditions",,,,,,,,,,,,,,,,
1157754,2018-10-21,West Indies tour of India,bilateral_series,Barsapara Cricket Stadium,Guwahati,West Indies,India,1157754,https://www.espncricinfo.com/ci/engine/match/1157754.html,,,unverified_candidate,"site:espncricinfo.com ""West Indies"" ""India"" ""2018-10-21"" preview pitch conditions",,,,,,,,,,,,,,,,
1153636,2018-10-24,Zimbabwe tour of Bangladesh,bilateral_series,Zahur Ahmed Chowdhury Stadium,Chattogram,Zimbabwe,Bangladesh,1153636,https://www.espncricinfo.com/ci/engine/match/1153636.html,,,unverified_candidate,"site:espncricinfo.com ""Zimbabwe"" ""Bangladesh"" ""2018-10-24"" preview pitch conditions",,,,,,,,,,,,,,,,
1153637,2018-10-26,Zimbabwe tour of Bangladesh,bilateral_series,Zahur Ahmed Chowdhury Stadium,Chattogram,Zimbabwe,Bangladesh,1153637,https://www.espncricinfo.com/ci/engine/match/1153637.html,,,unverified_candidate,"site:espncricinfo.com ""Zimbabwe"" ""Bangladesh"" ""2018-10-26"" preview pitch conditions",,,,,,,,,,,,,,,,
1157756,2018-10-27,West Indies tour of India,bilateral_series,Maharashtra Cricket Association Stadium,Pune,West Indies,India,1157756,https://www.espncricinfo.com/ci/engine/match/1157756.html,,,unverified_candidate,"site:espncricinfo.com ""West Indies"" ""India"" ""2018-10-27"" preview pitch conditions",,,,,,,,,,,,,,,,
1157757,2018-10-29,West Indies tour of India,bilateral_series,Brabourne Stadium,Mumbai,India,West Indies,1157757,https://www.espncricinfo.com/ci/engine/match/1157757.html,,,unverified_candidate,"site:espncricinfo.com ""India"" ""West Indies"" ""2018-10-29"" preview pitch conditions",,,,,,,,,,,,,,,,
1157758,2018-11-01,West Indies tour of India,bilateral_series,Greenfield International Stadium,Thiruvananthapuram,West Indies,India,1157758,https://www.espncricinfo.com/ci/engine/match/1157758.html,,,unverified_candidate,"site:espncricinfo.com ""West Indies"" ""India"" ""2018-11-01"" preview pitch conditions",,,,,,,,,,,,,,,,
1144986,2018-11-04,South Africa tour of Australia,bilateral_series,Perth Stadium,Unknown,Australia,South Africa,1144986,https://www.espncricinfo.com/ci/engine/match/1144986.html,,,unverified_candidate,"site:espncricinfo.com ""Australia"" ""South Africa"" ""2018-11-04"" preview pitch conditions",,,,,,,,,,,,,,,,
1157378,2018-11-07,New Zealand tour of United Arab Emirates,bilateral_series,Sheikh Zayed Stadium,Abu Dhabi,New Zealand,Pakistan,1157378,https://www.espncricinfo.com/ci/engine/match/1157378.html,,,unverified_candidate,"site:espncricinfo.com ""New Zealand"" ""Pakistan"" ""2018-11-07"" preview pitch conditions",,,,,,,,,,,,,,,,
1144987,2018-11-09,South Africa tour of Australia,bilateral_series,Adelaide Oval,Unknown,Australia,South Africa,1144987,https://www.espncricinfo.com/ci/engine/match/1144987.html,,,unverified_candidate,"site:espncricinfo.com ""Australia"" ""South Africa"" ""2018-11-09"" preview pitch conditions",,,,,,,,,,,,,,,,
1157379,2018-11-09,New Zealand tour of United Arab Emirates,bilateral_series,Sheikh Zayed Stadium,Abu Dhabi,New Zealand,Pakistan,1157379,https://www.espncricinfo.com/ci/engine/match/1157379.html,,,unverified_candidate,"site:espncricinfo.com ""New Zealand"" ""Pakistan"" ""2018-11-09"" preview pitch conditions",,,,,,,,,,,,,,,,
1144988,2018-11-11,South Africa tour of Australia,bilateral_series,Bellerive Oval,Hobart,South Africa,Australia,1144988,https://www.espncricinfo.com/ci/engine/match/1144988.html,,,unverified_candidate,"site:espncricinfo.com ""South Africa"" ""Australia"" ""2018-11-11"" preview pitch conditions",,,,,,,,,,,,,,,,
1153314,2018-12-09,West Indies tour of Bangladesh,bilateral_series,"Shere Bangla National Stadium, Mirpur",Dhaka,West Indies,Bangladesh,1153314,https://www.espncricinfo.com/ci/engine/match/1153314.html,,,unverified_candidate,"site:espncricinfo.com ""West Indies"" ""Bangladesh"" ""2018-12-09"" preview pitch conditions",,,,,,,,,,,,,,,,
1153315,2018-12-11,West Indies tour of Bangladesh,bilateral_series,"Shere Bangla National Stadium, Mirpur",Dhaka,Bangladesh,West Indies,1153315,https://www.espncricinfo.com/ci/engine/match/1153315.html,,,unverified_candidate,"site:espncricinfo.com ""Bangladesh"" ""West Indies"" ""2018-12-11"" preview pitch conditions",,,,,,,,,,,,,,,,
1153316,2018-12-14,West Indies tour of Bangladesh,bilateral_series,Sylhet International Cricket Stadium,Sylhet,West Indies,Bangladesh,1153316,https://www.espncricinfo.com/ci/engine/match/1153316.html,,,unverified_candidate,"site:espncricinfo.com ""West Indies"" ""Bangladesh"" ""2018-12-14"" preview pitch conditions",,,,,,,,,,,,,,,,
1153840,2019-01-03,Sri Lanka tour of New Zealand,bilateral_series,Bay Oval,Mount Maunganui,New Zealand,Sri Lanka,1153840,https://www.espncricinfo.com/ci/engine/match/1153840.html,,,unverified_candidate,"site:espncricinfo.com ""New Zealand"" ""Sri Lanka"" ""2019-01-03"" preview pitch conditions",,,,,,,,,,,,,,,,
1153841,2019-01-05,Sri Lanka tour of New Zealand,bilateral_series,Bay Oval,Mount Maunganui,New Zealand,Sri Lanka,1153841,https://www.espncricinfo.com/ci/engine/match/1153841.html,,,unverified_candidate,"site:espncricinfo.com ""New Zealand"" ""Sri Lanka"" ""2019-01-05"" preview pitch conditions",,,,,,,,,,,,,,,,
1153842,2019-01-08,Sri Lanka tour of New Zealand,bilateral_series,Saxton Oval,Nelson,New Zealand,Sri Lanka,1153842,https://www.espncricinfo.com/ci/engine/match/1153842.html,,,unverified_candidate,"site:espncricinfo.com ""New Zealand"" ""Sri Lanka"" ""2019-01-08"" preview pitch conditions",,,,,,,,,,,,,,,,
1144997,2019-01-12,India tour of Australia,bilateral_series,Sydney Cricket Ground,Sydney,Australia,India,1144997,https://www.espncricinfo.com/ci/engine/match/1144997.html,,,unverified_candidate,"site:espncricinfo.com ""Australia"" ""India"" ""2019-01-12"" preview pitch conditions",,,,,,,,,,,,,,,,
1144998,2019-01-15,India tour of Australia,bilateral_series,Adelaide Oval,Adelaide,Australia,India,1144998,https://www.espncricinfo.com/ci/engine/match/1144998.html,,,unverified_candidate,"site:espncricinfo.com ""Australia"" ""India"" ""2019-01-15"" preview pitch conditions",,,,,,,,,,,,,,,,
1144999,2019-01-18,India tour of Australia,bilateral_series,Melbourne Cricket Ground,Melbourne,Australia,India,1144999,https://www.espncricinfo.com/ci/engine/match/1144999.html,,,unverified_candidate,"site:espncricinfo.com ""Australia"" ""India"" ""2019-01-18"" preview pitch conditions",,,,,,,,,,,,,,,,
1144156,2019-01-19,Pakistan tour of South Africa,bilateral_series,St George's Park,Port Elizabeth,South Africa,Pakistan,1144156,https://www.espncricinfo.com/ci/engine/match/1144156.html,,,unverified_candidate,"site:espncricinfo.com ""South Africa"" ""Pakistan"" ""2019-01-19"" preview pitch conditions",,,,,,,,,,,,,,,,
1144157,2019-01-22,Pakistan tour of South Africa,bilateral_series,Kingsmead,Durban,Pakistan,South Africa,1144157,https://www.espncricinfo.com/ci/engine/match/1144157.html,,,unverified_candidate,"site:espncricinfo.com ""Pakistan"" ""South Africa"" ""2019-01-22"" preview pitch conditions",,,,,,,,,,,,,,,,
1170454,2019-01-25,Nepal tour of United Arab Emirates,bilateral_series,ICC Academy,Dubai,Nepal,United Arab Emirates,1170454,https://www.espncricinfo.com/ci/engine/match/1170454.html,,,unverified_candidate,"site:espncricinfo.com ""Nepal"" ""United Arab Emirates"" ""2019-01-25"" preview pitch conditions",,,,,,,,,,,,,,,,
1153692,2019-01-26,India tour of New Zealand,bilateral_series,Bay Oval,Mount Maunganui,India,New Zealand,1153692,https://www.espncricinfo.com/ci/engine/match/1153692.html,,,unverified_candidate,"site:espncricinfo.com ""India"" ""New Zealand"" ""2019-01-26"" preview pitch conditions",,,,,,,,,,,,,,,,
1170455,2019-01-26,Nepal tour of United Arab Emirates,bilateral_series,ICC Academy,Dubai,Nepal,United Arab Emirates,1170455,https://www.espncricinfo.com/ci/engine/match/1170455.html,,,unverified_candidate,"site:espncricinfo.com ""Nepal"" ""United Arab Emirates"" ""2019-01-26"" preview pitch conditions",,,,,,,,,,,,,,,,
1144159,2019-01-27,Pakistan tour of South Africa,bilateral_series,The Wanderers Stadium,Johannesburg,South Africa,Pakistan,1144159,https://www.espncricinfo.com/ci/engine/match/1144159.html,,,unverified_candidate,"site:espncricinfo.com ""South Africa"" ""Pakistan"" ""2019-01-27"" preview pitch conditions",,,,,,,,,,,,,,,,
1153693,2019-01-28,India tour of New Zealand,bilateral_series,Bay Oval,Mount Maunganui,New Zealand,India,1153693,https://www.espncricinfo.com/ci/engine/match/1153693.html,,,unverified_candidate,"site:espncricinfo.com ""New Zealand"" ""India"" ""2019-01-28"" preview pitch conditions",,,,,,,,,,,,,,,,
1170456,2019-01-28,Nepal tour of United Arab Emirates,bilateral_series,ICC Academy,Dubai,United Arab Emirates,Nepal,1170456,https://www.espncricinfo.com/ci/engine/match/1170456.html,,,unverified_candidate,"site:espncricinfo.com ""United Arab Emirates"" ""Nepal"" ""2019-01-28"" preview pitch conditions",,,,,,,,,,,,,,,,
1144160,2019-01-30,Pakistan tour of South Africa,bilateral_series,Newlands,Cape Town,Pakistan,South Africa,1144160,https://www.espncricinfo.com/ci/engine/match/1144160.html,,,unverified_candidate,"site:espncricinfo.com ""Pakistan"" ""South Africa"" ""2019-01-30"" preview pitch conditions",,,,,,,,,,,,,,,,
1153694,2019-01-31,India tour of New Zealand,bilateral_series,Seddon Park,Hamilton,India,New Zealand,1153694,https://www.espncricinfo.com/ci/engine/match/1153694.html,,,unverified_candidate,"site:espncricinfo.com ""India"" ""New Zealand"" ""2019-01-31"" preview pitch conditions",,,,,,,,,,,,,,,,
1153695,2019-02-03,India tour of New Zealand,bilateral_series,Westpac Stadium,Wellington,India,New Zealand,1153695,https://www.espncricinfo.com/ci/engine/match/1153695.html,,,unverified_candidate,"site:espncricinfo.com ""India"" ""New Zealand"" ""2019-02-03"" preview pitch conditions",,,,,,,,,,,,,,,,
1153844,2019-02-13,Bangladesh tour of New Zealand,bilateral_series,McLean Park,Napier,Bangladesh,New Zealand,1153844,https://www.espncricinfo.com/ci/engine/match/1153844.html,,,unverified_candidate,"site:espncricinfo.com ""Bangladesh"" ""New Zealand"" ""2019-02-13"" preview pitch conditions",,,,,,,,,,,,,,,,
1153845,2019-02-16,Bangladesh tour of New Zealand,bilateral_series,Hagley Oval,Christchurch,Bangladesh,New Zealand,1153845,https://www.espncricinfo.com/ci/engine/match/1153845.html,,,unverified_candidate,"site:espncricinfo.com ""Bangladesh"" ""New Zealand"" ""2019-02-16"" preview pitch conditions",,,,,,,,,,,,,,,,
1153846,2019-02-20,Bangladesh tour of New Zealand,bilateral_series,University Oval,Dunedin,New Zealand,Bangladesh,1153846,https://www.espncricinfo.com/ci/engine/match/1153846.html,,,unverified_candidate,"site:espncricinfo.com ""New Zealand"" ""Bangladesh"" ""2019-02-20"" preview pitch conditions",,,,,,,,,,,,,,,,
1158066,2019-02-20,England tour of West Indies,bilateral_series,"Kensington Oval, Barbados",Bridgetown,West Indies,England,1158066,https://www.espncricinfo.com/ci/engine/match/1158066.html,,,unverified_candidate,"site:espncricinfo.com ""West Indies"" ""England"" ""2019-02-20"" preview pitch conditions",,,,,,,,,,,,,,,,
1158067,2019-02-22,England tour of West Indies,bilateral_series,"Kensington Oval, Barbados",Bridgetown,West Indies,England,1158067,https://www.espncricinfo.com/ci/engine/match/1158067.html,,,unverified_candidate,"site:espncricinfo.com ""West Indies"" ""England"" ""2019-02-22"" preview pitch conditions",,,,,,,,,,,,,,,,
1158069,2019-02-27,England tour of West Indies,bilateral_series,"National Cricket Stadium, Grenada",St George's,England,West Indies,1158069,https://www.espncricinfo.com/ci/engine/match/1158069.html,,,unverified_candidate,"site:espncricinfo.com ""England"" ""West Indies"" ""2019-02-27"" preview pitch conditions",,,,,,,,,,,,,,,,
1158070,2019-03-02,England tour of West Indies,bilateral_series,"Darren Sammy National Cricket Stadium, St Lucia",Gros Islet,England,West Indies,1158070,https://www.espncricinfo.com/ci/engine/match/1158070.html,,,unverified_candidate,"site:espncricinfo.com ""England"" ""West Indies"" ""2019-03-02"" preview pitch conditions",,,,,,,,,,,,,,,,
1168242,2019-03-02,Australia tour of India,bilateral_series,"Rajiv Gandhi International Stadium, Uppal",Hyderabad,Australia,India,1168242,https://www.espncricinfo.com/ci/engine/match/1168242.html,,,unverified_candidate,"site:espncricinfo.com ""Australia"" ""India"" ""2019-03-02"" preview pitch conditions",,,,,,,,,,,,,,,,
1144167,2019-03-03,Sri Lanka tour of South Africa,bilateral_series,The Wanderers Stadium,Johannesburg,Sri Lanka,South Africa,1144167,https://www.espncricinfo.com/ci/engine/match/1144167.html,,,unverified_candidate,"site:espncricinfo.com ""Sri Lanka"" ""South Africa"" ""2019-03-03"" preview pitch conditions",,,,,,,,,,,,,,,,
1168243,2019-03-05,Australia tour of India,bilateral_series,"Vidarbha Cricket Association Stadium, Jamtha",Nagpur,India,Australia,1168243,https://www.espncricinfo.com/ci/engine/match/1168243.html,,,unverified_candidate,"site:espncricinfo.com ""India"" ""Australia"" ""2019-03-05"" preview pitch conditions",,,,,,,,,,,,,,,,
1144168,2019-03-06,Sri Lanka tour of South Africa,bilateral_series,SuperSport Park,Centurion,South Africa,Sri Lanka,1144168,https://www.espncricinfo.com/ci/engine/match/1144168.html,,,unverified_candidate,"site:espncricinfo.com ""South Africa"" ""Sri Lanka"" ""2019-03-06"" preview pitch conditions",,,,,,,,,,,,,,,,
1168244,2019-03-08,Australia tour of India,bilateral_series,JSCA International Stadium Complex,Ranchi,Australia,India,1168244,https://www.espncricinfo.com/ci/engine/match/1168244.html,,,unverified_candidate,"site:espncricinfo.com ""Australia"" ""India"" ""2019-03-08"" preview pitch conditions",,,,,,,,,,,,,,,,
1168245,2019-03-10,Australia tour of India,bilateral_series,"Punjab Cricket Association IS Bindra Stadium, Mohali",Chandigarh,India,Australia,1168245,https://www.espncricinfo.com/ci/engine/match/1168245.html,,,unverified_candidate,"site:espncricinfo.com ""India"" ""Australia"" ""2019-03-10"" preview pitch conditions",,,,,,,,,,,,,,,,
1144170,2019-03-13,Sri Lanka tour of South Africa,bilateral_series,St George's Park,Port Elizabeth,Sri Lanka,South Africa,1144170,https://www.espncricinfo.com/ci/engine/match/1144170.html,,,unverified_candidate,"site:espncricinfo.com ""Sri Lanka"" ""South Africa"" ""2019-03-13"" preview pitch conditions",,,,,,,,,,,,,,,,
1168246,2019-03-13,Australia tour of India,bilateral_series,Arun Jaitley Stadium,Delhi,Australia,India,1168246,https://www.espncricinfo.com/ci/engine/match/1168246.html,,,unverified_candidate,"site:espncricinfo.com ""Australia"" ""India"" ""2019-03-13"" preview pitch conditions",,,,,,,,,,,,,,,,
1174238,2019-03-22,Australia tour of United Arab Emirates,bilateral_series,Sharjah Cricket Stadium,Sharjah,Pakistan,Australia,1174238,https://www.espncricinfo.com/ci/engine/match/1174238.html,,,unverified_candidate,"site:espncricinfo.com ""Pakistan"" ""Australia"" ""2019-03-22"" preview pitch conditions",,,,,,,,,,,,,,,,
1174239,2019-03-24,Australia tour of United Arab Emirates,bilateral_series,Sharjah Cricket Stadium,Sharjah,Pakistan,Australia,1174239,https://www.espncricinfo.com/ci/engine/match/1174239.html,,,unverified_candidate,"site:espncricinfo.com ""Pakistan"" ""Australia"" ""2019-03-24"" preview pitch conditions",,,,,,,,,,,,,,,,
1174240,2019-03-27,Australia tour of United Arab Emirates,bilateral_series,Sheikh Zayed Stadium,Abu Dhabi,Australia,Pakistan,1174240,https://www.espncricinfo.com/ci/engine/match/1174240.html,,,unverified_candidate,"site:espncricinfo.com ""Australia"" ""Pakistan"" ""2019-03-27"" preview pitch conditions",,,,,,,,,,,,,,,,
1174241,2019-03-29,Australia tour of United Arab Emirates,bilateral_series,Dubai International Cricket Stadium,Dubai,Australia,Pakistan,1174241,https://www.espncricinfo.com/ci/engine/match/1174241.html,,,unverified_candidate,"site:espncricinfo.com ""Australia"" ""Pakistan"" ""2019-03-29"" preview pitch conditions",,,,,,,,,,,,,,,,
1174242,2019-03-31,Australia tour of United Arab Emirates,bilateral_series,Dubai International Cricket Stadium,Dubai,Australia,Pakistan,1174242,https://www.espncricinfo.com/ci/engine/match/1174242.html,,,unverified_candidate,"site:espncricinfo.com ""Australia"" ""Pakistan"" ""2019-03-31"" preview pitch conditions",,,,,,,,,,,,,,,,
1179272,2019-04-10,United Arab Emirates tour of Zimbabwe,bilateral_series,Harare Sports Club,Harare,United Arab Emirates,Zimbabwe,1179272,https://www.espncricinfo.com/ci/engine/match/1179272.html,,,unverified_candidate,"site:espncricinfo.com ""United Arab Emirates"" ""Zimbabwe"" ""2019-04-10"" preview pitch conditions",,,,,,,,,,,,,,,,
1174844,2019-04-27,ICC World Cricket League Division Two,qualification_pathway,Affies Park,Windhoek,United States of America,Papua New Guinea,1174844,https://www.espncricinfo.com/ci/engine/match/1174844.html,,,unverified_candidate,"site:espncricinfo.com ""United States of America"" ""Papua New Guinea"" ""2019-04-27"" preview pitch conditions",,,,,,,,,,,,,,,,
1174845,2019-04-27,ICC World Cricket League Division Two,qualification_pathway,Wanderers Cricket Ground,Windhoek,Namibia,Oman,1174845,https://www.espncricinfo.com/ci/engine/match/1174845.html,,,unverified_candidate,"site:espncricinfo.com ""Namibia"" ""Oman"" ""2019-04-27"" preview pitch conditions",,,,,,,,,,,,,,,,
1161014,2019-05-03,England tour of Ireland,bilateral_series,"The Village, Malahide",Dublin,Ireland,England,1161014,https://www.espncricinfo.com/ci/engine/match/1161014.html,,,unverified_candidate,"site:espncricinfo.com ""Ireland"" ""England"" ""2019-05-03"" preview pitch conditions",,,,,,,,,,,,,,,,
1168508,2019-05-05,Ireland Tri-Nation Series,multi_team_series,Castle Avenue,Dublin,West Indies,Ireland,1168508,https://www.espncricinfo.com/ci/engine/match/1168508.html,,,unverified_candidate,"site:espncricinfo.com ""West Indies"" ""Ireland"" ""2019-05-05"" preview pitch conditions",,,,,,,,,,,,,,,,
1168509,2019-05-07,Ireland Tri-Nation Series,multi_team_series,Castle Avenue,Dublin,West Indies,Bangladesh,1168509,https://www.espncricinfo.com/ci/engine/match/1168509.html,,,unverified_candidate,"site:espncricinfo.com ""West Indies"" ""Bangladesh"" ""2019-05-07"" preview pitch conditions",,,,,,,,,,,,,,,,
1152842,2019-05-11,Pakistan tour of England,bilateral_series,The Rose Bowl,Southampton,England,Pakistan,1152842,https://www.espncricinfo.com/ci/engine/match/1152842.html,,,unverified_candidate,"site:espncricinfo.com ""England"" ""Pakistan"" ""2019-05-11"" preview pitch conditions",,,,,,,,,,,,,,,,
1168511,2019-05-11,Ireland Tri-Nation Series,multi_team_series,"The Village, Malahide",Dublin,Ireland,West Indies,1168511,https://www.espncricinfo.com/ci/engine/match/1168511.html,,,unverified_candidate,"site:espncricinfo.com ""Ireland"" ""West Indies"" ""2019-05-11"" preview pitch conditions",,,,,,,,,,,,,,,,
1168512,2019-05-13,Ireland Tri-Nation Series,multi_team_series,"The Village, Malahide",Dublin,West Indies,Bangladesh,1168512,https://www.espncricinfo.com/ci/engine/match/1168512.html,,,unverified_candidate,"site:espncricinfo.com ""West Indies"" ""Bangladesh"" ""2019-05-13"" preview pitch conditions",,,,,,,,,,,,,,,,
1152843,2019-05-14,Pakistan tour of England,bilateral_series,County Ground,Bristol,Pakistan,England,1152843,https://www.espncricinfo.com/ci/engine/match/1152843.html,,,unverified_candidate,"site:espncricinfo.com ""Pakistan"" ""England"" ""2019-05-14"" preview pitch conditions",,,,,,,,,,,,,,,,
1168513,2019-05-15,Ireland Tri-Nation Series,multi_team_series,Castle Avenue,Dublin,Ireland,Bangladesh,1168513,https://www.espncricinfo.com/ci/engine/match/1168513.html,,,unverified_candidate,"site:espncricinfo.com ""Ireland"" ""Bangladesh"" ""2019-05-15"" preview pitch conditions",,,,,,,,,,,,,,,,
1152844,2019-05-17,Pakistan tour of England,bilateral_series,Trent Bridge,Nottingham,Pakistan,England,1152844,https://www.espncricinfo.com/ci/engine/match/1152844.html,,,unverified_candidate,"site:espncricinfo.com ""Pakistan"" ""England"" ""2019-05-17"" preview pitch conditions",,,,,,,,,,,,,,,,
1152845,2019-05-19,Pakistan tour of England,bilateral_series,Headingley,Leeds,England,Pakistan,1152845,https://www.espncricinfo.com/ci/engine/match/1152845.html,,,unverified_candidate,"site:espncricinfo.com ""England"" ""Pakistan"" ""2019-05-19"" preview pitch conditions",,,,,,,,,,,,,,,,
1144483,2019-05-30,World Cup,world_cup,Kennington Oval,London,England,South Africa,1144483,https://www.espncricinfo.com/ci/engine/match/1144483.html,,,unverified_candidate,"site:espncricinfo.com ""England"" ""South Africa"" ""2019-05-30"" preview pitch conditions",,,,,,,,,,,,,,,,
1144484,2019-05-31,World Cup,world_cup,Trent Bridge,Nottingham,Pakistan,West Indies,1144484,https://www.espncricinfo.com/ci/engine/match/1144484.html,,,unverified_candidate,"site:espncricinfo.com ""Pakistan"" ""West Indies"" ""2019-05-31"" preview pitch conditions",,,,,,,,,,,,,,,,
1144485,2019-06-01,World Cup,world_cup,Sophia Gardens,Cardiff,Sri Lanka,New Zealand,1144485,https://www.espncricinfo.com/ci/engine/match/1144485.html,,,unverified_candidate,"site:espncricinfo.com ""Sri Lanka"" ""New Zealand"" ""2019-06-01"" preview pitch conditions",,,,,,,,,,,,,,,,
1144487,2019-06-02,World Cup,world_cup,Kennington Oval,London,Bangladesh,South Africa,1144487,https://www.espncricinfo.com/ci/engine/match/1144487.html,,,unverified_candidate,"site:espncricinfo.com ""Bangladesh"" ""South Africa"" ""2019-06-02"" preview pitch conditions",,,,,,,,,,,,,,,,
1144488,2019-06-03,World Cup,world_cup,Trent Bridge,Nottingham,Pakistan,England,1144488,https://www.espncricinfo.com/ci/engine/match/1144488.html,,,unverified_candidate,"site:espncricinfo.com ""Pakistan"" ""England"" ""2019-06-03"" preview pitch conditions",,,,,,,,,,,,,,,,
1144490,2019-06-05,World Cup,world_cup,The Rose Bowl,Southampton,South Africa,India,1144490,https://www.espncricinfo.com/ci/engine/match/1144490.html,,,unverified_candidate,"site:espncricinfo.com ""South Africa"" ""India"" ""2019-06-05"" preview pitch conditions",,,,,,,,,,,,,,,,
1144491,2019-06-05,World Cup,world_cup,Kennington Oval,London,Bangladesh,New Zealand,1144491,https://www.espncricinfo.com/ci/engine/match/1144491.html,,,unverified_candidate,"site:espncricinfo.com ""Bangladesh"" ""New Zealand"" ""2019-06-05"" preview pitch conditions",,,,,,,,,,,,,,,,
1144492,2019-06-06,World Cup,world_cup,Trent Bridge,Nottingham,Australia,West Indies,1144492,https://www.espncricinfo.com/ci/engine/match/1144492.html,,,unverified_candidate,"site:espncricinfo.com ""Australia"" ""West Indies"" ""2019-06-06"" preview pitch conditions",,,,,,,,,,,,,,,,
1144494,2019-06-08,World Cup,world_cup,Sophia Gardens,Cardiff,England,Bangladesh,1144494,https://www.espncricinfo.com/ci/engine/match/1144494.html,,,unverified_candidate,"site:espncricinfo.com ""England"" ""Bangladesh"" ""2019-06-08"" preview pitch conditions",,,,,,,,,,,,,,,,
1144496,2019-06-09,World Cup,world_cup,Kennington Oval,London,India,Australia,1144496,https://www.espncricinfo.com/ci/engine/match/1144496.html,,,unverified_candidate,"site:espncricinfo.com ""India"" ""Australia"" ""2019-06-09"" preview pitch conditions",,,,,,,,,,,,,,,,
1144499,2019-06-12,World Cup,world_cup,The Cooper Associates County Ground,Taunton,Australia,Pakistan,1144499,https://www.espncricinfo.com/ci/engine/match/1144499.html,,,unverified_candidate,"site:espncricinfo.com ""Australia"" ""Pakistan"" ""2019-06-12"" preview pitch conditions",,,,,,,,,,,,,,,,
1144501,2019-06-14,World Cup,world_cup,The Rose Bowl,Southampton,West Indies,England,1144501,https://www.espncricinfo.com/ci/engine/match/1144501.html,,,unverified_candidate,"site:espncricinfo.com ""West Indies"" ""England"" ""2019-06-14"" preview pitch conditions",,,,,,,,,,,,,,,,
1144502,2019-06-15,World Cup,world_cup,Kennington Oval,London,Australia,Sri Lanka,1144502,https://www.espncricinfo.com/ci/engine/match/1144502.html,,,unverified_candidate,"site:espncricinfo.com ""Australia"" ""Sri Lanka"" ""2019-06-15"" preview pitch conditions",,,,,,,,,,,,,,,,
1144505,2019-06-17,World Cup,world_cup,The Cooper Associates County Ground,Taunton,West Indies,Bangladesh,1144505,https://www.espncricinfo.com/ci/engine/match/1144505.html,,,unverified_candidate,"site:espncricinfo.com ""West Indies"" ""Bangladesh"" ""2019-06-17"" preview pitch conditions",,,,,,,,,,,,,,,,
1144507,2019-06-19,World Cup,world_cup,Edgbaston,Birmingham,South Africa,New Zealand,1144507,https://www.espncricinfo.com/ci/engine/match/1144507.html,,,unverified_candidate,"site:espncricinfo.com ""South Africa"" ""New Zealand"" ""2019-06-19"" preview pitch conditions",,,,,,,,,,,,,,,,
1144508,2019-06-20,World Cup,world_cup,Trent Bridge,Nottingham,Australia,Bangladesh,1144508,https://www.espncricinfo.com/ci/engine/match/1144508.html,,,unverified_candidate,"site:espncricinfo.com ""Australia"" ""Bangladesh"" ""2019-06-20"" preview pitch conditions",,,,,,,,,,,,,,,,
1144509,2019-06-21,World Cup,world_cup,Headingley,Leeds,Sri Lanka,England,1144509,https://www.espncricinfo.com/ci/engine/match/1144509.html,,,unverified_candidate,"site:espncricinfo.com ""Sri Lanka"" ""England"" ""2019-06-21"" preview pitch conditions",,,,,,,,,,,,,,,,
1188378,2019-06-21,Zimbabwe tour of Netherlands and Ireland,bilateral_series,Sportpark Het Schootsveld,Deventer,Zimbabwe,Netherlands,1188378,https://www.espncricinfo.com/ci/engine/match/1188378.html,,,unverified_candidate,"site:espncricinfo.com ""Zimbabwe"" ""Netherlands"" ""2019-06-21"" preview pitch conditions",,,,,,,,,,,,,,,,
1144511,2019-06-22,World Cup,world_cup,Old Trafford,Manchester,New Zealand,West Indies,1144511,https://www.espncricinfo.com/ci/engine/match/1144511.html,,,unverified_candidate,"site:espncricinfo.com ""New Zealand"" ""West Indies"" ""2019-06-22"" preview pitch conditions",,,,,,,,,,,,,,,,
1144512,2019-06-23,World Cup,world_cup,Lord's,London,Pakistan,South Africa,1144512,https://www.espncricinfo.com/ci/engine/match/1144512.html,,,unverified_candidate,"site:espncricinfo.com ""Pakistan"" ""South Africa"" ""2019-06-23"" preview pitch conditions",,,,,,,,,,,,,,,,
1144514,2019-06-25,World Cup,world_cup,Lord's,London,Australia,England,1144514,https://www.espncricinfo.com/ci/engine/match/1144514.html,,,unverified_candidate,"site:espncricinfo.com ""Australia"" ""England"" ""2019-06-25"" preview pitch conditions",,,,,,,,,,,,,,,,
1144515,2019-06-26,World Cup,world_cup,Edgbaston,Birmingham,New Zealand,Pakistan,1144515,https://www.espncricinfo.com/ci/engine/match/1144515.html,,,unverified_candidate,"site:espncricinfo.com ""New Zealand"" ""Pakistan"" ""2019-06-26"" preview pitch conditions",,,,,,,,,,,,,,,,
1144516,2019-06-27,World Cup,world_cup,Old Trafford,Manchester,India,West Indies,1144516,https://www.espncricinfo.com/ci/engine/match/1144516.html,,,unverified_candidate,"site:espncricinfo.com ""India"" ""West Indies"" ""2019-06-27"" preview pitch conditions",,,,,,,,,,,,,,,,
1144517,2019-06-28,World Cup,world_cup,Riverside Ground,Chester-le-Street,Sri Lanka,South Africa,1144517,https://www.espncricinfo.com/ci/engine/match/1144517.html,,,unverified_candidate,"site:espncricinfo.com ""Sri Lanka"" ""South Africa"" ""2019-06-28"" preview pitch conditions",,,,,,,,,,,,,,,,
1144519,2019-06-29,World Cup,world_cup,Lord's,London,Australia,New Zealand,1144519,https://www.espncricinfo.com/ci/engine/match/1144519.html,,,unverified_candidate,"site:espncricinfo.com ""Australia"" ""New Zealand"" ""2019-06-29"" preview pitch conditions",,,,,,,,,,,,,,,,
1144520,2019-06-30,World Cup,world_cup,Edgbaston,Birmingham,England,India,1144520,https://www.espncricinfo.com/ci/engine/match/1144520.html,,,unverified_candidate,"site:espncricinfo.com ""England"" ""India"" ""2019-06-30"" preview pitch conditions",,,,,,,,,,,,,,,,
1144521,2019-07-01,World Cup,world_cup,Riverside Ground,Chester-le-Street,Sri Lanka,West Indies,1144521,https://www.espncricinfo.com/ci/engine/match/1144521.html,,,unverified_candidate,"site:espncricinfo.com ""Sri Lanka"" ""West Indies"" ""2019-07-01"" preview pitch conditions",,,,,,,,,,,,,,,,
1168517,2019-07-01,Zimbabwe tour of Netherlands and Ireland,bilateral_series,"Bready Cricket Club, Magheramason",Bready,Zimbabwe,Ireland,1168517,https://www.espncricinfo.com/ci/engine/match/1168517.html,,,unverified_candidate,"site:espncricinfo.com ""Zimbabwe"" ""Ireland"" ""2019-07-01"" preview pitch conditions",,,,,,,,,,,,,,,,
1144522,2019-07-02,World Cup,world_cup,Edgbaston,Birmingham,India,Bangladesh,1144522,https://www.espncricinfo.com/ci/engine/match/1144522.html,,,unverified_candidate,"site:espncricinfo.com ""India"" ""Bangladesh"" ""2019-07-02"" preview pitch conditions",,,,,,,,,,,,,,,,
1144523,2019-07-03,World Cup,world_cup,Riverside Ground,Chester-le-Street,England,New Zealand,1144523,https://www.espncricinfo.com/ci/engine/match/1144523.html,,,unverified_candidate,"site:espncricinfo.com ""England"" ""New Zealand"" ""2019-07-03"" preview pitch conditions",,,,,,,,,,,,,,,,
1168518,2019-07-04,Zimbabwe tour of Netherlands and Ireland,bilateral_series,"Civil Service Cricket Club, Stormont",Belfast,Ireland,Zimbabwe,1168518,https://www.espncricinfo.com/ci/engine/match/1168518.html,,,unverified_candidate,"site:espncricinfo.com ""Ireland"" ""Zimbabwe"" ""2019-07-04"" preview pitch conditions",,,,,,,,,,,,,,,,
1144525,2019-07-05,World Cup,world_cup,Lord's,London,Pakistan,Bangladesh,1144525,https://www.espncricinfo.com/ci/engine/match/1144525.html,,,unverified_candidate,"site:espncricinfo.com ""Pakistan"" ""Bangladesh"" ""2019-07-05"" preview pitch conditions",,,,,,,,,,,,,,,,
1144526,2019-07-06,World Cup,world_cup,Headingley,Leeds,Sri Lanka,India,1144526,https://www.espncricinfo.com/ci/engine/match/1144526.html,,,unverified_candidate,"site:espncricinfo.com ""Sri Lanka"" ""India"" ""2019-07-06"" preview pitch conditions",,,,,,,,,,,,,,,,
1144527,2019-07-06,World Cup,world_cup,Old Trafford,Manchester,South Africa,Australia,1144527,https://www.espncricinfo.com/ci/engine/match/1144527.html,,,unverified_candidate,"site:espncricinfo.com ""South Africa"" ""Australia"" ""2019-07-06"" preview pitch conditions",,,,,,,,,,,,,,,,
1168519,2019-07-07,Zimbabwe tour of Netherlands and Ireland,bilateral_series,"Civil Service Cricket Club, Stormont",Belfast,Zimbabwe,Ireland,1168519,https://www.espncricinfo.com/ci/engine/match/1168519.html,,,unverified_candidate,"site:espncricinfo.com ""Zimbabwe"" ""Ireland"" ""2019-07-07"" preview pitch conditions",,,,,,,,,,,,,,,,
1144528,2019-07-09,World Cup,world_cup,Old Trafford,Manchester,New Zealand,India,1144528,https://www.espncricinfo.com/ci/engine/match/1144528.html,,,unverified_candidate,"site:espncricinfo.com ""New Zealand"" ""India"" ""2019-07-09"" preview pitch conditions",,,,,,,,,,,,,,,,
1144529,2019-07-11,World Cup,world_cup,Edgbaston,Birmingham,Australia,England,1144529,https://www.espncricinfo.com/ci/engine/match/1144529.html,,,unverified_candidate,"site:espncricinfo.com ""Australia"" ""England"" ""2019-07-11"" preview pitch conditions",,,,,,,,,,,,,,,,
1193504,2019-07-26,Bangladesh tour of Sri Lanka,bilateral_series,"R.Premadasa Stadium, Khettarama",Colombo,Sri Lanka,Bangladesh,1193504,https://www.espncricinfo.com/ci/engine/match/1193504.html,,,unverified_candidate,"site:espncricinfo.com ""Sri Lanka"" ""Bangladesh"" ""2019-07-26"" preview pitch conditions",,,,,,,,,,,,,,,,
1193505,2019-07-28,Bangladesh tour of Sri Lanka,bilateral_series,"R.Premadasa Stadium, Khettarama",Colombo,Bangladesh,Sri Lanka,1193505,https://www.espncricinfo.com/ci/engine/match/1193505.html,,,unverified_candidate,"site:espncricinfo.com ""Bangladesh"" ""Sri Lanka"" ""2019-07-28"" preview pitch conditions",,,,,,,,,,,,,,,,
1193506,2019-07-31,Bangladesh tour of Sri Lanka,bilateral_series,"R.Premadasa Stadium, Khettarama",Colombo,Sri Lanka,Bangladesh,1193506,https://www.espncricinfo.com/ci/engine/match/1193506.html,,,unverified_candidate,"site:espncricinfo.com ""Sri Lanka"" ""Bangladesh"" ""2019-07-31"" preview pitch conditions",,,,,,,,,,,,,,,,
1196670,2019-08-14,ICC Men's Cricket World Cup League 2,qualification_pathway,Mannofield Park,Aberdeen,Papua New Guinea,Oman,1196670,https://www.espncricinfo.com/ci/engine/match/1196670.html,,,unverified_candidate,"site:espncricinfo.com ""Papua New Guinea"" ""Oman"" ""2019-08-14"" preview pitch conditions",,,,,,,,,,,,,,,,
1196671,2019-08-15,ICC Men's Cricket World Cup League 2,qualification_pathway,Mannofield Park,Aberdeen,Scotland,Oman,1196671,https://www.espncricinfo.com/ci/engine/match/1196671.html,,,unverified_candidate,"site:espncricinfo.com ""Scotland"" ""Oman"" ""2019-08-15"" preview pitch conditions",,,,,,,,,,,,,,,,
1196672,2019-08-17,ICC Men's Cricket World Cup League 2,qualification_pathway,Mannofield Park,Aberdeen,Papua New Guinea,Scotland,1196672,https://www.espncricinfo.com/ci/engine/match/1196672.html,,,unverified_candidate,"site:espncricinfo.com ""Papua New Guinea"" ""Scotland"" ""2019-08-17"" preview pitch conditions",,,,,,,,,,,,,,,,
1196673,2019-08-18,ICC Men's Cricket World Cup League 2,qualification_pathway,Mannofield Park,Aberdeen,Scotland,Oman,1196673,https://www.espncricinfo.com/ci/engine/match/1196673.html,,,unverified_candidate,"site:espncricinfo.com ""Scotland"" ""Oman"" ""2019-08-18"" preview pitch conditions",,,,,,,,,,,,,,,,
1196674,2019-08-20,ICC Men's Cricket World Cup League 2,qualification_pathway,Mannofield Park,Aberdeen,Scotland,Papua New Guinea,1196674,https://www.espncricinfo.com/ci/engine/match/1196674.html,,,unverified_candidate,"site:espncricinfo.com ""Scotland"" ""Papua New Guinea"" ""2019-08-20"" preview pitch conditions",,,,,,,,,,,,,,,,
1196675,2019-08-21,ICC Men's Cricket World Cup League 2,qualification_pathway,Mannofield Park,Aberdeen,Papua New Guinea,Oman,1196675,https://www.espncricinfo.com/ci/engine/match/1196675.html,,,unverified_candidate,"site:espncricinfo.com ""Papua New Guinea"" ""Oman"" ""2019-08-21"" preview pitch conditions",,,,,,,,,,,,,,,,
1199226,2019-09-17,ICC Men's Cricket World Cup League 2,qualification_pathway,Central Broward Regional Park Stadium Turf Ground,Lauderhill,Namibia,United States of America,1199226,https://www.espncricinfo.com/ci/engine/match/1199226.html,,,unverified_candidate,"site:espncricinfo.com ""Namibia"" ""United States of America"" ""2019-09-17"" preview pitch conditions",,,,,,,,,,,,,,,,
1199227,2019-09-19,ICC Men's Cricket World Cup League 2,qualification_pathway,Central Broward Regional Park Stadium Turf Ground,Lauderhill,United States of America,Papua New Guinea,1199227,https://www.espncricinfo.com/ci/engine/match/1199227.html,,,unverified_candidate,"site:espncricinfo.com ""United States of America"" ""Papua New Guinea"" ""2019-09-19"" preview pitch conditions",,,,,,,,,,,,,,,,
1199229,2019-09-22,ICC Men's Cricket World Cup League 2,qualification_pathway,Central Broward Regional Park Stadium Turf Ground,Lauderhill,Papua New Guinea,Namibia,1199229,https://www.espncricinfo.com/ci/engine/match/1199229.html,,,unverified_candidate,"site:espncricinfo.com ""Papua New Guinea"" ""Namibia"" ""2019-09-22"" preview pitch conditions",,,,,,,,,,,,,,,,
1199230,2019-09-23,ICC Men's Cricket World Cup League 2,qualification_pathway,Central Broward Regional Park Stadium Turf Ground,Lauderhill,Namibia,Papua New Guinea,1199230,https://www.espncricinfo.com/ci/engine/match/1199230.html,,,unverified_candidate,"site:espncricinfo.com ""Namibia"" ""Papua New Guinea"" ""2019-09-23"" preview pitch conditions",,,,,,,,,,,,,,,,
1198487,2019-09-30,Sri Lanka tour of Pakistan,bilateral_series,National Stadium,Karachi,Pakistan,Sri Lanka,1198487,https://www.espncricinfo.com/ci/engine/match/1198487.html,,,unverified_candidate,"site:espncricinfo.com ""Pakistan"" ""Sri Lanka"" ""2019-09-30"" preview pitch conditions",,,,,,,,,,,,,,,,
1198488,2019-10-02,Sri Lanka tour of Pakistan,bilateral_series,National Stadium,Karachi,Sri Lanka,Pakistan,1198488,https://www.espncricinfo.com/ci/engine/match/1198488.html,,,unverified_candidate,"site:espncricinfo.com ""Sri Lanka"" ""Pakistan"" ""2019-10-02"" preview pitch conditions",,,,,,,,,,,,,,,,
1206059,2019-12-08,ICC Men's Cricket World Cup League 2,qualification_pathway,Sharjah Cricket Stadium,Sharjah,United Arab Emirates,United States of America,1206059,https://www.espncricinfo.com/ci/engine/match/1206059.html,,,unverified_candidate,"site:espncricinfo.com ""United Arab Emirates"" ""United States of America"" ""2019-12-08"" preview pitch conditions",,,,,,,,,,,,,,,,
1206060,2019-12-09,ICC Men's Cricket World Cup League 2,qualification_pathway,Sharjah Cricket Stadium,Sharjah,United States of America,Scotland,1206060,https://www.espncricinfo.com/ci/engine/match/1206060.html,,,unverified_candidate,"site:espncricinfo.com ""United States of America"" ""Scotland"" ""2019-12-09"" preview pitch conditions",,,,,,,,,,,,,,,,
1206062,2019-12-12,ICC Men's Cricket World Cup League 2,qualification_pathway,ICC Academy,Dubai,United States of America,United Arab Emirates,1206062,https://www.espncricinfo.com/ci/engine/match/1206062.html,,,unverified_candidate,"site:espncricinfo.com ""United States of America"" ""United Arab Emirates"" ""2019-12-12"" preview pitch conditions",,,,,,,,,,,,,,,,
1206063,2019-12-14,ICC Men's Cricket World Cup League 2,qualification_pathway,ICC Academy,Dubai,United States of America,Scotland,1206063,https://www.espncricinfo.com/ci/engine/match/1206063.html,,,unverified_candidate,"site:espncricinfo.com ""United States of America"" ""Scotland"" ""2019-12-14"" preview pitch conditions",,,,,,,,,,,,,,,,
1187021,2019-12-15,West Indies tour of India,bilateral_series,"MA Chidambaram Stadium, Chepauk",Chennai,India,West Indies,1187021,https://www.espncricinfo.com/ci/engine/match/1187021.html,,,unverified_candidate,"site:espncricinfo.com ""India"" ""West Indies"" ""2019-12-15"" preview pitch conditions",,,,,,,,,,,,,,,,
1206064,2019-12-15,ICC Men's Cricket World Cup League 2,qualification_pathway,ICC Academy,Dubai,Scotland,United Arab Emirates,1206064,https://www.espncricinfo.com/ci/engine/match/1206064.html,,,unverified_candidate,"site:espncricinfo.com ""Scotland"" ""United Arab Emirates"" ""2019-12-15"" preview pitch conditions",,,,,,,,,,,,,,,,
1187022,2019-12-18,West Indies tour of India,bilateral_series,Dr. Y.S. Rajasekhara Reddy ACA-VDCA Cricket Stadium,Visakhapatnam,India,West Indies,1187022,https://www.espncricinfo.com/ci/engine/match/1187022.html,,,unverified_candidate,"site:espncricinfo.com ""India"" ""West Indies"" ""2019-12-18"" preview pitch conditions",,,,,,,,,,,,,,,,
1187023,2019-12-22,West Indies tour of India,bilateral_series,Barabati Stadium,Cuttack,West Indies,India,1187023,https://www.espncricinfo.com/ci/engine/match/1187023.html,,,unverified_candidate,"site:espncricinfo.com ""West Indies"" ""India"" ""2019-12-22"" preview pitch conditions",,,,,,,,,,,,,,,,
1211169,2020-01-05,ICC Men's Cricket World Cup League 2,qualification_pathway,Al Amerat Cricket Ground Oman Cricket (Ministry Turf 1),Al Amarat,United Arab Emirates,Oman,1211169,https://www.espncricinfo.com/ci/engine/match/1211169.html,,,unverified_candidate,"site:espncricinfo.com ""United Arab Emirates"" ""Oman"" ""2020-01-05"" preview pitch conditions",,,,,,,,,,,,,,,,
1211170,2020-01-06,ICC Men's Cricket World Cup League 2,qualification_pathway,Al Amerat Cricket Ground Oman Cricket (Ministry Turf 1),Al Amarat,United Arab Emirates,Namibia,1211170,https://www.espncricinfo.com/ci/engine/match/1211170.html,,,unverified_candidate,"site:espncricinfo.com ""United Arab Emirates"" ""Namibia"" ""2020-01-06"" preview pitch conditions",,,,,,,,,,,,,,,,
1203673,2020-01-07,Ireland tour of West Indies,bilateral_series,"Kensington Oval, Barbados",Bridgetown,Ireland,West Indies,1203673,https://www.espncricinfo.com/ci/engine/match/1203673.html,,,unverified_candidate,"site:espncricinfo.com ""Ireland"" ""West Indies"" ""2020-01-07"" preview pitch conditions",,,,,,,,,,,,,,,,
1211171,2020-01-08,ICC Men's Cricket World Cup League 2,qualification_pathway,Al Amerat Cricket Ground Oman Cricket (Ministry Turf 1),Al Amarat,Namibia,Oman,1211171,https://www.espncricinfo.com/ci/engine/match/1211171.html,,,unverified_candidate,"site:espncricinfo.com ""Namibia"" ""Oman"" ""2020-01-08"" preview pitch conditions",,,,,,,,,,,,,,,,
1203674,2020-01-09,Ireland tour of West Indies,bilateral_series,"Kensington Oval, Barbados",Bridgetown,Ireland,West Indies,1203674,https://www.espncricinfo.com/ci/engine/match/1203674.html,,,unverified_candidate,"site:espncricinfo.com ""Ireland"" ""West Indies"" ""2020-01-09"" preview pitch conditions",,,,,,,,,,,,,,,,
1211173,2020-01-09,ICC Men's Cricket World Cup League 2,qualification_pathway,Al Amerat Cricket Ground Oman Cricket (Ministry Turf 1),Al Amarat,Namibia,United Arab Emirates,1211173,https://www.espncricinfo.com/ci/engine/match/1211173.html,,,unverified_candidate,"site:espncricinfo.com ""Namibia"" ""United Arab Emirates"" ""2020-01-09"" preview pitch conditions",,,,,,,,,,,,,,,,
1187027,2020-01-14,Australia tour of India,bilateral_series,Wankhede Stadium,Mumbai,India,Australia,1187027,https://www.espncricinfo.com/ci/engine/match/1187027.html,,,unverified_candidate,"site:espncricinfo.com ""India"" ""Australia"" ""2020-01-14"" preview pitch conditions",,,,,,,,,,,,,,,,
1187028,2020-01-17,Australia tour of India,bilateral_series,Saurashtra Cricket Association Stadium,Rajkot,India,Australia,1187028,https://www.espncricinfo.com/ci/engine/match/1187028.html,,,unverified_candidate,"site:espncricinfo.com ""India"" ""Australia"" ""2020-01-17"" preview pitch conditions",,,,,,,,,,,,,,,,
1187029,2020-01-19,Australia tour of India,bilateral_series,M.Chinnaswamy Stadium,Bengaluru,Australia,India,1187029,https://www.espncricinfo.com/ci/engine/match/1187029.html,,,unverified_candidate,"site:espncricinfo.com ""Australia"" ""India"" ""2020-01-19"" preview pitch conditions",,,,,,,,,,,,,,,,
1185310,2020-02-04,England tour of South Africa,bilateral_series,Newlands,Cape Town,England,South Africa,1185310,https://www.espncricinfo.com/ci/engine/match/1185310.html,,,unverified_candidate,"site:espncricinfo.com ""England"" ""South Africa"" ""2020-02-04"" preview pitch conditions",,,,,,,,,,,,,,,,
1187682,2020-02-05,India tour of New Zealand,bilateral_series,Seddon Park,Hamilton,India,New Zealand,1187682,https://www.espncricinfo.com/ci/engine/match/1187682.html,,,unverified_candidate,"site:espncricinfo.com ""India"" ""New Zealand"" ""2020-02-05"" preview pitch conditions",,,,,,,,,,,,,,,,
1215122,2020-02-05,ICC Men's Cricket World Cup League 2,qualification_pathway,Tribhuvan University International Cricket Ground,Kirtipur,Oman,Nepal,1215122,https://www.espncricinfo.com/ci/engine/match/1215122.html,,,unverified_candidate,"site:espncricinfo.com ""Oman"" ""Nepal"" ""2020-02-05"" preview pitch conditions",,,,,,,,,,,,,,,,
1215123,2020-02-06,ICC Men's Cricket World Cup League 2,qualification_pathway,Tribhuvan University International Cricket Ground,Kirtipur,United States of America,Oman,1215123,https://www.espncricinfo.com/ci/engine/match/1215123.html,,,unverified_candidate,"site:espncricinfo.com ""United States of America"" ""Oman"" ""2020-02-06"" preview pitch conditions",,,,,,,,,,,,,,,,
1187683,2020-02-08,India tour of New Zealand,bilateral_series,Eden Park,Auckland,New Zealand,India,1187683,https://www.espncricinfo.com/ci/engine/match/1187683.html,,,unverified_candidate,"site:espncricinfo.com ""New Zealand"" ""India"" ""2020-02-08"" preview pitch conditions",,,,,,,,,,,,,,,,
1215124,2020-02-08,ICC Men's Cricket World Cup League 2,qualification_pathway,Tribhuvan University International Cricket Ground,Kirtipur,Nepal,United States of America,1215124,https://www.espncricinfo.com/ci/engine/match/1215124.html,,,unverified_candidate,"site:espncricinfo.com ""Nepal"" ""United States of America"" ""2020-02-08"" preview pitch conditions",,,,,,,,,,,,,,,,
1185312,2020-02-09,England tour of South Africa,bilateral_series,The Wanderers Stadium,Johannesburg,South Africa,England,1185312,https://www.espncricinfo.com/ci/engine/match/1185312.html,,,unverified_candidate,"site:espncricinfo.com ""South Africa"" ""England"" ""2020-02-09"" preview pitch conditions",,,,,,,,,,,,,,,,
1215125,2020-02-09,ICC Men's Cricket World Cup League 2,qualification_pathway,Tribhuvan University International Cricket Ground,Kirtipur,Nepal,Oman,1215125,https://www.espncricinfo.com/ci/engine/match/1215125.html,,,unverified_candidate,"site:espncricinfo.com ""Nepal"" ""Oman"" ""2020-02-09"" preview pitch conditions",,,,,,,,,,,,,,,,
1187684,2020-02-11,India tour of New Zealand,bilateral_series,Bay Oval,Mount Maunganui,India,New Zealand,1187684,https://www.espncricinfo.com/ci/engine/match/1187684.html,,,unverified_candidate,"site:espncricinfo.com ""India"" ""New Zealand"" ""2020-02-11"" preview pitch conditions",,,,,,,,,,,,,,,,
1215126,2020-02-11,ICC Men's Cricket World Cup League 2,qualification_pathway,Tribhuvan University International Cricket Ground,Kirtipur,Oman,United States of America,1215126,https://www.espncricinfo.com/ci/engine/match/1215126.html,,,unverified_candidate,"site:espncricinfo.com ""Oman"" ""United States of America"" ""2020-02-11"" preview pitch conditions",,,,,,,,,,,,,,,,
1213871,2020-02-22,West Indies tour of Sri Lanka,bilateral_series,Sinhalese Sports Club Ground,Colombo,West Indies,Sri Lanka,1213871,https://www.espncricinfo.com/ci/engine/match/1213871.html,,,unverified_candidate,"site:espncricinfo.com ""West Indies"" ""Sri Lanka"" ""2020-02-22"" preview pitch conditions",,,,,,,,,,,,,,,,
1213872,2020-02-26,West Indies tour of Sri Lanka,bilateral_series,"Mahinda Rajapaksa International Cricket Stadium, Sooriyawewa",Hambantota,Sri Lanka,West Indies,1213872,https://www.espncricinfo.com/ci/engine/match/1213872.html,,,unverified_candidate,"site:espncricinfo.com ""Sri Lanka"" ""West Indies"" ""2020-02-26"" preview pitch conditions",,,,,,,,,,,,,,,,
1185319,2020-02-29,Australia tour of South Africa,bilateral_series,Boland Park,Paarl,South Africa,Australia,1185319,https://www.espncricinfo.com/ci/engine/match/1185319.html,,,unverified_candidate,"site:espncricinfo.com ""South Africa"" ""Australia"" ""2020-02-29"" preview pitch conditions",,,,,,,,,,,,,,,,
1213873,2020-03-01,West Indies tour of Sri Lanka,bilateral_series,Pallekele International Cricket Stadium,Kandy,Sri Lanka,West Indies,1213873,https://www.espncricinfo.com/ci/engine/match/1213873.html,,,unverified_candidate,"site:espncricinfo.com ""Sri Lanka"" ""West Indies"" ""2020-03-01"" preview pitch conditions",,,,,,,,,,,,,,,,
1214667,2020-03-01,Zimbabwe tour of Bangladesh,bilateral_series,Sylhet International Cricket Stadium,Sylhet,Bangladesh,Zimbabwe,1214667,https://www.espncricinfo.com/ci/engine/match/1214667.html,,,unverified_candidate,"site:espncricinfo.com ""Bangladesh"" ""Zimbabwe"" ""2020-03-01"" preview pitch conditions",,,,,,,,,,,,,,,,
1214668,2020-03-03,Zimbabwe tour of Bangladesh,bilateral_series,Sylhet International Cricket Stadium,Sylhet,Bangladesh,Zimbabwe,1214668,https://www.espncricinfo.com/ci/engine/match/1214668.html,,,unverified_candidate,"site:espncricinfo.com ""Bangladesh"" ""Zimbabwe"" ""2020-03-03"" preview pitch conditions",,,,,,,,,,,,,,,,
1185320,2020-03-04,Australia tour of South Africa,bilateral_series,Mangaung Oval,Bloemfontein,Australia,South Africa,1185320,https://www.espncricinfo.com/ci/engine/match/1185320.html,,,unverified_candidate,"site:espncricinfo.com ""Australia"" ""South Africa"" ""2020-03-04"" preview pitch conditions",,,,,,,,,,,,,,,,
1185321,2020-03-07,Australia tour of South Africa,bilateral_series,Senwes Park,Potchefstroom,Australia,South Africa,1185321,https://www.espncricinfo.com/ci/engine/match/1185321.html,,,unverified_candidate,"site:espncricinfo.com ""Australia"" ""South Africa"" ""2020-03-07"" preview pitch conditions",,,,,,,,,,,,,,,,
1183537,2020-03-13,New Zealand tour of Australia,bilateral_series,Sydney Cricket Ground,Sydney,Australia,New Zealand,1183537,https://www.espncricinfo.com/ci/engine/match/1183537.html,,,unverified_candidate,"site:espncricinfo.com ""Australia"" ""New Zealand"" ""2020-03-13"" preview pitch conditions",,,,,,,,,,,,,,,,
1198247,2020-07-30,Ireland tour of England,bilateral_series,The Rose Bowl,Southampton,Ireland,England,1198247,https://www.espncricinfo.com/ci/engine/match/1198247.html,,,unverified_candidate,"site:espncricinfo.com ""Ireland"" ""England"" ""2020-07-30"" preview pitch conditions",,,,,,,,,,,,,,,,
1198248,2020-08-01,Ireland tour of England,bilateral_series,The Rose Bowl,Southampton,Ireland,England,1198248,https://www.espncricinfo.com/ci/engine/match/1198248.html,,,unverified_candidate,"site:espncricinfo.com ""Ireland"" ""England"" ""2020-08-01"" preview pitch conditions",,,,,,,,,,,,,,,,
1198249,2020-08-04,Ireland tour of England,bilateral_series,The Rose Bowl,Southampton,England,Ireland,1198249,https://www.espncricinfo.com/ci/engine/match/1198249.html,,,unverified_candidate,"site:espncricinfo.com ""England"" ""Ireland"" ""2020-08-04"" preview pitch conditions",,,,,,,,,,,,,,,,
1198238,2020-09-11,Australia tour of England,bilateral_series,Old Trafford,Manchester,Australia,England,1198238,https://www.espncricinfo.com/ci/engine/match/1198238.html,,,unverified_candidate,"site:espncricinfo.com ""Australia"" ""England"" ""2020-09-11"" preview pitch conditions",,,,,,,,,,,,,,,,
1198239,2020-09-13,Australia tour of England,bilateral_series,Old Trafford,Manchester,England,Australia,1198239,https://www.espncricinfo.com/ci/engine/match/1198239.html,,,unverified_candidate,"site:espncricinfo.com ""England"" ""Australia"" ""2020-09-13"" preview pitch conditions",,,,,,,,,,,,,,,,
1198240,2020-09-16,Australia tour of England,bilateral_series,Old Trafford,Manchester,England,Australia,1198240,https://www.espncricinfo.com/ci/engine/match/1198240.html,,,unverified_candidate,"site:espncricinfo.com ""England"" ""Australia"" ""2020-09-16"" preview pitch conditions",,,,,,,,,,,,,,,,
1233461,2020-10-30,Zimbabwe tour of Pakistan,bilateral_series,Rawalpindi Cricket Stadium,Unknown,Pakistan,Zimbabwe,1233461,https://www.espncricinfo.com/ci/engine/match/1233461.html,,,unverified_candidate,"site:espncricinfo.com ""Pakistan"" ""Zimbabwe"" ""2020-10-30"" preview pitch conditions",,,,,,,,,,,,,,,,
1233462,2020-11-01,Zimbabwe tour of Pakistan,bilateral_series,Rawalpindi Cricket Stadium,Unknown,Zimbabwe,Pakistan,1233462,https://www.espncricinfo.com/ci/engine/match/1233462.html,,,unverified_candidate,"site:espncricinfo.com ""Zimbabwe"" ""Pakistan"" ""2020-11-01"" preview pitch conditions",,,,,,,,,,,,,,,,
1223955,2020-11-27,India tour of Australia,bilateral_series,Sydney Cricket Ground,Unknown,Australia,India,1223955,https://www.espncricinfo.com/ci/engine/match/1223955.html,,,unverified_candidate,"site:espncricinfo.com ""Australia"" ""India"" ""2020-11-27"" preview pitch conditions",,,,,,,,,,,,,,,,
1223956,2020-11-29,India tour of Australia,bilateral_series,Sydney Cricket Ground,Unknown,Australia,India,1223956,https://www.espncricinfo.com/ci/engine/match/1223956.html,,,unverified_candidate,"site:espncricinfo.com ""Australia"" ""India"" ""2020-11-29"" preview pitch conditions",,,,,,,,,,,,,,,,
1223957,2020-12-02,India tour of Australia,bilateral_series,Manuka Oval,Canberra,India,Australia,1223957,https://www.espncricinfo.com/ci/engine/match/1223957.html,,,unverified_candidate,"site:espncricinfo.com ""India"" ""Australia"" ""2020-12-02"" preview pitch conditions",,,,,,,,,,,,,,,,
1244524,2021-01-08,Ireland tour of United Arab Emirates,bilateral_series,Sheikh Zayed Stadium,Abu Dhabi,Ireland,United Arab Emirates,1244524,https://www.espncricinfo.com/ci/engine/match/1244524.html,,,unverified_candidate,"site:espncricinfo.com ""Ireland"" ""United Arab Emirates"" ""2021-01-08"" preview pitch conditions",,,,,,,,,,,,,,,,
1244525,2021-01-18,Ireland tour of United Arab Emirates,bilateral_series,Sheikh Zayed Stadium,Abu Dhabi,Ireland,United Arab Emirates,1244525,https://www.espncricinfo.com/ci/engine/match/1244525.html,,,unverified_candidate,"site:espncricinfo.com ""Ireland"" ""United Arab Emirates"" ""2021-01-18"" preview pitch conditions",,,,,,,,,,,,,,,,
1244022,2021-01-20,ICC Men's Cricket World Cup Super League,qualification_pathway,Shere Bangla National Stadium,Dhaka,West Indies,Bangladesh,1244022,https://www.espncricinfo.com/ci/engine/match/1244022.html,,,unverified_candidate,"site:espncricinfo.com ""West Indies"" ""Bangladesh"" ""2021-01-20"" preview pitch conditions",,,,,,,,,,,,,,,,
1244023,2021-01-22,ICC Men's Cricket World Cup Super League,qualification_pathway,Shere Bangla National Stadium,Dhaka,West Indies,Bangladesh,1244023,https://www.espncricinfo.com/ci/engine/match/1244023.html,,,unverified_candidate,"site:espncricinfo.com ""West Indies"" ""Bangladesh"" ""2021-01-22"" preview pitch conditions",,,,,,,,,,,,,,,,
1244024,2021-01-25,West Indies tour of Bangladesh,bilateral_series,Zahur Ahmed Chowdhury Stadium,Chattogram,Bangladesh,West Indies,1244024,https://www.espncricinfo.com/ci/engine/match/1244024.html,,,unverified_candidate,"site:espncricinfo.com ""Bangladesh"" ""West Indies"" ""2021-01-25"" preview pitch conditions",,,,,,,,,,,,,,,,
1252069,2021-03-10,West Indies v Sri Lanka,other_odi,Sir Vivian Richards Stadium,North Sound,Sri Lanka,West Indies,1252069,https://www.espncricinfo.com/ci/engine/match/1252069.html,,,unverified_candidate,"site:espncricinfo.com ""Sri Lanka"" ""West Indies"" ""2021-03-10"" preview pitch conditions",,,,,,,,,,,,,,,,
1252070,2021-03-12,West Indies v Sri Lanka,other_odi,Sir Vivian Richards Stadium,North Sound,Sri Lanka,West Indies,1252070,https://www.espncricinfo.com/ci/engine/match/1252070.html,,,unverified_candidate,"site:espncricinfo.com ""Sri Lanka"" ""West Indies"" ""2021-03-12"" preview pitch conditions",,,,,,,,,,,,,,,,
1252071,2021-03-14,West Indies v Sri Lanka,other_odi,Sir Vivian Richards Stadium,North Sound,Sri Lanka,West Indies,1252071,https://www.espncricinfo.com/ci/engine/match/1252071.html,,,unverified_candidate,"site:espncricinfo.com ""Sri Lanka"" ""West Indies"" ""2021-03-14"" preview pitch conditions",,,,,,,,,,,,,,,,
1233976,2021-03-20,Bangladesh tour of New Zealand,bilateral_series,University Oval,Dunedin,Bangladesh,New Zealand,1233976,https://www.espncricinfo.com/ci/engine/match/1233976.html,,,unverified_candidate,"site:espncricinfo.com ""Bangladesh"" ""New Zealand"" ""2021-03-20"" preview pitch conditions",,,,,,,,,,,,,,,,
1233977,2021-03-23,Bangladesh tour of New Zealand,bilateral_series,Hagley Oval,Christchurch,Bangladesh,New Zealand,1233977,https://www.espncricinfo.com/ci/engine/match/1233977.html,,,unverified_candidate,"site:espncricinfo.com ""Bangladesh"" ""New Zealand"" ""2021-03-23"" preview pitch conditions",,,,,,,,,,,,,,,,
1243393,2021-03-23,England tour of India,bilateral_series,Maharashtra Cricket Association Stadium,Pune,India,England,1243393,https://www.espncricinfo.com/ci/engine/match/1243393.html,,,unverified_candidate,"site:espncricinfo.com ""India"" ""England"" ""2021-03-23"" preview pitch conditions",,,,,,,,,,,,,,,,
1233978,2021-03-26,Bangladesh tour of New Zealand,bilateral_series,Basin Reserve,Wellington,New Zealand,Bangladesh,1233978,https://www.espncricinfo.com/ci/engine/match/1233978.html,,,unverified_candidate,"site:espncricinfo.com ""New Zealand"" ""Bangladesh"" ""2021-03-26"" preview pitch conditions",,,,,,,,,,,,,,,,
1243394,2021-03-26,England tour of India,bilateral_series,Maharashtra Cricket Association Stadium,Pune,India,England,1243394,https://www.espncricinfo.com/ci/engine/match/1243394.html,,,unverified_candidate,"site:espncricinfo.com ""India"" ""England"" ""2021-03-26"" preview pitch conditions",,,,,,,,,,,,,,,,
1243395,2021-03-28,England tour of India,bilateral_series,Maharashtra Cricket Association Stadium,Pune,India,England,1243395,https://www.espncricinfo.com/ci/engine/match/1243395.html,,,unverified_candidate,"site:espncricinfo.com ""India"" ""England"" ""2021-03-28"" preview pitch conditions",,,,,,,,,,,,,,,,
1251572,2021-04-02,Pakistan tour of South Africa,bilateral_series,"SuperSport Park, Centurion",Centurion,South Africa,Pakistan,1251572,https://www.espncricinfo.com/ci/engine/match/1251572.html,,,unverified_candidate,"site:espncricinfo.com ""South Africa"" ""Pakistan"" ""2021-04-02"" preview pitch conditions",,,,,,,,,,,,,,,,
1251573,2021-04-04,Pakistan tour of South Africa,bilateral_series,The Wanderers Stadium,Johannesburg,South Africa,Pakistan,1251573,https://www.espncricinfo.com/ci/engine/match/1251573.html,,,unverified_candidate,"site:espncricinfo.com ""South Africa"" ""Pakistan"" ""2021-04-04"" preview pitch conditions",,,,,,,,,,,,,,,,
1251574,2021-04-07,Pakistan tour of South Africa,bilateral_series,"SuperSport Park, Centurion",Centurion,Pakistan,South Africa,1251574,https://www.espncricinfo.com/ci/engine/match/1251574.html,,,unverified_candidate,"site:espncricinfo.com ""Pakistan"" ""South Africa"" ""2021-04-07"" preview pitch conditions",,,,,,,,,,,,,,,,
1260084,2021-05-19,Scotland tour of Netherlands,bilateral_series,"Hazelaarweg, Rotterdam",Rotterdam,Netherlands,Scotland,1260084,https://www.espncricinfo.com/ci/engine/match/1260084.html,,,unverified_candidate,"site:espncricinfo.com ""Netherlands"" ""Scotland"" ""2021-05-19"" preview pitch conditions",,,,,,,,,,,,,,,,
1260085,2021-05-20,Scotland tour of Netherlands,bilateral_series,"Hazelaarweg, Rotterdam",Rotterdam,Netherlands,Scotland,1260085,https://www.espncricinfo.com/ci/engine/match/1260085.html,,,unverified_candidate,"site:espncricinfo.com ""Netherlands"" ""Scotland"" ""2021-05-20"" preview pitch conditions",,,,,,,,,,,,,,,,
1262344,2021-05-23,Sri Lanka tour of Bangladesh,bilateral_series,"Shere Bangla National Stadium, Mirpur",Dhaka,Bangladesh,Sri Lanka,1262344,https://www.espncricinfo.com/ci/engine/match/1262344.html,,,unverified_candidate,"site:espncricinfo.com ""Bangladesh"" ""Sri Lanka"" ""2021-05-23"" preview pitch conditions",,,,,,,,,,,,,,,,
1262347,2021-05-28,Sri Lanka tour of Bangladesh,bilateral_series,"Shere Bangla National Stadium, Mirpur",Dhaka,Sri Lanka,Bangladesh,1262347,https://www.espncricinfo.com/ci/engine/match/1262347.html,,,unverified_candidate,"site:espncricinfo.com ""Sri Lanka"" ""Bangladesh"" ""2021-05-28"" preview pitch conditions",,,,,,,,,,,,,,,,
1251962,2021-06-02,Ireland tour of Netherlands,bilateral_series,"Sportpark Maarschalkerweerd, Utrecht",Utrecht,Netherlands,Ireland,1251962,https://www.espncricinfo.com/ci/engine/match/1251962.html,,,unverified_candidate,"site:espncricinfo.com ""Netherlands"" ""Ireland"" ""2021-06-02"" preview pitch conditions",,,,,,,,,,,,,,,,
1251963,2021-06-04,Ireland tour of Netherlands,bilateral_series,"Sportpark Maarschalkerweerd, Utrecht",Utrecht,Netherlands,Ireland,1251963,https://www.espncricinfo.com/ci/engine/match/1251963.html,,,unverified_candidate,"site:espncricinfo.com ""Netherlands"" ""Ireland"" ""2021-06-04"" preview pitch conditions",,,,,,,,,,,,,,,,
1251964,2021-06-07,Ireland tour of Netherlands,bilateral_series,"Sportpark Maarschalkerweerd, Utrecht",Utrecht,Ireland,Netherlands,1251964,https://www.espncricinfo.com/ci/engine/match/1251964.html,,,unverified_candidate,"site:espncricinfo.com ""Ireland"" ""Netherlands"" ""2021-06-07"" preview pitch conditions",,,,,,,,,,,,,,,,
1239534,2021-06-29,Sri Lanka tour of England,bilateral_series,"Riverside Ground, Chester-le-Street",Chester-le-Street,Sri Lanka,England,1239534,https://www.espncricinfo.com/ci/engine/match/1239534.html,,,unverified_candidate,"site:espncricinfo.com ""Sri Lanka"" ""England"" ""2021-06-29"" preview pitch conditions",,,,,,,,,,,,,,,,
1239535,2021-07-01,Sri Lanka tour of England,bilateral_series,"Kennington Oval, London",London,Sri Lanka,England,1239535,https://www.espncricinfo.com/ci/engine/match/1239535.html,,,unverified_candidate,"site:espncricinfo.com ""Sri Lanka"" ""England"" ""2021-07-01"" preview pitch conditions",,,,,,,,,,,,,,,,
1239537,2021-07-08,Pakistan tour of England,bilateral_series,"Sophia Gardens, Cardiff",Cardiff,Pakistan,England,1239537,https://www.espncricinfo.com/ci/engine/match/1239537.html,,,unverified_candidate,"site:espncricinfo.com ""Pakistan"" ""England"" ""2021-07-08"" preview pitch conditions",,,,,,,,,,,,,,,,
1239538,2021-07-10,Pakistan tour of England,bilateral_series,"Lord's, London",London,England,Pakistan,1239538,https://www.espncricinfo.com/ci/engine/match/1239538.html,,,unverified_candidate,"site:espncricinfo.com ""England"" ""Pakistan"" ""2021-07-10"" preview pitch conditions",,,,,,,,,,,,,,,,
1239539,2021-07-13,Pakistan tour of England,bilateral_series,"Edgbaston, Birmingham",Birmingham,Pakistan,England,1239539,https://www.espncricinfo.com/ci/engine/match/1239539.html,,,unverified_candidate,"site:espncricinfo.com ""Pakistan"" ""England"" ""2021-07-13"" preview pitch conditions",,,,,,,,,,,,,,,,
1251951,2021-07-13,South Africa tour of Ireland,bilateral_series,"The Village, Malahide, Dublin",Dublin,Ireland,South Africa,1251951,https://www.espncricinfo.com/ci/engine/match/1251951.html,,,unverified_candidate,"site:espncricinfo.com ""Ireland"" ""South Africa"" ""2021-07-13"" preview pitch conditions",,,,,,,,,,,,,,,,
1251952,2021-07-16,South Africa tour of Ireland,bilateral_series,"The Village, Malahide, Dublin",Dublin,South Africa,Ireland,1251952,https://www.espncricinfo.com/ci/engine/match/1251952.html,,,unverified_candidate,"site:espncricinfo.com ""South Africa"" ""Ireland"" ""2021-07-16"" preview pitch conditions",,,,,,,,,,,,,,,,
1267677,2021-07-16,Bangladesh tour of Zimbabwe,bilateral_series,Harare Sports Club,Harare,Bangladesh,Zimbabwe,1267677,https://www.espncricinfo.com/ci/engine/match/1267677.html,,,unverified_candidate,"site:espncricinfo.com ""Bangladesh"" ""Zimbabwe"" ""2021-07-16"" preview pitch conditions",,,,,,,,,,,,,,,,
1262755,2021-07-18,India tour of Sri Lanka,bilateral_series,"R Premadasa Stadium, Colombo",Colombo,Sri Lanka,India,1262755,https://www.espncricinfo.com/ci/engine/match/1262755.html,,,unverified_candidate,"site:espncricinfo.com ""Sri Lanka"" ""India"" ""2021-07-18"" preview pitch conditions",,,,,,,,,,,,,,,,
1267678,2021-07-18,Bangladesh tour of Zimbabwe,bilateral_series,Harare Sports Club,Harare,Zimbabwe,Bangladesh,1267678,https://www.espncricinfo.com/ci/engine/match/1267678.html,,,unverified_candidate,"site:espncricinfo.com ""Zimbabwe"" ""Bangladesh"" ""2021-07-18"" preview pitch conditions",,,,,,,,,,,,,,,,
1262756,2021-07-20,India tour of Sri Lanka,bilateral_series,"R Premadasa Stadium, Colombo",Colombo,Sri Lanka,India,1262756,https://www.espncricinfo.com/ci/engine/match/1262756.html,,,unverified_candidate,"site:espncricinfo.com ""Sri Lanka"" ""India"" ""2021-07-20"" preview pitch conditions",,,,,,,,,,,,,,,,
1267679,2021-07-20,Bangladesh tour of Zimbabwe,bilateral_series,Harare Sports Club,Harare,Zimbabwe,Bangladesh,1267679,https://www.espncricinfo.com/ci/engine/match/1267679.html,,,unverified_candidate,"site:espncricinfo.com ""Zimbabwe"" ""Bangladesh"" ""2021-07-20"" preview pitch conditions",,,,,,,,,,,,,,,,
1263162,2021-07-22,Australia tour of West Indies,bilateral_series,"Kensington Oval, Bridgetown, Barbados",Bridgetown,Australia,West Indies,1263162,https://www.espncricinfo.com/ci/engine/match/1263162.html,,,unverified_candidate,"site:espncricinfo.com ""Australia"" ""West Indies"" ""2021-07-22"" preview pitch conditions",,,,,,,,,,,,,,,,
1263163,2021-07-26,Australia tour of West Indies,bilateral_series,"Kensington Oval, Bridgetown, Barbados",Bridgetown,West Indies,Australia,1263163,https://www.espncricinfo.com/ci/engine/match/1263163.html,,,unverified_candidate,"site:espncricinfo.com ""West Indies"" ""Australia"" ""2021-07-26"" preview pitch conditions",,,,,,,,,,,,,,,,
1271627,2021-09-02,South Africa tour of Sri Lanka,bilateral_series,"R Premadasa Stadium, Colombo",Colombo,Sri Lanka,South Africa,1271627,https://www.espncricinfo.com/ci/engine/match/1271627.html,,,unverified_candidate,"site:espncricinfo.com ""Sri Lanka"" ""South Africa"" ""2021-09-02"" preview pitch conditions",,,,,,,,,,,,,,,,
1276293,2021-09-06,Papua New Guinea v United States of America ODI Series,other_odi,Al Amerat Cricket Ground Oman Cricket (Ministry Turf 2),Al Amarat,Papua New Guinea,United States of America,1276293,https://www.espncricinfo.com/ci/engine/match/1276293.html,,,unverified_candidate,"site:espncricinfo.com ""Papua New Guinea"" ""United States of America"" ""2021-09-06"" preview pitch conditions",,,,,,,,,,,,,,,,
1271629,2021-09-07,South Africa tour of Sri Lanka,bilateral_series,"R Premadasa Stadium, Colombo",Colombo,Sri Lanka,South Africa,1271629,https://www.espncricinfo.com/ci/engine/match/1271629.html,,,unverified_candidate,"site:espncricinfo.com ""Sri Lanka"" ""South Africa"" ""2021-09-07"" preview pitch conditions",,,,,,,,,,,,,,,,
1276295,2021-09-07,Nepal v Papua New Guinea ODI Series,other_odi,Al Amerat Cricket Ground Oman Cricket (Ministry Turf 1),Al Amarat,Papua New Guinea,Nepal,1276295,https://www.espncricinfo.com/ci/engine/match/1276295.html,,,unverified_candidate,"site:espncricinfo.com ""Papua New Guinea"" ""Nepal"" ""2021-09-07"" preview pitch conditions",,,,,,,,,,,,,,,,
1272379,2021-09-08,Zimbabwe tour of Ireland and Scotland,bilateral_series,"Civil Service Cricket Club, Stormont, Belfast",Belfast,Zimbabwe,Ireland,1272379,https://www.espncricinfo.com/ci/engine/match/1272379.html,,,unverified_candidate,"site:espncricinfo.com ""Zimbabwe"" ""Ireland"" ""2021-09-08"" preview pitch conditions",,,,,,,,,,,,,,,,
1276294,2021-09-09,Papua New Guinea v United States of America ODI Series,other_odi,Al Amerat Cricket Ground Oman Cricket (Ministry Turf 2),Al Amarat,United States of America,Papua New Guinea,1276294,https://www.espncricinfo.com/ci/engine/match/1276294.html,,,unverified_candidate,"site:espncricinfo.com ""United States of America"" ""Papua New Guinea"" ""2021-09-09"" preview pitch conditions",,,,,,,,,,,,,,,,
1276296,2021-09-10,Nepal v Papua New Guinea ODI Series,other_odi,Al Amerat Cricket Ground Oman Cricket (Ministry Turf 1),Al Amarat,Nepal,Papua New Guinea,1276296,https://www.espncricinfo.com/ci/engine/match/1276296.html,,,unverified_candidate,"site:espncricinfo.com ""Nepal"" ""Papua New Guinea"" ""2021-09-10"" preview pitch conditions",,,,,,,,,,,,,,,,
1275249,2021-09-13,ICC Men's Cricket World Cup League 2,qualification_pathway,Al Amerat Cricket Ground Oman Cricket (Ministry Turf 1),Al Amarat,United States of America,Nepal,1275249,https://www.espncricinfo.com/ci/engine/match/1275249.html,,,unverified_candidate,"site:espncricinfo.com ""United States of America"" ""Nepal"" ""2021-09-13"" preview pitch conditions",,,,,,,,,,,,,,,,
1275250,2021-09-14,ICC Men's Cricket World Cup League 2,qualification_pathway,Al Amerat Cricket Ground Oman Cricket (Ministry Turf 1),Al Amarat,Nepal,Oman,1275250,https://www.espncricinfo.com/ci/engine/match/1275250.html,,,unverified_candidate,"site:espncricinfo.com ""Nepal"" ""Oman"" ""2021-09-14"" preview pitch conditions",,,,,,,,,,,,,,,,
1275251,2021-09-16,ICC Men's Cricket World Cup League 2,qualification_pathway,Al Amerat Cricket Ground Oman Cricket (Ministry Turf 1),Al Amarat,United States of America,Oman,1275251,https://www.espncricinfo.com/ci/engine/match/1275251.html,,,unverified_candidate,"site:espncricinfo.com ""United States of America"" ""Oman"" ""2021-09-16"" preview pitch conditions",,,,,,,,,,,,,,,,
1275253,2021-09-19,ICC Men's Cricket World Cup League 2,qualification_pathway,Al Amerat Cricket Ground Oman Cricket (Ministry Turf 1),Al Amarat,Oman,Nepal,1275253,https://www.espncricinfo.com/ci/engine/match/1275253.html,,,unverified_candidate,"site:espncricinfo.com ""Oman"" ""Nepal"" ""2021-09-19"" preview pitch conditions",,,,,,,,,,,,,,,,
1275255,2021-09-25,ICC Men's Cricket World Cup League 2,qualification_pathway,Al Amerat Cricket Ground Oman Cricket (Ministry Turf 2),Al Amarat,Papua New Guinea,Scotland,1275255,https://www.espncricinfo.com/ci/engine/match/1275255.html,,,unverified_candidate,"site:espncricinfo.com ""Papua New Guinea"" ""Scotland"" ""2021-09-25"" preview pitch conditions",,,,,,,,,,,,,,,,
1275256,2021-09-26,ICC Men's Cricket World Cup League 2,qualification_pathway,Al Amerat Cricket Ground Oman Cricket (Ministry Turf 2),Al Amarat,Oman,Papua New Guinea,1275256,https://www.espncricinfo.com/ci/engine/match/1275256.html,,,unverified_candidate,"site:espncricinfo.com ""Oman"" ""Papua New Guinea"" ""2021-09-26"" preview pitch conditions",,,,,,,,,,,,,,,,
1275257,2021-09-28,ICC Men's Cricket World Cup League 2,qualification_pathway,Al Amerat Cricket Ground Oman Cricket (Ministry Turf 2),Al Amarat,Scotland,Oman,1275257,https://www.espncricinfo.com/ci/engine/match/1275257.html,,,unverified_candidate,"site:espncricinfo.com ""Scotland"" ""Oman"" ""2021-09-28"" preview pitch conditions",,,,,,,,,,,,,,,,
1275258,2021-09-29,ICC Men's Cricket World Cup League 2,qualification_pathway,Al Amerat Cricket Ground Oman Cricket (Ministry Turf 1),Al Amarat,Papua New Guinea,Scotland,1275258,https://www.espncricinfo.com/ci/engine/match/1275258.html,,,unverified_candidate,"site:espncricinfo.com ""Papua New Guinea"" ""Scotland"" ""2021-09-29"" preview pitch conditions",,,,,,,,,,,,,,,,
1275259,2021-10-01,ICC Men's Cricket World Cup League 2,qualification_pathway,Al Amerat Cricket Ground Oman Cricket (Ministry Turf 1),Al Amarat,Papua New Guinea,Oman,1275259,https://www.espncricinfo.com/ci/engine/match/1275259.html,,,unverified_candidate,"site:espncricinfo.com ""Papua New Guinea"" ""Oman"" ""2021-10-01"" preview pitch conditions",,,,,,,,,,,,,,,,
1290881,2021-11-26,ICC Men's Cricket World Cup League 2,qualification_pathway,"Wanderers Cricket Ground, Windhoek",Windhoek,Namibia,Oman,1290881,https://www.espncricinfo.com/ci/engine/match/1290881.html,,,unverified_candidate,"site:espncricinfo.com ""Namibia"" ""Oman"" ""2021-11-26"" preview pitch conditions",,,,,,,,,,,,,,,,
1277085,2022-01-08,Ireland tour of United States of America and West Indies,bilateral_series,"Sabina Park, Kingston, Jamaica",Kingston,West Indies,Ireland,1277085,https://www.espncricinfo.com/ci/engine/match/1277085.html,,,unverified_candidate,"site:espncricinfo.com ""West Indies"" ""Ireland"" ""2022-01-08"" preview pitch conditions",,,,,,,,,,,,,,,,
1277087,2022-01-16,Ireland tour of United States of America and West Indies,bilateral_series,"Sabina Park, Kingston, Jamaica",Kingston,West Indies,Ireland,1277087,https://www.espncricinfo.com/ci/engine/match/1277087.html,,,unverified_candidate,"site:espncricinfo.com ""West Indies"" ""Ireland"" ""2022-01-16"" preview pitch conditions",,,,,,,,,,,,,,,,
1294969,2022-01-16,Zimbabwe tour of Sri Lanka,bilateral_series,Pallekele International Cricket Stadium,Kandy,Zimbabwe,Sri Lanka,1294969,https://www.espncricinfo.com/ci/engine/match/1294969.html,,,unverified_candidate,"site:espncricinfo.com ""Zimbabwe"" ""Sri Lanka"" ""2022-01-16"" preview pitch conditions",,,,,,,,,,,,,,,,
1294970,2022-01-18,Zimbabwe tour of Sri Lanka,bilateral_series,Pallekele International Cricket Stadium,Kandy,Zimbabwe,Sri Lanka,1294970,https://www.espncricinfo.com/ci/engine/match/1294970.html,,,unverified_candidate,"site:espncricinfo.com ""Zimbabwe"" ""Sri Lanka"" ""2022-01-18"" preview pitch conditions",,,,,,,,,,,,,,,,
1277082,2022-01-19,India tour of South Africa,bilateral_series,"Boland Park, Paarl",Paarl,South Africa,India,1277082,https://www.espncricinfo.com/ci/engine/match/1277082.html,,,unverified_candidate,"site:espncricinfo.com ""South Africa"" ""India"" ""2022-01-19"" preview pitch conditions",,,,,,,,,,,,,,,,
1277083,2022-01-21,India tour of South Africa,bilateral_series,"Boland Park, Paarl",Paarl,India,South Africa,1277083,https://www.espncricinfo.com/ci/engine/match/1277083.html,,,unverified_candidate,"site:espncricinfo.com ""India"" ""South Africa"" ""2022-01-21"" preview pitch conditions",,,,,,,,,,,,,,,,
1294971,2022-01-21,Zimbabwe tour of Sri Lanka,bilateral_series,Pallekele International Cricket Stadium,Kandy,Sri Lanka,Zimbabwe,1294971,https://www.espncricinfo.com/ci/engine/match/1294971.html,,,unverified_candidate,"site:espncricinfo.com ""Sri Lanka"" ""Zimbabwe"" ""2022-01-21"" preview pitch conditions",,,,,,,,,,,,,,,,
1277084,2022-01-23,India tour of South Africa,bilateral_series,"Newlands, Cape Town",Cape Town,South Africa,India,1277084,https://www.espncricinfo.com/ci/engine/match/1277084.html,,,unverified_candidate,"site:espncricinfo.com ""South Africa"" ""India"" ""2022-01-23"" preview pitch conditions",,,,,,,,,,,,,,,,
1299586,2022-02-05,ICC Men's Cricket World Cup League 2,qualification_pathway,Al Amerat Cricket Ground Oman Cricket (Ministry Turf 1),Al Amarat,Oman,United Arab Emirates,1299586,https://www.espncricinfo.com/ci/engine/match/1299586.html,,,unverified_candidate,"site:espncricinfo.com ""Oman"" ""United Arab Emirates"" ""2022-02-05"" preview pitch conditions",,,,,,,,,,,,,,,,
1278676,2022-02-06,West Indies tour of India,bilateral_series,"Narendra Modi Stadium, Ahmedabad",Ahmedabad,West Indies,India,1278676,https://www.espncricinfo.com/ci/engine/match/1278676.html,,,unverified_candidate,"site:espncricinfo.com ""West Indies"" ""India"" ""2022-02-06"" preview pitch conditions",,,,,,,,,,,,,,,,
1299587,2022-02-06,ICC Men's Cricket World Cup League 2,qualification_pathway,Al Amerat Cricket Ground Oman Cricket (Ministry Turf 1),Al Amarat,Oman,United Arab Emirates,1299587,https://www.espncricinfo.com/ci/engine/match/1299587.html,,,unverified_candidate,"site:espncricinfo.com ""Oman"" ""United Arab Emirates"" ""2022-02-06"" preview pitch conditions",,,,,,,,,,,,,,,,
1278677,2022-02-09,West Indies tour of India,bilateral_series,"Narendra Modi Stadium, Ahmedabad",Ahmedabad,India,West Indies,1278677,https://www.espncricinfo.com/ci/engine/match/1278677.html,,,unverified_candidate,"site:espncricinfo.com ""India"" ""West Indies"" ""2022-02-09"" preview pitch conditions",,,,,,,,,,,,,,,,
1278678,2022-02-11,West Indies tour of India,bilateral_series,"Narendra Modi Stadium, Ahmedabad",Ahmedabad,India,West Indies,1278678,https://www.espncricinfo.com/ci/engine/match/1278678.html,,,unverified_candidate,"site:espncricinfo.com ""India"" ""West Indies"" ""2022-02-11"" preview pitch conditions",,,,,,,,,,,,,,,,
1302616,2022-03-05,ICC Men's Cricket World Cup League 2,qualification_pathway,"ICC Academy, Dubai",Dubai,Oman,United Arab Emirates,1302616,https://www.espncricinfo.com/ci/engine/match/1302616.html,,,unverified_candidate,"site:espncricinfo.com ""Oman"" ""United Arab Emirates"" ""2022-03-05"" preview pitch conditions",,,,,,,,,,,,,,,,
1302617,2022-03-06,ICC Men's Cricket World Cup League 2,qualification_pathway,"ICC Academy, Dubai",Dubai,Namibia,Oman,1302617,https://www.espncricinfo.com/ci/engine/match/1302617.html,,,unverified_candidate,"site:espncricinfo.com ""Namibia"" ""Oman"" ""2022-03-06"" preview pitch conditions",,,,,,,,,,,,,,,,
1302618,2022-03-08,ICC Men's Cricket World Cup League 2,qualification_pathway,"ICC Academy, Dubai",Dubai,Namibia,United Arab Emirates,1302618,https://www.espncricinfo.com/ci/engine/match/1302618.html,,,unverified_candidate,"site:espncricinfo.com ""Namibia"" ""United Arab Emirates"" ""2022-03-08"" preview pitch conditions",,,,,,,,,,,,,,,,
1302619,2022-03-09,ICC Men's Cricket World Cup League 2,qualification_pathway,"ICC Academy, Dubai",Dubai,Oman,United Arab Emirates,1302619,https://www.espncricinfo.com/ci/engine/match/1302619.html,,,unverified_candidate,"site:espncricinfo.com ""Oman"" ""United Arab Emirates"" ""2022-03-09"" preview pitch conditions",,,,,,,,,,,,,,,,
1302620,2022-03-11,ICC Men's Cricket World Cup League 2,qualification_pathway,Sharjah Cricket Stadium,Sharjah,Namibia,Oman,1302620,https://www.espncricinfo.com/ci/engine/match/1302620.html,,,unverified_candidate,"site:espncricinfo.com ""Namibia"" ""Oman"" ""2022-03-11"" preview pitch conditions",,,,,,,,,,,,,,,,
1302621,2022-03-12,ICC Men's Cricket World Cup League 2,qualification_pathway,Sharjah Cricket Stadium,Sharjah,United Arab Emirates,Namibia,1302621,https://www.espncricinfo.com/ci/engine/match/1302621.html,,,unverified_candidate,"site:espncricinfo.com ""United Arab Emirates"" ""Namibia"" ""2022-03-12"" preview pitch conditions",,,,,,,,,,,,,,,,
1302622,2022-03-14,ICC Men's Cricket World Cup League 2,qualification_pathway,Dubai International Cricket Stadium,Dubai,Oman,Namibia,1302622,https://www.espncricinfo.com/ci/engine/match/1302622.html,,,unverified_candidate,"site:espncricinfo.com ""Oman"" ""Namibia"" ""2022-03-14"" preview pitch conditions",,,,,,,,,,,,,,,,
1302623,2022-03-15,ICC Men's Cricket World Cup League 2,qualification_pathway,Sharjah Cricket Stadium,Sharjah,Papua New Guinea,United Arab Emirates,1302623,https://www.espncricinfo.com/ci/engine/match/1302623.html,,,unverified_candidate,"site:espncricinfo.com ""Papua New Guinea"" ""United Arab Emirates"" ""2022-03-15"" preview pitch conditions",,,,,,,,,,,,,,,,
1302624,2022-03-16,ICC Men's Cricket World Cup League 2,qualification_pathway,Sharjah Cricket Stadium,Sharjah,Papua New Guinea,Nepal,1302624,https://www.espncricinfo.com/ci/engine/match/1302624.html,,,unverified_candidate,"site:espncricinfo.com ""Papua New Guinea"" ""Nepal"" ""2022-03-16"" preview pitch conditions",,,,,,,,,,,,,,,,
1277097,2022-03-18,Bangladesh tour of South Africa,bilateral_series,"SuperSport Park, Centurion",Centurion,Bangladesh,South Africa,1277097,https://www.espncricinfo.com/ci/engine/match/1277097.html,,,unverified_candidate,"site:espncricinfo.com ""Bangladesh"" ""South Africa"" ""2022-03-18"" preview pitch conditions",,,,,,,,,,,,,,,,
1302625,2022-03-18,ICC Men's Cricket World Cup League 2,qualification_pathway,Dubai International Cricket Stadium,Dubai,United Arab Emirates,Nepal,1302625,https://www.espncricinfo.com/ci/engine/match/1302625.html,,,unverified_candidate,"site:espncricinfo.com ""United Arab Emirates"" ""Nepal"" ""2022-03-18"" preview pitch conditions",,,,,,,,,,,,,,,,
1302626,2022-03-19,ICC Men's Cricket World Cup League 2,qualification_pathway,Dubai International Cricket Stadium,Dubai,United Arab Emirates,Papua New Guinea,1302626,https://www.espncricinfo.com/ci/engine/match/1302626.html,,,unverified_candidate,"site:espncricinfo.com ""United Arab Emirates"" ""Papua New Guinea"" ""2022-03-19"" preview pitch conditions",,,,,,,,,,,,,,,,
1277098,2022-03-20,Bangladesh tour of South Africa,bilateral_series,"The Wanderers Stadium, Johannesburg",Johannesburg,Bangladesh,South Africa,1277098,https://www.espncricinfo.com/ci/engine/match/1277098.html,,,unverified_candidate,"site:espncricinfo.com ""Bangladesh"" ""South Africa"" ""2022-03-20"" preview pitch conditions",,,,,,,,,,,,,,,,
1302627,2022-03-21,ICC Men's Cricket World Cup League 2,qualification_pathway,Dubai International Cricket Stadium,Dubai,United Arab Emirates,Nepal,1302627,https://www.espncricinfo.com/ci/engine/match/1302627.html,,,unverified_candidate,"site:espncricinfo.com ""United Arab Emirates"" ""Nepal"" ""2022-03-21"" preview pitch conditions",,,,,,,,,,,,,,,,
1302628,2022-03-22,ICC Men's Cricket World Cup League 2,qualification_pathway,Dubai International Cricket Stadium,Dubai,Papua New Guinea,Nepal,1302628,https://www.espncricinfo.com/ci/engine/match/1302628.html,,,unverified_candidate,"site:espncricinfo.com ""Papua New Guinea"" ""Nepal"" ""2022-03-22"" preview pitch conditions",,,,,,,,,,,,,,,,
1277099,2022-03-23,Bangladesh tour of South Africa,bilateral_series,"SuperSport Park, Centurion",Centurion,South Africa,Bangladesh,1277099,https://www.espncricinfo.com/ci/engine/match/1277099.html,,,unverified_candidate,"site:espncricinfo.com ""South Africa"" ""Bangladesh"" ""2022-03-23"" preview pitch conditions",,,,,,,,,,,,,,,,
1305496,2022-03-25,Papua New Guinea tour of Nepal,bilateral_series,"Tribhuvan University International Cricket Ground, Kirtipur",Kirtipur,Papua New Guinea,Nepal,1305496,https://www.espncricinfo.com/ci/engine/match/1305496.html,,,unverified_candidate,"site:espncricinfo.com ""Papua New Guinea"" ""Nepal"" ""2022-03-25"" preview pitch conditions",,,,,,,,,,,,,,,,
1305497,2022-03-26,Papua New Guinea tour of Nepal,bilateral_series,"Tribhuvan University International Cricket Ground, Kirtipur",Kirtipur,Nepal,Papua New Guinea,1305497,https://www.espncricinfo.com/ci/engine/match/1305497.html,,,unverified_candidate,"site:espncricinfo.com ""Nepal"" ""Papua New Guinea"" ""2022-03-26"" preview pitch conditions",,,,,,,,,,,,,,,,
1288313,2022-03-29,Australia tour of Pakistan,bilateral_series,"Gaddafi Stadium, Lahore",Lahore,Australia,Pakistan,1288313,https://www.espncricinfo.com/ci/engine/match/1288313.html,,,unverified_candidate,"site:espncricinfo.com ""Australia"" ""Pakistan"" ""2022-03-29"" preview pitch conditions",,,,,,,,,,,,,,,,
1288987,2022-03-29,Netherlands tour of New Zealand,bilateral_series,"Bay Oval, Mount Maunganui",Mount Maunganui,Netherlands,New Zealand,1288987,https://www.espncricinfo.com/ci/engine/match/1288987.html,,,unverified_candidate,"site:espncricinfo.com ""Netherlands"" ""New Zealand"" ""2022-03-29"" preview pitch conditions",,,,,,,,,,,,,,,,
1288314,2022-03-31,Australia tour of Pakistan,bilateral_series,"Gaddafi Stadium, Lahore",Lahore,Australia,Pakistan,1288314,https://www.espncricinfo.com/ci/engine/match/1288314.html,,,unverified_candidate,"site:espncricinfo.com ""Australia"" ""Pakistan"" ""2022-03-31"" preview pitch conditions",,,,,,,,,,,,,,,,
1288315,2022-04-02,Australia tour of Pakistan,bilateral_series,"Gaddafi Stadium, Lahore",Lahore,Australia,Pakistan,1288315,https://www.espncricinfo.com/ci/engine/match/1288315.html,,,unverified_candidate,"site:espncricinfo.com ""Australia"" ""Pakistan"" ""2022-04-02"" preview pitch conditions",,,,,,,,,,,,,,,,
1288988,2022-04-02,Netherlands tour of New Zealand,bilateral_series,"Seddon Park, Hamilton",Hamilton,New Zealand,Netherlands,1288988,https://www.espncricinfo.com/ci/engine/match/1288988.html,,,unverified_candidate,"site:espncricinfo.com ""New Zealand"" ""Netherlands"" ""2022-04-02"" preview pitch conditions",,,,,,,,,,,,,,,,
1288989,2022-04-04,Netherlands tour of New Zealand,bilateral_series,"Seddon Park, Hamilton",Hamilton,New Zealand,Netherlands,1288989,https://www.espncricinfo.com/ci/engine/match/1288989.html,,,unverified_candidate,"site:espncricinfo.com ""New Zealand"" ""Netherlands"" ""2022-04-04"" preview pitch conditions",,,,,,,,,,,,,,,,
1308244,2022-04-09,ICC Men's Cricket World Cup League 2,qualification_pathway,Dubai International Cricket Stadium,Dubai,Scotland,Papua New Guinea,1308244,https://www.espncricinfo.com/ci/engine/match/1308244.html,,,unverified_candidate,"site:espncricinfo.com ""Scotland"" ""Papua New Guinea"" ""2022-04-09"" preview pitch conditions",,,,,,,,,,,,,,,,
1308245,2022-04-10,ICC Men's Cricket World Cup League 2,qualification_pathway,Dubai International Cricket Stadium,Dubai,Scotland,Oman,1308245,https://www.espncricinfo.com/ci/engine/match/1308245.html,,,unverified_candidate,"site:espncricinfo.com ""Scotland"" ""Oman"" ""2022-04-10"" preview pitch conditions",,,,,,,,,,,,,,,,
1308246,2022-04-12,ICC Men's Cricket World Cup League 2,qualification_pathway,Dubai International Cricket Stadium,Dubai,Papua New Guinea,Oman,1308246,https://www.espncricinfo.com/ci/engine/match/1308246.html,,,unverified_candidate,"site:espncricinfo.com ""Papua New Guinea"" ""Oman"" ""2022-04-12"" preview pitch conditions",,,,,,,,,,,,,,,,
1308247,2022-04-13,ICC Men's Cricket World Cup League 2,qualification_pathway,Dubai International Cricket Stadium,Dubai,Scotland,Papua New Guinea,1308247,https://www.espncricinfo.com/ci/engine/match/1308247.html,,,unverified_candidate,"site:espncricinfo.com ""Scotland"" ""Papua New Guinea"" ""2022-04-13"" preview pitch conditions",,,,,,,,,,,,,,,,
1308248,2022-04-15,ICC Men's Cricket World Cup League 2,qualification_pathway,Dubai International Cricket Stadium,Dubai,Oman,Scotland,1308248,https://www.espncricinfo.com/ci/engine/match/1308248.html,,,unverified_candidate,"site:espncricinfo.com ""Oman"" ""Scotland"" ""2022-04-15"" preview pitch conditions",,,,,,,,,,,,,,,,
1308249,2022-04-16,ICC Men's Cricket World Cup League 2,qualification_pathway,Dubai International Cricket Stadium,Dubai,Oman,Papua New Guinea,1308249,https://www.espncricinfo.com/ci/engine/match/1308249.html,,,unverified_candidate,"site:espncricinfo.com ""Oman"" ""Papua New Guinea"" ""2022-04-16"" preview pitch conditions",,,,,,,,,,,,,,,,
1312798,2022-05-28,ICC Men's Cricket World Cup League 2,qualification_pathway,"Choice Moosa Stadium, Pearland",Pearland,United States of America,Scotland,1312798,https://www.espncricinfo.com/ci/engine/match/1312798.html,,,unverified_candidate,"site:espncricinfo.com ""United States of America"" ""Scotland"" ""2022-05-28"" preview pitch conditions",,,,,,,,,,,,,,,,
1312799,2022-05-29,ICC Men's Cricket World Cup League 2,qualification_pathway,"Choice Moosa Stadium, Pearland",Pearland,Scotland,United States of America,1312799,https://www.espncricinfo.com/ci/engine/match/1312799.html,,,unverified_candidate,"site:espncricinfo.com ""Scotland"" ""United States of America"" ""2022-05-29"" preview pitch conditions",,,,,,,,,,,,,,,,
1312800,2022-05-31,ICC Men's Cricket World Cup League 2,qualification_pathway,"Moosa Cricket Stadium, Pearland",Pearland,United Arab Emirates,Scotland,1312800,https://www.espncricinfo.com/ci/engine/match/1312800.html,,,unverified_candidate,"site:espncricinfo.com ""United Arab Emirates"" ""Scotland"" ""2022-05-31"" preview pitch conditions",,,,,,,,,,,,,,,,
1312801,2022-06-01,ICC Men's Cricket World Cup League 2,qualification_pathway,"Moosa Cricket Stadium, Pearland",Pearland,United Arab Emirates,United States of America,1312801,https://www.espncricinfo.com/ci/engine/match/1312801.html,,,unverified_candidate,"site:espncricinfo.com ""United Arab Emirates"" ""United States of America"" ""2022-06-01"" preview pitch conditions",,,,,,,,,,,,,,,,
1302350,2022-06-02,West Indies tour of Netherlands,bilateral_series,"VRA Ground, Amstelveen",Amstelveen,Netherlands,West Indies,1302350,https://www.espncricinfo.com/ci/engine/match/1302350.html,,,unverified_candidate,"site:espncricinfo.com ""Netherlands"" ""West Indies"" ""2022-06-02"" preview pitch conditions",,,,,,,,,,,,,,,,
1312802,2022-06-03,ICC Men's Cricket World Cup League 2,qualification_pathway,"Moosa Cricket Stadium, Pearland",Pearland,Scotland,United Arab Emirates,1312802,https://www.espncricinfo.com/ci/engine/match/1312802.html,,,unverified_candidate,"site:espncricinfo.com ""Scotland"" ""United Arab Emirates"" ""2022-06-03"" preview pitch conditions",,,,,,,,,,,,,,,,
1302351,2022-06-04,West Indies tour of Netherlands,bilateral_series,"VRA Ground, Amstelveen",Amstelveen,West Indies,Netherlands,1302351,https://www.espncricinfo.com/ci/engine/match/1302351.html,,,unverified_candidate,"site:espncricinfo.com ""West Indies"" ""Netherlands"" ""2022-06-04"" preview pitch conditions",,,,,,,,,,,,,,,,
1312803,2022-06-04,ICC Men's Cricket World Cup League 2,qualification_pathway,"Moosa Cricket Stadium, Pearland",Pearland,United States of America,United Arab Emirates,1312803,https://www.espncricinfo.com/ci/engine/match/1312803.html,,,unverified_candidate,"site:espncricinfo.com ""United States of America"" ""United Arab Emirates"" ""2022-06-04"" preview pitch conditions",,,,,,,,,,,,,,,,
1312804,2022-06-08,ICC Men's Cricket World Cup League 2,qualification_pathway,"Moosa Cricket Stadium, Pearland",Pearland,United States of America,Oman,1312804,https://www.espncricinfo.com/ci/engine/match/1312804.html,,,unverified_candidate,"site:espncricinfo.com ""United States of America"" ""Oman"" ""2022-06-08"" preview pitch conditions",,,,,,,,,,,,,,,,
1315038,2022-06-08,West Indies tour of Pakistan,bilateral_series,Multan Cricket Stadium,Multan,West Indies,Pakistan,1315038,https://www.espncricinfo.com/ci/engine/match/1315038.html,,,unverified_candidate,"site:espncricinfo.com ""West Indies"" ""Pakistan"" ""2022-06-08"" preview pitch conditions",,,,,,,,,,,,,,,,
1312805,2022-06-09,ICC Men's Cricket World Cup League 2,qualification_pathway,"Moosa Cricket Stadium, Pearland",Pearland,Oman,Nepal,1312805,https://www.espncricinfo.com/ci/engine/match/1312805.html,,,unverified_candidate,"site:espncricinfo.com ""Oman"" ""Nepal"" ""2022-06-09"" preview pitch conditions",,,,,,,,,,,,,,,,
1315039,2022-06-10,West Indies tour of Pakistan,bilateral_series,Multan Cricket Stadium,Multan,Pakistan,West Indies,1315039,https://www.espncricinfo.com/ci/engine/match/1315039.html,,,unverified_candidate,"site:espncricinfo.com ""Pakistan"" ""West Indies"" ""2022-06-10"" preview pitch conditions",,,,,,,,,,,,,,,,
1312807,2022-06-12,ICC Men's Cricket World Cup League 2,qualification_pathway,"Moosa Cricket Stadium, Pearland",Pearland,Oman,United States of America,1312807,https://www.espncricinfo.com/ci/engine/match/1312807.html,,,unverified_candidate,"site:espncricinfo.com ""Oman"" ""United States of America"" ""2022-06-12"" preview pitch conditions",,,,,,,,,,,,,,,,
1312808,2022-06-14,ICC Men's Cricket World Cup League 2,qualification_pathway,"Moosa Cricket Stadium, Pearland",Pearland,Oman,Nepal,1312808,https://www.espncricinfo.com/ci/engine/match/1312808.html,,,unverified_candidate,"site:espncricinfo.com ""Oman"" ""Nepal"" ""2022-06-14"" preview pitch conditions",,,,,,,,,,,,,,,,
1312809,2022-06-15,ICC Men's Cricket World Cup League 2,qualification_pathway,"Moosa Cricket Stadium, Pearland",Pearland,United States of America,Nepal,1312809,https://www.espncricinfo.com/ci/engine/match/1312809.html,,,unverified_candidate,"site:espncricinfo.com ""United States of America"" ""Nepal"" ""2022-06-15"" preview pitch conditions",,,,,,,,,,,,,,,,
1281444,2022-06-17,England tour of Netherlands,bilateral_series,"VRA Ground, Amstelveen",Amstelveen,England,Netherlands,1281444,https://www.espncricinfo.com/ci/engine/match/1281444.html,,,unverified_candidate,"site:espncricinfo.com ""England"" ""Netherlands"" ""2022-06-17"" preview pitch conditions",,,,,,,,,,,,,,,,
1281445,2022-06-19,England tour of Netherlands,bilateral_series,"VRA Ground, Amstelveen",Amstelveen,Netherlands,England,1281445,https://www.espncricinfo.com/ci/engine/match/1281445.html,,,unverified_candidate,"site:espncricinfo.com ""Netherlands"" ""England"" ""2022-06-19"" preview pitch conditions",,,,,,,,,,,,,,,,
1307298,2022-06-19,Australia tour of Sri Lanka,bilateral_series,"R Premadasa Stadium, Colombo",Colombo,Australia,Sri Lanka,1307298,https://www.espncricinfo.com/ci/engine/match/1307298.html,,,unverified_candidate,"site:espncricinfo.com ""Australia"" ""Sri Lanka"" ""2022-06-19"" preview pitch conditions",,,,,,,,,,,,,,,,
1307299,2022-06-21,Australia tour of Sri Lanka,bilateral_series,"R Premadasa Stadium, Colombo",Colombo,Sri Lanka,Australia,1307299,https://www.espncricinfo.com/ci/engine/match/1307299.html,,,unverified_candidate,"site:espncricinfo.com ""Sri Lanka"" ""Australia"" ""2022-06-21"" preview pitch conditions",,,,,,,,,,,,,,,,
1281446,2022-06-22,England tour of Netherlands,bilateral_series,"VRA Ground, Amstelveen",Amstelveen,Netherlands,England,1281446,https://www.espncricinfo.com/ci/engine/match/1281446.html,,,unverified_candidate,"site:espncricinfo.com ""Netherlands"" ""England"" ""2022-06-22"" preview pitch conditions",,,,,,,,,,,,,,,,
1307300,2022-06-24,Australia tour of Sri Lanka,bilateral_series,"R Premadasa Stadium, Colombo",Colombo,Sri Lanka,Australia,1307300,https://www.espncricinfo.com/ci/engine/match/1307300.html,,,unverified_candidate,"site:espncricinfo.com ""Sri Lanka"" ""Australia"" ""2022-06-24"" preview pitch conditions",,,,,,,,,,,,,,,,
1303309,2022-07-10,New Zealand tour of Ireland,bilateral_series,"The Village, Malahide, Dublin",Dublin,Ireland,New Zealand,1303309,https://www.espncricinfo.com/ci/engine/match/1303309.html,,,unverified_candidate,"site:espncricinfo.com ""Ireland"" ""New Zealand"" ""2022-07-10"" preview pitch conditions",,,,,,,,,,,,,,,,
1317152,2022-07-10,Bangladesh tour of West Indies,bilateral_series,"Providence Stadium, Guyana",Providence,West Indies,Bangladesh,1317152,https://www.espncricinfo.com/ci/engine/match/1317152.html,,,unverified_candidate,"site:espncricinfo.com ""West Indies"" ""Bangladesh"" ""2022-07-10"" preview pitch conditions",,,,,,,,,,,,,,,,
1322031,2022-07-11,ICC Men's Cricket World Cup League 2,qualification_pathway,"Cambusdoon New Ground, Ayr",Ayr,Namibia,Nepal,1322031,https://www.espncricinfo.com/ci/engine/match/1322031.html,,,unverified_candidate,"site:espncricinfo.com ""Namibia"" ""Nepal"" ""2022-07-11"" preview pitch conditions",,,,,,,,,,,,,,,,
1276907,2022-07-12,India tour of England,bilateral_series,"Kennington Oval, London",London,England,India,1276907,https://www.espncricinfo.com/ci/engine/match/1276907.html,,,unverified_candidate,"site:espncricinfo.com ""England"" ""India"" ""2022-07-12"" preview pitch conditions",,,,,,,,,,,,,,,,
1303310,2022-07-12,New Zealand tour of Ireland,bilateral_series,"The Village, Malahide, Dublin",Dublin,Ireland,New Zealand,1303310,https://www.espncricinfo.com/ci/engine/match/1303310.html,,,unverified_candidate,"site:espncricinfo.com ""Ireland"" ""New Zealand"" ""2022-07-12"" preview pitch conditions",,,,,,,,,,,,,,,,
1317153,2022-07-13,Bangladesh tour of West Indies,bilateral_series,"Providence Stadium, Guyana",Providence,West Indies,Bangladesh,1317153,https://www.espncricinfo.com/ci/engine/match/1317153.html,,,unverified_candidate,"site:espncricinfo.com ""West Indies"" ""Bangladesh"" ""2022-07-13"" preview pitch conditions",,,,,,,,,,,,,,,,
1322032,2022-07-13,ICC Men's Cricket World Cup League 2,qualification_pathway,"Titwood, Glasgow",Glasgow,Scotland,Nepal,1322032,https://www.espncricinfo.com/ci/engine/match/1322032.html,,,unverified_candidate,"site:espncricinfo.com ""Scotland"" ""Nepal"" ""2022-07-13"" preview pitch conditions",,,,,,,,,,,,,,,,
1276908,2022-07-14,India tour of England,bilateral_series,"Lord's, London",London,England,India,1276908,https://www.espncricinfo.com/ci/engine/match/1276908.html,,,unverified_candidate,"site:espncricinfo.com ""England"" ""India"" ""2022-07-14"" preview pitch conditions",,,,,,,,,,,,,,,,
1322033,2022-07-14,ICC Men's Cricket World Cup League 2,qualification_pathway,"Titwood, Glasgow",Glasgow,Namibia,Scotland,1322033,https://www.espncricinfo.com/ci/engine/match/1322033.html,,,unverified_candidate,"site:espncricinfo.com ""Namibia"" ""Scotland"" ""2022-07-14"" preview pitch conditions",,,,,,,,,,,,,,,,
1303311,2022-07-15,New Zealand tour of Ireland,bilateral_series,"The Village, Malahide, Dublin",Dublin,New Zealand,Ireland,1303311,https://www.espncricinfo.com/ci/engine/match/1303311.html,,,unverified_candidate,"site:espncricinfo.com ""New Zealand"" ""Ireland"" ""2022-07-15"" preview pitch conditions",,,,,,,,,,,,,,,,
1317154,2022-07-16,Bangladesh tour of West Indies,bilateral_series,"Providence Stadium, Guyana",Providence,West Indies,Bangladesh,1317154,https://www.espncricinfo.com/ci/engine/match/1317154.html,,,unverified_candidate,"site:espncricinfo.com ""West Indies"" ""Bangladesh"" ""2022-07-16"" preview pitch conditions",,,,,,,,,,,,,,,,
1322034,2022-07-16,ICC Men's Cricket World Cup League 2,qualification_pathway,"Cambusdoon New Ground, Ayr",Ayr,Namibia,Nepal,1322034,https://www.espncricinfo.com/ci/engine/match/1322034.html,,,unverified_candidate,"site:espncricinfo.com ""Namibia"" ""Nepal"" ""2022-07-16"" preview pitch conditions",,,,,,,,,,,,,,,,
1276909,2022-07-17,India tour of England,bilateral_series,"Old Trafford, Manchester",Manchester,England,India,1276909,https://www.espncricinfo.com/ci/engine/match/1276909.html,,,unverified_candidate,"site:espncricinfo.com ""England"" ""India"" ""2022-07-17"" preview pitch conditions",,,,,,,,,,,,,,,,
1322035,2022-07-17,ICC Men's Cricket World Cup League 2,qualification_pathway,"Titwood, Glasgow",Glasgow,Nepal,Scotland,1322035,https://www.espncricinfo.com/ci/engine/match/1322035.html,,,unverified_candidate,"site:espncricinfo.com ""Nepal"" ""Scotland"" ""2022-07-17"" preview pitch conditions",,,,,,,,,,,,,,,,
1276910,2022-07-19,South Africa tour of England,bilateral_series,"Riverside Ground, Chester-le-Street",Chester-le-Street,South Africa,England,1276910,https://www.espncricinfo.com/ci/engine/match/1276910.html,,,unverified_candidate,"site:espncricinfo.com ""South Africa"" ""England"" ""2022-07-19"" preview pitch conditions",,,,,,,,,,,,,,,,
1276911,2022-07-22,South Africa tour of England,bilateral_series,"Old Trafford, Manchester",Manchester,England,South Africa,1276911,https://www.espncricinfo.com/ci/engine/match/1276911.html,,,unverified_candidate,"site:espncricinfo.com ""England"" ""South Africa"" ""2022-07-22"" preview pitch conditions",,,,,,,,,,,,,,,,
1317900,2022-07-22,India tour of West Indies,bilateral_series,"Queen's Park Oval, Port of Spain, Trinidad",Port of Spain,India,West Indies,1317900,https://www.espncricinfo.com/ci/engine/match/1317900.html,,,unverified_candidate,"site:espncricinfo.com ""India"" ""West Indies"" ""2022-07-22"" preview pitch conditions",,,,,,,,,,,,,,,,
1317901,2022-07-24,India tour of West Indies,bilateral_series,"Queen's Park Oval, Port of Spain, Trinidad",Port of Spain,West Indies,India,1317901,https://www.espncricinfo.com/ci/engine/match/1317901.html,,,unverified_candidate,"site:espncricinfo.com ""West Indies"" ""India"" ""2022-07-24"" preview pitch conditions",,,,,,,,,,,,,,,,
1307479,2022-07-31,New Zealand tour of Scotland,bilateral_series,"Grange Cricket Club Ground, Raeburn Place, Edinburgh",Edinburgh,Scotland,New Zealand,1307479,https://www.espncricinfo.com/ci/engine/match/1307479.html,,,unverified_candidate,"site:espncricinfo.com ""Scotland"" ""New Zealand"" ""2022-07-31"" preview pitch conditions",,,,,,,,,,,,,,,,
1323292,2022-08-05,Bangladesh tour of Zimbabwe,bilateral_series,Harare Sports Club,Harare,Bangladesh,Zimbabwe,1323292,https://www.espncricinfo.com/ci/engine/match/1323292.html,,,unverified_candidate,"site:espncricinfo.com ""Bangladesh"" ""Zimbabwe"" ""2022-08-05"" preview pitch conditions",,,,,,,,,,,,,,,,
1323293,2022-08-07,Bangladesh tour of Zimbabwe,bilateral_series,Harare Sports Club,Harare,Bangladesh,Zimbabwe,1323293,https://www.espncricinfo.com/ci/engine/match/1323293.html,,,unverified_candidate,"site:espncricinfo.com ""Bangladesh"" ""Zimbabwe"" ""2022-08-07"" preview pitch conditions",,,,,,,,,,,,,,,,
1322036,2022-08-10,ICC Men's Cricket World Cup League 2,qualification_pathway,"Mannofield Park, Aberdeen",Aberdeen,Scotland,United Arab Emirates,1322036,https://www.espncricinfo.com/ci/engine/match/1322036.html,,,unverified_candidate,"site:espncricinfo.com ""Scotland"" ""United Arab Emirates"" ""2022-08-10"" preview pitch conditions",,,,,,,,,,,,,,,,
1323294,2022-08-10,Bangladesh tour of Zimbabwe,bilateral_series,Harare Sports Club,Harare,Bangladesh,Zimbabwe,1323294,https://www.espncricinfo.com/ci/engine/match/1323294.html,,,unverified_candidate,"site:espncricinfo.com ""Bangladesh"" ""Zimbabwe"" ""2022-08-10"" preview pitch conditions",,,,,,,,,,,,,,,,
1322037,2022-08-11,ICC Men's Cricket World Cup League 2,qualification_pathway,"Mannofield Park, Aberdeen",Aberdeen,United Arab Emirates,United States of America,1322037,https://www.espncricinfo.com/ci/engine/match/1322037.html,,,unverified_candidate,"site:espncricinfo.com ""United Arab Emirates"" ""United States of America"" ""2022-08-11"" preview pitch conditions",,,,,,,,,,,,,,,,
1322038,2022-08-13,ICC Men's Cricket World Cup League 2,qualification_pathway,"Mannofield Park, Aberdeen",Aberdeen,United States of America,Scotland,1322038,https://www.espncricinfo.com/ci/engine/match/1322038.html,,,unverified_candidate,"site:espncricinfo.com ""United States of America"" ""Scotland"" ""2022-08-13"" preview pitch conditions",,,,,,,,,,,,,,,,
1322039,2022-08-14,ICC Men's Cricket World Cup League 2,qualification_pathway,"Mannofield Park, Aberdeen",Aberdeen,Scotland,United Arab Emirates,1322039,https://www.espncricinfo.com/ci/engine/match/1322039.html,,,unverified_candidate,"site:espncricinfo.com ""Scotland"" ""United Arab Emirates"" ""2022-08-14"" preview pitch conditions",,,,,,,,,,,,,,,,
1311737,2022-08-16,Pakistan tour of Netherlands,bilateral_series,"Hazelaarweg, Rotterdam",Rotterdam,Pakistan,Netherlands,1311737,https://www.espncricinfo.com/ci/engine/match/1311737.html,,,unverified_candidate,"site:espncricinfo.com ""Pakistan"" ""Netherlands"" ""2022-08-16"" preview pitch conditions",,,,,,,,,,,,,,,,
1317911,2022-08-17,New Zealand tour of West Indies,bilateral_series,"Kensington Oval, Bridgetown, Barbados",Bridgetown,New Zealand,West Indies,1317911,https://www.espncricinfo.com/ci/engine/match/1317911.html,,,unverified_candidate,"site:espncricinfo.com ""New Zealand"" ""West Indies"" ""2022-08-17"" preview pitch conditions",,,,,,,,,,,,,,,,
1322041,2022-08-17,ICC Men's Cricket World Cup League 2,qualification_pathway,"Mannofield Park, Aberdeen",Aberdeen,Scotland,United States of America,1322041,https://www.espncricinfo.com/ci/engine/match/1322041.html,,,unverified_candidate,"site:espncricinfo.com ""Scotland"" ""United States of America"" ""2022-08-17"" preview pitch conditions",,,,,,,,,,,,,,,,
1311738,2022-08-18,Pakistan tour of Netherlands,bilateral_series,"Hazelaarweg, Rotterdam",Rotterdam,Netherlands,Pakistan,1311738,https://www.espncricinfo.com/ci/engine/match/1311738.html,,,unverified_candidate,"site:espncricinfo.com ""Netherlands"" ""Pakistan"" ""2022-08-18"" preview pitch conditions",,,,,,,,,,,,,,,,
1325549,2022-08-18,India tour of Zimbabwe,bilateral_series,Harare Sports Club,Harare,Zimbabwe,India,1325549,https://www.espncricinfo.com/ci/engine/match/1325549.html,,,unverified_candidate,"site:espncricinfo.com ""Zimbabwe"" ""India"" ""2022-08-18"" preview pitch conditions",,,,,,,,,,,,,,,,
1325550,2022-08-20,India tour of Zimbabwe,bilateral_series,Harare Sports Club,Harare,Zimbabwe,India,1325550,https://www.espncricinfo.com/ci/engine/match/1325550.html,,,unverified_candidate,"site:espncricinfo.com ""Zimbabwe"" ""India"" ""2022-08-20"" preview pitch conditions",,,,,,,,,,,,,,,,
1311739,2022-08-21,Pakistan tour of Netherlands,bilateral_series,"Hazelaarweg, Rotterdam",Rotterdam,Pakistan,Netherlands,1311739,https://www.espncricinfo.com/ci/engine/match/1311739.html,,,unverified_candidate,"site:espncricinfo.com ""Pakistan"" ""Netherlands"" ""2022-08-21"" preview pitch conditions",,,,,,,,,,,,,,,,
1317913,2022-08-21,New Zealand tour of West Indies,bilateral_series,"Kensington Oval, Bridgetown, Barbados",Bridgetown,West Indies,New Zealand,1317913,https://www.espncricinfo.com/ci/engine/match/1317913.html,,,unverified_candidate,"site:espncricinfo.com ""West Indies"" ""New Zealand"" ""2022-08-21"" preview pitch conditions",,,,,,,,,,,,,,,,
1325551,2022-08-22,India tour of Zimbabwe,bilateral_series,Harare Sports Club,Harare,India,Zimbabwe,1325551,https://www.espncricinfo.com/ci/engine/match/1325551.html,,,unverified_candidate,"site:espncricinfo.com ""India"" ""Zimbabwe"" ""2022-08-22"" preview pitch conditions",,,,,,,,,,,,,,,,
1317476,2022-08-28,Zimbabwe tour of Australia,bilateral_series,"Tony Ireland Stadium, Townsville",Townsville,Zimbabwe,Australia,1317476,https://www.espncricinfo.com/ci/engine/match/1317476.html,,,unverified_candidate,"site:espncricinfo.com ""Zimbabwe"" ""Australia"" ""2022-08-28"" preview pitch conditions",,,,,,,,,,,,,,,,
1317477,2022-08-31,Zimbabwe tour of Australia,bilateral_series,"Tony Ireland Stadium, Townsville",Townsville,Zimbabwe,Australia,1317477,https://www.espncricinfo.com/ci/engine/match/1317477.html,,,unverified_candidate,"site:espncricinfo.com ""Zimbabwe"" ""Australia"" ""2022-08-31"" preview pitch conditions",,,,,,,,,,,,,,,,
1317478,2022-09-03,Zimbabwe tour of Australia,bilateral_series,"Riverway Stadium, Townsville",Townsville,Australia,Zimbabwe,1317478,https://www.espncricinfo.com/ci/engine/match/1317478.html,,,unverified_candidate,"site:espncricinfo.com ""Australia"" ""Zimbabwe"" ""2022-09-03"" preview pitch conditions",,,,,,,,,,,,,,,,
1317479,2022-09-06,New Zealand tour of Australia,bilateral_series,"Cazaly's Stadium, Cairns",Cairns,New Zealand,Australia,1317479,https://www.espncricinfo.com/ci/engine/match/1317479.html,,,unverified_candidate,"site:espncricinfo.com ""New Zealand"" ""Australia"" ""2022-09-06"" preview pitch conditions",,,,,,,,,,,,,,,,
1317480,2022-09-08,New Zealand tour of Australia,bilateral_series,"Cazaly's Stadium, Cairns",Cairns,Australia,New Zealand,1317480,https://www.espncricinfo.com/ci/engine/match/1317480.html,,,unverified_candidate,"site:espncricinfo.com ""Australia"" ""New Zealand"" ""2022-09-08"" preview pitch conditions",,,,,,,,,,,,,,,,
1317481,2022-09-11,New Zealand tour of Australia,bilateral_series,"Cazaly's Stadium, Cairns",Cairns,Australia,New Zealand,1317481,https://www.espncricinfo.com/ci/engine/match/1317481.html,,,unverified_candidate,"site:espncricinfo.com ""Australia"" ""New Zealand"" ""2022-09-11"" preview pitch conditions",,,,,,,,,,,,,,,,
1331366,2022-09-13,ICC Men's Cricket World Cup League 2,qualification_pathway,"Amini Park, Port Moresby",Port Moresby,Papua New Guinea,United States of America,1331366,https://www.espncricinfo.com/ci/engine/match/1331366.html,,,unverified_candidate,"site:espncricinfo.com ""Papua New Guinea"" ""United States of America"" ""2022-09-13"" preview pitch conditions",,,,,,,,,,,,,,,,
1331367,2022-09-15,ICC Men's Cricket World Cup League 2,qualification_pathway,"Amini Park, Port Moresby",Port Moresby,Namibia,United States of America,1331367,https://www.espncricinfo.com/ci/engine/match/1331367.html,,,unverified_candidate,"site:espncricinfo.com ""Namibia"" ""United States of America"" ""2022-09-15"" preview pitch conditions",,,,,,,,,,,,,,,,
1331368,2022-09-17,ICC Men's Cricket World Cup League 2,qualification_pathway,"Amini Park, Port Moresby",Port Moresby,Namibia,United States of America,1331368,https://www.espncricinfo.com/ci/engine/match/1331368.html,,,unverified_candidate,"site:espncricinfo.com ""Namibia"" ""United States of America"" ""2022-09-17"" preview pitch conditions",,,,,,,,,,,,,,,,
1331369,2022-09-20,ICC Men's Cricket World Cup League 2,qualification_pathway,"Amini Park, Port Moresby",Port Moresby,Namibia,Papua New Guinea,1331369,https://www.espncricinfo.com/ci/engine/match/1331369.html,,,unverified_candidate,"site:espncricinfo.com ""Namibia"" ""Papua New Guinea"" ""2022-09-20"" preview pitch conditions",,,,,,,,,,,,,,,,
1331370,2022-09-21,ICC Men's Cricket World Cup League 2,qualification_pathway,"Amini Park, Port Moresby",Port Moresby,Namibia,Papua New Guinea,1331370,https://www.espncricinfo.com/ci/engine/match/1331370.html,,,unverified_candidate,"site:espncricinfo.com ""Namibia"" ""Papua New Guinea"" ""2022-09-21"" preview pitch conditions",,,,,,,,,,,,,,,,
1327509,2022-10-06,South Africa tour of India,bilateral_series,"Bharat Ratna Shri Atal Bihari Vajpayee Ekana Cricket Stadium, Lucknow",Lucknow,South Africa,India,1327509,https://www.espncricinfo.com/ci/engine/match/1327509.html,,,unverified_candidate,"site:espncricinfo.com ""South Africa"" ""India"" ""2022-10-06"" preview pitch conditions",,,,,,,,,,,,,,,,
1327510,2022-10-09,South Africa tour of India,bilateral_series,"JSCA International Stadium Complex, Ranchi",Ranchi,South Africa,India,1327510,https://www.espncricinfo.com/ci/engine/match/1327510.html,,,unverified_candidate,"site:espncricinfo.com ""South Africa"" ""India"" ""2022-10-09"" preview pitch conditions",,,,,,,,,,,,,,,,
1327511,2022-10-11,South Africa tour of India,bilateral_series,"Arun Jaitley Stadium, Delhi",Delhi,South Africa,India,1327511,https://www.espncricinfo.com/ci/engine/match/1327511.html,,,unverified_candidate,"site:espncricinfo.com ""South Africa"" ""India"" ""2022-10-11"" preview pitch conditions",,,,,,,,,,,,,,,,
1343683,2022-11-14,United Arab Emirates tour of Nepal,bilateral_series,"Tribhuvan University International Cricket Ground, Kirtipur",Kirtipur,United Arab Emirates,Nepal,1343683,https://www.espncricinfo.com/ci/engine/match/1343683.html,,,unverified_candidate,"site:espncricinfo.com ""United Arab Emirates"" ""Nepal"" ""2022-11-14"" preview pitch conditions",,,,,,,,,,,,,,,,
1343684,2022-11-16,United Arab Emirates tour of Nepal,bilateral_series,"Tribhuvan University International Cricket Ground, Kirtipur",Kirtipur,United Arab Emirates,Nepal,1343684,https://www.espncricinfo.com/ci/engine/match/1343684.html,,,unverified_candidate,"site:espncricinfo.com ""United Arab Emirates"" ""Nepal"" ""2022-11-16"" preview pitch conditions",,,,,,,,,,,,,,,,
1317489,2022-11-17,England tour of Australia,bilateral_series,Adelaide Oval,Adelaide,England,Australia,1317489,https://www.espncricinfo.com/ci/engine/match/1317489.html,,,unverified_candidate,"site:espncricinfo.com ""England"" ""Australia"" ""2022-11-17"" preview pitch conditions",,,,,,,,,,,,,,,,
1343685,2022-11-18,United Arab Emirates tour of Nepal,bilateral_series,"Tribhuvan University International Cricket Ground, Kirtipur",Kirtipur,United Arab Emirates,Nepal,1343685,https://www.espncricinfo.com/ci/engine/match/1343685.html,,,unverified_candidate,"site:espncricinfo.com ""United Arab Emirates"" ""Nepal"" ""2022-11-18"" preview pitch conditions",,,,,,,,,,,,,,,,
1317490,2022-11-19,England tour of Australia,bilateral_series,Sydney Cricket Ground,Sydney,Australia,England,1317490,https://www.espncricinfo.com/ci/engine/match/1317490.html,,,unverified_candidate,"site:espncricinfo.com ""Australia"" ""England"" ""2022-11-19"" preview pitch conditions",,,,,,,,,,,,,,,,
1341969,2022-11-19,ICC Men's Cricket World Cup League 2,qualification_pathway,"Wanderers Cricket Ground, Windhoek",Windhoek,Papua New Guinea,Namibia,1341969,https://www.espncricinfo.com/ci/engine/match/1341969.html,,,unverified_candidate,"site:espncricinfo.com ""Papua New Guinea"" ""Namibia"" ""2022-11-19"" preview pitch conditions",,,,,,,,,,,,,,,,
1341970,2022-11-20,ICC Men's Cricket World Cup League 2,qualification_pathway,"Wanderers Cricket Ground, Windhoek",Windhoek,United States of America,Namibia,1341970,https://www.espncricinfo.com/ci/engine/match/1341970.html,,,unverified_candidate,"site:espncricinfo.com ""United States of America"" ""Namibia"" ""2022-11-20"" preview pitch conditions",,,,,,,,,,,,,,,,
1341971,2022-11-22,ICC Men's Cricket World Cup League 2,qualification_pathway,"Wanderers Cricket Ground, Windhoek",Windhoek,Papua New Guinea,United States of America,1341971,https://www.espncricinfo.com/ci/engine/match/1341971.html,,,unverified_candidate,"site:espncricinfo.com ""Papua New Guinea"" ""United States of America"" ""2022-11-22"" preview pitch conditions",,,,,,,,,,,,,,,,
1341972,2022-11-23,ICC Men's Cricket World Cup League 2,qualification_pathway,"Wanderers Cricket Ground, Windhoek",Windhoek,Papua New Guinea,Namibia,1341972,https://www.espncricinfo.com/ci/engine/match/1341972.html,,,unverified_candidate,"site:espncricinfo.com ""Papua New Guinea"" ""Namibia"" ""2022-11-23"" preview pitch conditions",,,,,,,,,,,,,,,,
1322278,2022-11-25,India tour of New Zealand,bilateral_series,"Eden Park, Auckland",Auckland,India,New Zealand,1322278,https://www.espncricinfo.com/ci/engine/match/1322278.html,,,unverified_candidate,"site:espncricinfo.com ""India"" ""New Zealand"" ""2022-11-25"" preview pitch conditions",,,,,,,,,,,,,,,,
1341973,2022-11-25,ICC Men's Cricket World Cup League 2,qualification_pathway,"Wanderers Cricket Ground, Windhoek",Windhoek,United States of America,Papua New Guinea,1341973,https://www.espncricinfo.com/ci/engine/match/1341973.html,,,unverified_candidate,"site:espncricinfo.com ""United States of America"" ""Papua New Guinea"" ""2022-11-25"" preview pitch conditions",,,,,,,,,,,,,,,,
1341974,2022-11-26,ICC Men's Cricket World Cup League 2,qualification_pathway,"Wanderers Cricket Ground, Windhoek",Windhoek,United States of America,Namibia,1341974,https://www.espncricinfo.com/ci/engine/match/1341974.html,,,unverified_candidate,"site:espncricinfo.com ""United States of America"" ""Namibia"" ""2022-11-26"" preview pitch conditions",,,,,,,,,,,,,,,,
1341975,2022-12-01,ICC Men's Cricket World Cup League 2,qualification_pathway,"United Cricket Club Ground, Windhoek",Windhoek,Namibia,Scotland,1341975,https://www.espncricinfo.com/ci/engine/match/1341975.html,,,unverified_candidate,"site:espncricinfo.com ""Namibia"" ""Scotland"" ""2022-12-01"" preview pitch conditions",,,,,,,,,,,,,,,,
1340845,2022-12-04,India tour of Bangladesh,bilateral_series,"Shere Bangla National Stadium, Mirpur",Dhaka,India,Bangladesh,1340845,https://www.espncricinfo.com/ci/engine/match/1340845.html,,,unverified_candidate,"site:espncricinfo.com ""India"" ""Bangladesh"" ""2022-12-04"" preview pitch conditions",,,,,,,,,,,,,,,,
1341977,2022-12-04,ICC Men's Cricket World Cup League 2,qualification_pathway,"United Cricket Club Ground, Windhoek",Windhoek,Nepal,Scotland,1341977,https://www.espncricinfo.com/ci/engine/match/1341977.html,,,unverified_candidate,"site:espncricinfo.com ""Nepal"" ""Scotland"" ""2022-12-04"" preview pitch conditions",,,,,,,,,,,,,,,,
1341978,2022-12-05,ICC Men's Cricket World Cup League 2,qualification_pathway,"United Cricket Club Ground, Windhoek",Windhoek,Scotland,Namibia,1341978,https://www.espncricinfo.com/ci/engine/match/1341978.html,,,unverified_candidate,"site:espncricinfo.com ""Scotland"" ""Namibia"" ""2022-12-05"" preview pitch conditions",,,,,,,,,,,,,,,,
1340846,2022-12-07,India tour of Bangladesh,bilateral_series,"Shere Bangla National Stadium, Mirpur",Dhaka,Bangladesh,India,1340846,https://www.espncricinfo.com/ci/engine/match/1340846.html,,,unverified_candidate,"site:espncricinfo.com ""Bangladesh"" ""India"" ""2022-12-07"" preview pitch conditions",,,,,,,,,,,,,,,,
1341979,2022-12-07,ICC Men's Cricket World Cup League 2,qualification_pathway,"United Cricket Club Ground, Windhoek",Windhoek,Namibia,Nepal,1341979,https://www.espncricinfo.com/ci/engine/match/1341979.html,,,unverified_candidate,"site:espncricinfo.com ""Namibia"" ""Nepal"" ""2022-12-07"" preview pitch conditions",,,,,,,,,,,,,,,,
1341980,2022-12-08,ICC Men's Cricket World Cup League 2,qualification_pathway,"United Cricket Club Ground, Windhoek",Windhoek,Nepal,Scotland,1341980,https://www.espncricinfo.com/ci/engine/match/1341980.html,,,unverified_candidate,"site:espncricinfo.com ""Nepal"" ""Scotland"" ""2022-12-08"" preview pitch conditions",,,,,,,,,,,,,,,,
1340847,2022-12-10,India tour of Bangladesh,bilateral_series,"Zahur Ahmed Chowdhury Stadium, Chattogram",Chattogram,India,Bangladesh,1340847,https://www.espncricinfo.com/ci/engine/match/1340847.html,,,unverified_candidate,"site:espncricinfo.com ""India"" ""Bangladesh"" ""2022-12-10"" preview pitch conditions",,,,,,,,,,,,,,,,
1339611,2023-01-09,New Zealand tour of Pakistan,bilateral_series,"National Stadium, Karachi",Karachi,New Zealand,Pakistan,1339611,https://www.espncricinfo.com/ci/engine/match/1339611.html,,,unverified_candidate,"site:espncricinfo.com ""New Zealand"" ""Pakistan"" ""2023-01-09"" preview pitch conditions",,,,,,,,,,,,,,,,
1348643,2023-01-10,Sri Lanka tour of India,bilateral_series,"Barsapara Cricket Stadium, Guwahati",Guwahati,India,Sri Lanka,1348643,https://www.espncricinfo.com/ci/engine/match/1348643.html,,,unverified_candidate,"site:espncricinfo.com ""India"" ""Sri Lanka"" ""2023-01-10"" preview pitch conditions",,,,,,,,,,,,,,,,
1339612,2023-01-11,New Zealand tour of Pakistan,bilateral_series,"National Stadium, Karachi",Karachi,New Zealand,Pakistan,1339612,https://www.espncricinfo.com/ci/engine/match/1339612.html,,,unverified_candidate,"site:espncricinfo.com ""New Zealand"" ""Pakistan"" ""2023-01-11"" preview pitch conditions",,,,,,,,,,,,,,,,
1348644,2023-01-12,Sri Lanka tour of India,bilateral_series,"Eden Gardens, Kolkata",Kolkata,Sri Lanka,India,1348644,https://www.espncricinfo.com/ci/engine/match/1348644.html,,,unverified_candidate,"site:espncricinfo.com ""Sri Lanka"" ""India"" ""2023-01-12"" preview pitch conditions",,,,,,,,,,,,,,,,
1339613,2023-01-13,New Zealand tour of Pakistan,bilateral_series,"National Stadium, Karachi",Karachi,Pakistan,New Zealand,1339613,https://www.espncricinfo.com/ci/engine/match/1339613.html,,,unverified_candidate,"site:espncricinfo.com ""Pakistan"" ""New Zealand"" ""2023-01-13"" preview pitch conditions",,,,,,,,,,,,,,,,
1348645,2023-01-15,Sri Lanka tour of India,bilateral_series,"Greenfield International Stadium, Thiruvananthapuram",Thiruvananthapuram,India,Sri Lanka,1348645,https://www.espncricinfo.com/ci/engine/match/1348645.html,,,unverified_candidate,"site:espncricinfo.com ""India"" ""Sri Lanka"" ""2023-01-15"" preview pitch conditions",,,,,,,,,,,,,,,,
1348646,2023-01-18,New Zealand tour of India,bilateral_series,"Rajiv Gandhi International Stadium, Uppal, Hyderabad",Hyderabad,India,New Zealand,1348646,https://www.espncricinfo.com/ci/engine/match/1348646.html,,,unverified_candidate,"site:espncricinfo.com ""India"" ""New Zealand"" ""2023-01-18"" preview pitch conditions",,,,,,,,,,,,,,,,
1348327,2023-01-21,Ireland tour of Zimbabwe,bilateral_series,Harare Sports Club,Harare,Ireland,Zimbabwe,1348327,https://www.espncricinfo.com/ci/engine/match/1348327.html,,,unverified_candidate,"site:espncricinfo.com ""Ireland"" ""Zimbabwe"" ""2023-01-21"" preview pitch conditions",,,,,,,,,,,,,,,,
1348647,2023-01-21,New Zealand tour of India,bilateral_series,"Shaheed Veer Narayan Singh International Stadium, Raipur",Raipur,New Zealand,India,1348647,https://www.espncricinfo.com/ci/engine/match/1348647.html,,,unverified_candidate,"site:espncricinfo.com ""New Zealand"" ""India"" ""2023-01-21"" preview pitch conditions",,,,,,,,,,,,,,,,
1348648,2023-01-24,New Zealand tour of India,bilateral_series,"Holkar Cricket Stadium, Indore",Indore,India,New Zealand,1348648,https://www.espncricinfo.com/ci/engine/match/1348648.html,,,unverified_candidate,"site:espncricinfo.com ""India"" ""New Zealand"" ""2023-01-24"" preview pitch conditions",,,,,,,,,,,,,,,,
1339595,2023-01-27,England tour of South Africa,bilateral_series,"Mangaung Oval, Bloemfontein",Bloemfontein,South Africa,England,1339595,https://www.espncricinfo.com/ci/engine/match/1339595.html,,,unverified_candidate,"site:espncricinfo.com ""South Africa"" ""England"" ""2023-01-27"" preview pitch conditions",,,,,,,,,,,,,,,,
1339596,2023-01-29,England tour of South Africa,bilateral_series,"Mangaung Oval, Bloemfontein",Bloemfontein,England,South Africa,1339596,https://www.espncricinfo.com/ci/engine/match/1339596.html,,,unverified_candidate,"site:espncricinfo.com ""England"" ""South Africa"" ""2023-01-29"" preview pitch conditions",,,,,,,,,,,,,,,,
1339597,2023-02-01,England tour of South Africa,bilateral_series,"Diamond Oval, Kimberley",Kimberley,England,South Africa,1339597,https://www.espncricinfo.com/ci/engine/match/1339597.html,,,unverified_candidate,"site:espncricinfo.com ""England"" ""South Africa"" ""2023-02-01"" preview pitch conditions",,,,,,,,,,,,,,,,
1358073,2023-02-14,ICC Men's Cricket World Cup League 2,qualification_pathway,"Tribhuvan University International Cricket Ground, Kirtipur",Kirtipur,Namibia,Nepal,1358073,https://www.espncricinfo.com/ci/engine/match/1358073.html,,,unverified_candidate,"site:espncricinfo.com ""Namibia"" ""Nepal"" ""2023-02-14"" preview pitch conditions",,,,,,,,,,,,,,,,
1358074,2023-02-15,ICC Men's Cricket World Cup League 2,qualification_pathway,"Tribhuvan University International Cricket Ground, Kirtipur",Kirtipur,Namibia,Scotland,1358074,https://www.espncricinfo.com/ci/engine/match/1358074.html,,,unverified_candidate,"site:espncricinfo.com ""Namibia"" ""Scotland"" ""2023-02-15"" preview pitch conditions",,,,,,,,,,,,,,,,
1358075,2023-02-17,ICC Men's Cricket World Cup League 2,qualification_pathway,"Tribhuvan University International Cricket Ground, Kirtipur",Kirtipur,Scotland,Nepal,1358075,https://www.espncricinfo.com/ci/engine/match/1358075.html,,,unverified_candidate,"site:espncricinfo.com ""Scotland"" ""Nepal"" ""2023-02-17"" preview pitch conditions",,,,,,,,,,,,,,,,
1358076,2023-02-18,ICC Men's Cricket World Cup League 2,qualification_pathway,"Tribhuvan University International Cricket Ground, Kirtipur",Kirtipur,Namibia,Nepal,1358076,https://www.espncricinfo.com/ci/engine/match/1358076.html,,,unverified_candidate,"site:espncricinfo.com ""Namibia"" ""Nepal"" ""2023-02-18"" preview pitch conditions",,,,,,,,,,,,,,,,
1358077,2023-02-20,ICC Men's Cricket World Cup League 2,qualification_pathway,"Tribhuvan University International Cricket Ground, Kirtipur",Kirtipur,Scotland,Namibia,1358077,https://www.espncricinfo.com/ci/engine/match/1358077.html,,,unverified_candidate,"site:espncricinfo.com ""Scotland"" ""Namibia"" ""2023-02-20"" preview pitch conditions",,,,,,,,,,,,,,,,
1358078,2023-02-21,ICC Men's Cricket World Cup League 2,qualification_pathway,"Tribhuvan University International Cricket Ground, Kirtipur",Kirtipur,Scotland,Nepal,1358078,https://www.espncricinfo.com/ci/engine/match/1358078.html,,,unverified_candidate,"site:espncricinfo.com ""Scotland"" ""Nepal"" ""2023-02-21"" preview pitch conditions",,,,,,,,,,,,,,,,
1358079,2023-02-23,ICC Men's Cricket World Cup League 2,qualification_pathway,Dubai International Cricket Stadium,Dubai,Namibia,United Arab Emirates,1358079,https://www.espncricinfo.com/ci/engine/match/1358079.html,,,unverified_candidate,"site:espncricinfo.com ""Namibia"" ""United Arab Emirates"" ""2023-02-23"" preview pitch conditions",,,,,,,,,,,,,,,,
1358080,2023-02-25,ICC Men's Cricket World Cup League 2,qualification_pathway,Dubai International Cricket Stadium,Dubai,United Arab Emirates,Namibia,1358080,https://www.espncricinfo.com/ci/engine/match/1358080.html,,,unverified_candidate,"site:espncricinfo.com ""United Arab Emirates"" ""Namibia"" ""2023-02-25"" preview pitch conditions",,,,,,,,,,,,,,,,
1358082,2023-02-28,ICC Men's Cricket World Cup League 2,qualification_pathway,Dubai International Cricket Stadium,Dubai,Papua New Guinea,United Arab Emirates,1358082,https://www.espncricinfo.com/ci/engine/match/1358082.html,,,unverified_candidate,"site:espncricinfo.com ""Papua New Guinea"" ""United Arab Emirates"" ""2023-02-28"" preview pitch conditions",,,,,,,,,,,,,,,,
1351397,2023-03-01,England tour of Bangladesh,bilateral_series,"Shere Bangla National Stadium, Mirpur",Dhaka,Bangladesh,England,1351397,https://www.espncricinfo.com/ci/engine/match/1351397.html,,,unverified_candidate,"site:espncricinfo.com ""Bangladesh"" ""England"" ""2023-03-01"" preview pitch conditions",,,,,,,,,,,,,,,,
1358083,2023-03-02,ICC Men's Cricket World Cup League 2,qualification_pathway,Dubai International Cricket Stadium,Dubai,United Arab Emirates,Nepal,1358083,https://www.espncricinfo.com/ci/engine/match/1358083.html,,,unverified_candidate,"site:espncricinfo.com ""United Arab Emirates"" ""Nepal"" ""2023-03-02"" preview pitch conditions",,,,,,,,,,,,,,,,
1351398,2023-03-03,England tour of Bangladesh,bilateral_series,"Shere Bangla National Stadium, Mirpur",Dhaka,England,Bangladesh,1351398,https://www.espncricinfo.com/ci/engine/match/1351398.html,,,unverified_candidate,"site:espncricinfo.com ""England"" ""Bangladesh"" ""2023-03-03"" preview pitch conditions",,,,,,,,,,,,,,,,
1358084,2023-03-03,ICC Men's Cricket World Cup League 2,qualification_pathway,Dubai International Cricket Stadium,Dubai,Papua New Guinea,Nepal,1358084,https://www.espncricinfo.com/ci/engine/match/1358084.html,,,unverified_candidate,"site:espncricinfo.com ""Papua New Guinea"" ""Nepal"" ""2023-03-03"" preview pitch conditions",,,,,,,,,,,,,,,,
1358085,2023-03-05,ICC Men's Cricket World Cup League 2,qualification_pathway,Dubai International Cricket Stadium,Dubai,United Arab Emirates,Papua New Guinea,1358085,https://www.espncricinfo.com/ci/engine/match/1358085.html,,,unverified_candidate,"site:espncricinfo.com ""United Arab Emirates"" ""Papua New Guinea"" ""2023-03-05"" preview pitch conditions",,,,,,,,,,,,,,,,
1351399,2023-03-06,England tour of Bangladesh,bilateral_series,"Zahur Ahmed Chowdhury Stadium, Chattogram",Chattogram,Bangladesh,England,1351399,https://www.espncricinfo.com/ci/engine/match/1351399.html,,,unverified_candidate,"site:espncricinfo.com ""Bangladesh"" ""England"" ""2023-03-06"" preview pitch conditions",,,,,,,,,,,,,,,,
1358086,2023-03-06,ICC Men's Cricket World Cup League 2,qualification_pathway,Dubai International Cricket Stadium,Dubai,Nepal,United Arab Emirates,1358086,https://www.espncricinfo.com/ci/engine/match/1358086.html,,,unverified_candidate,"site:espncricinfo.com ""Nepal"" ""United Arab Emirates"" ""2023-03-06"" preview pitch conditions",,,,,,,,,,,,,,,,
1358087,2023-03-09,ICC Men's Cricket World Cup League 2,qualification_pathway,"Tribhuvan University International Cricket Ground, Kirtipur",Kirtipur,Nepal,Papua New Guinea,1358087,https://www.espncricinfo.com/ci/engine/match/1358087.html,,,unverified_candidate,"site:espncricinfo.com ""Nepal"" ""Papua New Guinea"" ""2023-03-09"" preview pitch conditions",,,,,,,,,,,,,,,,
1358088,2023-03-10,ICC Men's Cricket World Cup League 2,qualification_pathway,"Tribhuvan University International Cricket Ground, Kirtipur",Kirtipur,Papua New Guinea,United Arab Emirates,1358088,https://www.espncricinfo.com/ci/engine/match/1358088.html,,,unverified_candidate,"site:espncricinfo.com ""Papua New Guinea"" ""United Arab Emirates"" ""2023-03-10"" preview pitch conditions",,,,,,,,,,,,,,,,
1358089,2023-03-12,ICC Men's Cricket World Cup League 2,qualification_pathway,"Tribhuvan University International Cricket Ground, Kirtipur",Kirtipur,Nepal,United Arab Emirates,1358089,https://www.espncricinfo.com/ci/engine/match/1358089.html,,,unverified_candidate,"site:espncricinfo.com ""Nepal"" ""United Arab Emirates"" ""2023-03-12"" preview pitch conditions",,,,,,,,,,,,,,,,
1358091,2023-03-15,ICC Men's Cricket World Cup League 2,qualification_pathway,"Tribhuvan University International Cricket Ground, Kirtipur",Kirtipur,Papua New Guinea,United Arab Emirates,1358091,https://www.espncricinfo.com/ci/engine/match/1358091.html,,,unverified_candidate,"site:espncricinfo.com ""Papua New Guinea"" ""United Arab Emirates"" ""2023-03-15"" preview pitch conditions",,,,,,,,,,,,,,,,
1348656,2023-03-17,Australia tour of India,bilateral_series,"Wankhede Stadium, Mumbai",Mumbai,Australia,India,1348656,https://www.espncricinfo.com/ci/engine/match/1348656.html,,,unverified_candidate,"site:espncricinfo.com ""Australia"" ""India"" ""2023-03-17"" preview pitch conditions",,,,,,,,,,,,,,,,
1339602,2023-03-18,West Indies tour of South Africa,bilateral_series,"Buffalo Park, East London",East London,West Indies,South Africa,1339602,https://www.espncricinfo.com/ci/engine/match/1339602.html,,,unverified_candidate,"site:espncricinfo.com ""West Indies"" ""South Africa"" ""2023-03-18"" preview pitch conditions",,,,,,,,,,,,,,,,
1355717,2023-03-18,Ireland tour of Bangladesh,bilateral_series,Sylhet International Cricket Stadium,Sylhet,Bangladesh,Ireland,1355717,https://www.espncricinfo.com/ci/engine/match/1355717.html,,,unverified_candidate,"site:espncricinfo.com ""Bangladesh"" ""Ireland"" ""2023-03-18"" preview pitch conditions",,,,,,,,,,,,,,,,
1348657,2023-03-19,Australia tour of India,bilateral_series,"Dr. Y.S. Rajasekhara Reddy ACA-VDCA Cricket Stadium, Visakhapatnam",Visakhapatnam,India,Australia,1348657,https://www.espncricinfo.com/ci/engine/match/1348657.html,,,unverified_candidate,"site:espncricinfo.com ""India"" ""Australia"" ""2023-03-19"" preview pitch conditions",,,,,,,,,,,,,,,,
1339603,2023-03-21,West Indies tour of South Africa,bilateral_series,"Senwes Park, Potchefstroom",Potchefstroom,West Indies,South Africa,1339603,https://www.espncricinfo.com/ci/engine/match/1339603.html,,,unverified_candidate,"site:espncricinfo.com ""West Indies"" ""South Africa"" ""2023-03-21"" preview pitch conditions",,,,,,,,,,,,,,,,
1362379,2023-03-21,Netherlands tour of Zimbabwe,bilateral_series,Harare Sports Club,Harare,Zimbabwe,Netherlands,1362379,https://www.espncricinfo.com/ci/engine/match/1362379.html,,,unverified_candidate,"site:espncricinfo.com ""Zimbabwe"" ""Netherlands"" ""2023-03-21"" preview pitch conditions",,,,,,,,,,,,,,,,
1348658,2023-03-22,Australia tour of India,bilateral_series,"MA Chidambaram Stadium, Chepauk, Chennai",Chennai,Australia,India,1348658,https://www.espncricinfo.com/ci/engine/match/1348658.html,,,unverified_candidate,"site:espncricinfo.com ""Australia"" ""India"" ""2023-03-22"" preview pitch conditions",,,,,,,,,,,,,,,,
1355719,2023-03-23,Ireland tour of Bangladesh,bilateral_series,Sylhet International Cricket Stadium,Sylhet,Ireland,Bangladesh,1355719,https://www.espncricinfo.com/ci/engine/match/1355719.html,,,unverified_candidate,"site:espncricinfo.com ""Ireland"" ""Bangladesh"" ""2023-03-23"" preview pitch conditions",,,,,,,,,,,,,,,,
1362380,2023-03-23,Netherlands tour of Zimbabwe,bilateral_series,Harare Sports Club,Harare,Zimbabwe,Netherlands,1362380,https://www.espncricinfo.com/ci/engine/match/1362380.html,,,unverified_candidate,"site:espncricinfo.com ""Zimbabwe"" ""Netherlands"" ""2023-03-23"" preview pitch conditions",,,,,,,,,,,,,,,,
1322359,2023-03-25,Sri Lanka tour of New Zealand,bilateral_series,"Eden Park, Auckland",Auckland,New Zealand,Sri Lanka,1322359,https://www.espncricinfo.com/ci/engine/match/1322359.html,,,unverified_candidate,"site:espncricinfo.com ""New Zealand"" ""Sri Lanka"" ""2023-03-25"" preview pitch conditions",,,,,,,,,,,,,,,,
1362381,2023-03-25,Netherlands tour of Zimbabwe,bilateral_series,Harare Sports Club,Harare,Netherlands,Zimbabwe,1362381,https://www.espncricinfo.com/ci/engine/match/1362381.html,,,unverified_candidate,"site:espncricinfo.com ""Netherlands"" ""Zimbabwe"" ""2023-03-25"" preview pitch conditions",,,,,,,,,,,,,,,,
1365092,2023-03-26,ICC Cricket World Cup Qualifier Play-off,qualification_pathway,"Wanderers Cricket Ground, Windhoek",Windhoek,United States of America,Namibia,1365092,https://www.espncricinfo.com/ci/engine/match/1365092.html,,,unverified_candidate,"site:espncricinfo.com ""United States of America"" ""Namibia"" ""2023-03-26"" preview pitch conditions",,,,,,,,,,,,,,,,
1365093,2023-03-27,ICC Cricket World Cup Qualifier Play-off,qualification_pathway,"Wanderers Cricket Ground, Windhoek",Windhoek,United Arab Emirates,Papua New Guinea,1365093,https://www.espncricinfo.com/ci/engine/match/1365093.html,,,unverified_candidate,"site:espncricinfo.com ""United Arab Emirates"" ""Papua New Guinea"" ""2023-03-27"" preview pitch conditions",,,,,,,,,,,,,,,,
1365095,2023-03-29,ICC Cricket World Cup Qualifier Play-off,qualification_pathway,"Wanderers Cricket Ground, Windhoek",Windhoek,Canada,United States of America,1365095,https://www.espncricinfo.com/ci/engine/match/1365095.html,,,unverified_candidate,"site:espncricinfo.com ""Canada"" ""United States of America"" ""2023-03-29"" preview pitch conditions",,,,,,,,,,,,,,,,
1365097,2023-03-30,ICC Cricket World Cup Qualifier Play-off,qualification_pathway,"Wanderers Cricket Ground, Windhoek",Windhoek,Jersey,Namibia,1365097,https://www.espncricinfo.com/ci/engine/match/1365097.html,,,unverified_candidate,"site:espncricinfo.com ""Jersey"" ""Namibia"" ""2023-03-30"" preview pitch conditions",,,,,,,,,,,,,,,,
1365098,2023-03-30,ICC Cricket World Cup Qualifier Play-off,qualification_pathway,"United Cricket Club Ground, Windhoek",Windhoek,United Arab Emirates,United States of America,1365098,https://www.espncricinfo.com/ci/engine/match/1365098.html,,,unverified_candidate,"site:espncricinfo.com ""United Arab Emirates"" ""United States of America"" ""2023-03-30"" preview pitch conditions",,,,,,,,,,,,,,,,
1322361,2023-03-31,Sri Lanka tour of New Zealand,bilateral_series,"Seddon Park, Hamilton",Hamilton,Sri Lanka,New Zealand,1322361,https://www.espncricinfo.com/ci/engine/match/1322361.html,,,unverified_candidate,"site:espncricinfo.com ""Sri Lanka"" ""New Zealand"" ""2023-03-31"" preview pitch conditions",,,,,,,,,,,,,,,,
1339607,2023-03-31,Netherlands tour of South Africa,bilateral_series,"Willowmoore Park, Benoni",Benoni,Netherlands,South Africa,1339607,https://www.espncricinfo.com/ci/engine/match/1339607.html,,,unverified_candidate,"site:espncricinfo.com ""Netherlands"" ""South Africa"" ""2023-03-31"" preview pitch conditions",,,,,,,,,,,,,,,,
1365099,2023-04-01,ICC Cricket World Cup Qualifier Play-off,qualification_pathway,"Wanderers Cricket Ground, Windhoek",Windhoek,Canada,United Arab Emirates,1365099,https://www.espncricinfo.com/ci/engine/match/1365099.html,,,unverified_candidate,"site:espncricinfo.com ""Canada"" ""United Arab Emirates"" ""2023-04-01"" preview pitch conditions",,,,,,,,,,,,,,,,
1365100,2023-04-01,ICC Cricket World Cup Qualifier Play-off,qualification_pathway,"United Cricket Club Ground, Windhoek",Windhoek,Jersey,Papua New Guinea,1365100,https://www.espncricinfo.com/ci/engine/match/1365100.html,,,unverified_candidate,"site:espncricinfo.com ""Jersey"" ""Papua New Guinea"" ""2023-04-01"" preview pitch conditions",,,,,,,,,,,,,,,,
1339608,2023-04-02,Netherlands tour of South Africa,bilateral_series,"The Wanderers Stadium, Johannesburg",Johannesburg,South Africa,Netherlands,1339608,https://www.espncricinfo.com/ci/engine/match/1339608.html,,,unverified_candidate,"site:espncricinfo.com ""South Africa"" ""Netherlands"" ""2023-04-02"" preview pitch conditions",,,,,,,,,,,,,,,,
1365101,2023-04-02,ICC Cricket World Cup Qualifier Play-off,qualification_pathway,"Wanderers Cricket Ground, Windhoek",Windhoek,United States of America,Papua New Guinea,1365101,https://www.espncricinfo.com/ci/engine/match/1365101.html,,,unverified_candidate,"site:espncricinfo.com ""United States of America"" ""Papua New Guinea"" ""2023-04-02"" preview pitch conditions",,,,,,,,,,,,,,,,
1365102,2023-04-02,ICC Cricket World Cup Qualifier Play-off,qualification_pathway,"United Cricket Club Ground, Windhoek",Windhoek,United Arab Emirates,Namibia,1365102,https://www.espncricinfo.com/ci/engine/match/1365102.html,,,unverified_candidate,"site:espncricinfo.com ""United Arab Emirates"" ""Namibia"" ""2023-04-02"" preview pitch conditions",,,,,,,,,,,,,,,,
1365103,2023-04-04,ICC Cricket World Cup Qualifier Play-off,qualification_pathway,"Wanderers Cricket Ground, Windhoek",Windhoek,Namibia,Canada,1365103,https://www.espncricinfo.com/ci/engine/match/1365103.html,,,unverified_candidate,"site:espncricinfo.com ""Namibia"" ""Canada"" ""2023-04-04"" preview pitch conditions",,,,,,,,,,,,,,,,
1365104,2023-04-04,ICC Cricket World Cup Qualifier Play-off,qualification_pathway,"United Cricket Club Ground, Windhoek",Windhoek,United States of America,Jersey,1365104,https://www.espncricinfo.com/ci/engine/match/1365104.html,,,unverified_candidate,"site:espncricinfo.com ""United States of America"" ""Jersey"" ""2023-04-04"" preview pitch conditions",,,,,,,,,,,,,,,,
1365105,2023-04-05,ICC Cricket World Cup Qualifier Play-off,qualification_pathway,"Wanderers Cricket Ground, Windhoek",Windhoek,United Arab Emirates,Jersey,1365105,https://www.espncricinfo.com/ci/engine/match/1365105.html,,,unverified_candidate,"site:espncricinfo.com ""United Arab Emirates"" ""Jersey"" ""2023-04-05"" preview pitch conditions",,,,,,,,,,,,,,,,
1365106,2023-04-05,ICC Cricket World Cup Qualifier Play-off,qualification_pathway,"United Cricket Club Ground, Windhoek",Windhoek,Canada,Papua New Guinea,1365106,https://www.espncricinfo.com/ci/engine/match/1365106.html,,,unverified_candidate,"site:espncricinfo.com ""Canada"" ""Papua New Guinea"" ""2023-04-05"" preview pitch conditions",,,,,,,,,,,,,,,,
1367985,2023-04-21,ACC Men's Premier Cup,other_odi,"Tribhuvan University International Cricket Ground, Kirtipur",Kirtipur,Nepal,Oman,1367985,https://www.espncricinfo.com/ci/engine/match/1367985.html,,,unverified_candidate,"site:espncricinfo.com ""Nepal"" ""Oman"" ""2023-04-21"" preview pitch conditions",,,,,,,,,,,,,,,,
1339619,2023-04-27,New Zealand tour of Pakistan,bilateral_series,Rawalpindi Cricket Stadium,Rawalpindi,New Zealand,Pakistan,1339619,https://www.espncricinfo.com/ci/engine/match/1339619.html,,,unverified_candidate,"site:espncricinfo.com ""New Zealand"" ""Pakistan"" ""2023-04-27"" preview pitch conditions",,,,,,,,,,,,,,,,
1339620,2023-04-29,New Zealand tour of Pakistan,bilateral_series,Rawalpindi Cricket Stadium,Rawalpindi,New Zealand,Pakistan,1339620,https://www.espncricinfo.com/ci/engine/match/1339620.html,,,unverified_candidate,"site:espncricinfo.com ""New Zealand"" ""Pakistan"" ""2023-04-29"" preview pitch conditions",,,,,,,,,,,,,,,,
1368002,2023-05-01,ACC Men's Premier Cup,other_odi,"Tribhuvan University International Cricket Ground, Kirtipur",Kirtipur,United Arab Emirates,Nepal,1368002,https://www.espncricinfo.com/ci/engine/match/1368002.html,,,unverified_candidate,"site:espncricinfo.com ""United Arab Emirates"" ""Nepal"" ""2023-05-01"" preview pitch conditions",,,,,,,,,,,,,,,,
1339621,2023-05-03,New Zealand tour of Pakistan,bilateral_series,"National Stadium, Karachi",Karachi,Pakistan,New Zealand,1339621,https://www.espncricinfo.com/ci/engine/match/1339621.html,,,unverified_candidate,"site:espncricinfo.com ""Pakistan"" ""New Zealand"" ""2023-05-03"" preview pitch conditions",,,,,,,,,,,,,,,,
1339622,2023-05-05,New Zealand tour of Pakistan,bilateral_series,"National Stadium, Karachi",Karachi,Pakistan,New Zealand,1339622,https://www.espncricinfo.com/ci/engine/match/1339622.html,,,unverified_candidate,"site:espncricinfo.com ""Pakistan"" ""New Zealand"" ""2023-05-05"" preview pitch conditions",,,,,,,,,,,,,,,,
1339623,2023-05-07,New Zealand tour of Pakistan,bilateral_series,"National Stadium, Karachi",Karachi,New Zealand,Pakistan,1339623,https://www.espncricinfo.com/ci/engine/match/1339623.html,,,unverified_candidate,"site:espncricinfo.com ""New Zealand"" ""Pakistan"" ""2023-05-07"" preview pitch conditions",,,,,,,,,,,,,,,,
1364125,2023-05-12,ICC Men's Cricket World Cup Super League,qualification_pathway,"County Ground, Chelmsford",Chelmsford,Ireland,Bangladesh,1364125,https://www.espncricinfo.com/ci/engine/match/1364125.html,,,unverified_candidate,"site:espncricinfo.com ""Ireland"" ""Bangladesh"" ""2023-05-12"" preview pitch conditions",,,,,,,,,,,,,,,,
1365552,2023-05-14,ICC Men's Cricket World Cup Super League,qualification_pathway,"County Ground, Chelmsford",Chelmsford,Bangladesh,Ireland,1365552,https://www.espncricinfo.com/ci/engine/match/1365552.html,,,unverified_candidate,"site:espncricinfo.com ""Bangladesh"" ""Ireland"" ""2023-05-14"" preview pitch conditions",,,,,,,,,,,,,,,,
1377005,2023-06-04,West Indies tour of United Arab Emirates,bilateral_series,Sharjah Cricket Stadium,Sharjah,United Arab Emirates,West Indies,1377005,https://www.espncricinfo.com/ci/engine/match/1377005.html,,,unverified_candidate,"site:espncricinfo.com ""United Arab Emirates"" ""West Indies"" ""2023-06-04"" preview pitch conditions",,,,,,,,,,,,,,,,
1377006,2023-06-06,West Indies tour of United Arab Emirates,bilateral_series,Sharjah Cricket Stadium,Sharjah,West Indies,United Arab Emirates,1377006,https://www.espncricinfo.com/ci/engine/match/1377006.html,,,unverified_candidate,"site:espncricinfo.com ""West Indies"" ""United Arab Emirates"" ""2023-06-06"" preview pitch conditions",,,,,,,,,,,,,,,,
1377007,2023-06-09,West Indies tour of United Arab Emirates,bilateral_series,Sharjah Cricket Stadium,Sharjah,United Arab Emirates,West Indies,1377007,https://www.espncricinfo.com/ci/engine/match/1377007.html,,,unverified_candidate,"site:espncricinfo.com ""United Arab Emirates"" ""West Indies"" ""2023-06-09"" preview pitch conditions",,,,,,,,,,,,,,,,
1377746,2023-06-18,ICC Cricket World Cup Qualifier,qualification_pathway,Harare Sports Club,Harare,Nepal,Zimbabwe,1377746,https://www.espncricinfo.com/ci/engine/match/1377746.html,,,unverified_candidate,"site:espncricinfo.com ""Nepal"" ""Zimbabwe"" ""2023-06-18"" preview pitch conditions",,,,,,,,,,,,,,,,
1377747,2023-06-18,ICC Cricket World Cup Qualifier,qualification_pathway,"Takashinga Sports Club, Highfield, Harare",Harare,West Indies,United States of America,1377747,https://www.espncricinfo.com/ci/engine/match/1377747.html,,,unverified_candidate,"site:espncricinfo.com ""West Indies"" ""United States of America"" ""2023-06-18"" preview pitch conditions",,,,,,,,,,,,,,,,
1377748,2023-06-19,ICC Cricket World Cup Qualifier,qualification_pathway,"Queens Sports Club, Bulawayo",Bulawayo,Sri Lanka,United Arab Emirates,1377748,https://www.espncricinfo.com/ci/engine/match/1377748.html,,,unverified_candidate,"site:espncricinfo.com ""Sri Lanka"" ""United Arab Emirates"" ""2023-06-19"" preview pitch conditions",,,,,,,,,,,,,,,,
1377749,2023-06-19,ICC Cricket World Cup Qualifier,qualification_pathway,Bulawayo Athletic Club,Bulawayo,Ireland,Oman,1377749,https://www.espncricinfo.com/ci/engine/match/1377749.html,,,unverified_candidate,"site:espncricinfo.com ""Ireland"" ""Oman"" ""2023-06-19"" preview pitch conditions",,,,,,,,,,,,,,,,
1377750,2023-06-20,ICC Cricket World Cup Qualifier,qualification_pathway,Harare Sports Club,Harare,Netherlands,Zimbabwe,1377750,https://www.espncricinfo.com/ci/engine/match/1377750.html,,,unverified_candidate,"site:espncricinfo.com ""Netherlands"" ""Zimbabwe"" ""2023-06-20"" preview pitch conditions",,,,,,,,,,,,,,,,
1377751,2023-06-20,ICC Cricket World Cup Qualifier,qualification_pathway,"Takashinga Sports Club, Highfield, Harare",Harare,United States of America,Nepal,1377751,https://www.espncricinfo.com/ci/engine/match/1377751.html,,,unverified_candidate,"site:espncricinfo.com ""United States of America"" ""Nepal"" ""2023-06-20"" preview pitch conditions",,,,,,,,,,,,,,,,
1377752,2023-06-21,ICC Cricket World Cup Qualifier,qualification_pathway,"Queens Sports Club, Bulawayo",Bulawayo,Ireland,Scotland,1377752,https://www.espncricinfo.com/ci/engine/match/1377752.html,,,unverified_candidate,"site:espncricinfo.com ""Ireland"" ""Scotland"" ""2023-06-21"" preview pitch conditions",,,,,,,,,,,,,,,,
1377753,2023-06-21,ICC Cricket World Cup Qualifier,qualification_pathway,Bulawayo Athletic Club,Bulawayo,United Arab Emirates,Oman,1377753,https://www.espncricinfo.com/ci/engine/match/1377753.html,,,unverified_candidate,"site:espncricinfo.com ""United Arab Emirates"" ""Oman"" ""2023-06-21"" preview pitch conditions",,,,,,,,,,,,,,,,
1377754,2023-06-22,ICC Cricket World Cup Qualifier,qualification_pathway,Harare Sports Club,Harare,West Indies,Nepal,1377754,https://www.espncricinfo.com/ci/engine/match/1377754.html,,,unverified_candidate,"site:espncricinfo.com ""West Indies"" ""Nepal"" ""2023-06-22"" preview pitch conditions",,,,,,,,,,,,,,,,
1377755,2023-06-22,ICC Cricket World Cup Qualifier,qualification_pathway,"Takashinga Sports Club, Highfield, Harare",Harare,United States of America,Netherlands,1377755,https://www.espncricinfo.com/ci/engine/match/1377755.html,,,unverified_candidate,"site:espncricinfo.com ""United States of America"" ""Netherlands"" ""2023-06-22"" preview pitch conditions",,,,,,,,,,,,,,,,
1377756,2023-06-23,ICC Cricket World Cup Qualifier,qualification_pathway,"Queens Sports Club, Bulawayo",Bulawayo,Oman,Sri Lanka,1377756,https://www.espncricinfo.com/ci/engine/match/1377756.html,,,unverified_candidate,"site:espncricinfo.com ""Oman"" ""Sri Lanka"" ""2023-06-23"" preview pitch conditions",,,,,,,,,,,,,,,,
1377757,2023-06-23,ICC Cricket World Cup Qualifier,qualification_pathway,Bulawayo Athletic Club,Bulawayo,Scotland,United Arab Emirates,1377757,https://www.espncricinfo.com/ci/engine/match/1377757.html,,,unverified_candidate,"site:espncricinfo.com ""Scotland"" ""United Arab Emirates"" ""2023-06-23"" preview pitch conditions",,,,,,,,,,,,,,,,
1377758,2023-06-24,ICC Cricket World Cup Qualifier,qualification_pathway,Harare Sports Club,Harare,Zimbabwe,West Indies,1377758,https://www.espncricinfo.com/ci/engine/match/1377758.html,,,unverified_candidate,"site:espncricinfo.com ""Zimbabwe"" ""West Indies"" ""2023-06-24"" preview pitch conditions",,,,,,,,,,,,,,,,
1377759,2023-06-24,ICC Cricket World Cup Qualifier,qualification_pathway,"Takashinga Sports Club, Highfield, Harare",Harare,Nepal,Netherlands,1377759,https://www.espncricinfo.com/ci/engine/match/1377759.html,,,unverified_candidate,"site:espncricinfo.com ""Nepal"" ""Netherlands"" ""2023-06-24"" preview pitch conditions",,,,,,,,,,,,,,,,
1377760,2023-06-25,ICC Cricket World Cup Qualifier,qualification_pathway,"Queens Sports Club, Bulawayo",Bulawayo,Sri Lanka,Ireland,1377760,https://www.espncricinfo.com/ci/engine/match/1377760.html,,,unverified_candidate,"site:espncricinfo.com ""Sri Lanka"" ""Ireland"" ""2023-06-25"" preview pitch conditions",,,,,,,,,,,,,,,,
1377761,2023-06-25,ICC Cricket World Cup Qualifier,qualification_pathway,Bulawayo Athletic Club,Bulawayo,Scotland,Oman,1377761,https://www.espncricinfo.com/ci/engine/match/1377761.html,,,unverified_candidate,"site:espncricinfo.com ""Scotland"" ""Oman"" ""2023-06-25"" preview pitch conditions",,,,,,,,,,,,,,,,
1377762,2023-06-26,ICC Cricket World Cup Qualifier,qualification_pathway,Harare Sports Club,Harare,Zimbabwe,United States of America,1377762,https://www.espncricinfo.com/ci/engine/match/1377762.html,,,unverified_candidate,"site:espncricinfo.com ""Zimbabwe"" ""United States of America"" ""2023-06-26"" preview pitch conditions",,,,,,,,,,,,,,,,
1377764,2023-06-27,ICC Cricket World Cup Qualifier,qualification_pathway,"Queens Sports Club, Bulawayo",Bulawayo,Sri Lanka,Scotland,1377764,https://www.espncricinfo.com/ci/engine/match/1377764.html,,,unverified_candidate,"site:espncricinfo.com ""Sri Lanka"" ""Scotland"" ""2023-06-27"" preview pitch conditions",,,,,,,,,,,,,,,,
1377765,2023-06-27,ICC Cricket World Cup Qualifier,qualification_pathway,Bulawayo Athletic Club,Bulawayo,Ireland,United Arab Emirates,1377765,https://www.espncricinfo.com/ci/engine/match/1377765.html,,,unverified_candidate,"site:espncricinfo.com ""Ireland"" ""United Arab Emirates"" ""2023-06-27"" preview pitch conditions",,,,,,,,,,,,,,,,
1377766,2023-06-29,ICC Cricket World Cup Qualifier,qualification_pathway,"Queens Sports Club, Bulawayo",Bulawayo,Zimbabwe,Oman,1377766,https://www.espncricinfo.com/ci/engine/match/1377766.html,,,unverified_candidate,"site:espncricinfo.com ""Zimbabwe"" ""Oman"" ""2023-06-29"" preview pitch conditions",,,,,,,,,,,,,,,,
1377767,2023-06-30,ICC Cricket World Cup Qualifier,qualification_pathway,"Queens Sports Club, Bulawayo",Bulawayo,Sri Lanka,Netherlands,1377767,https://www.espncricinfo.com/ci/engine/match/1377767.html,,,unverified_candidate,"site:espncricinfo.com ""Sri Lanka"" ""Netherlands"" ""2023-06-30"" preview pitch conditions",,,,,,,,,,,,,,,,
1377768,2023-06-30,ICC Cricket World Cup Qualifier,qualification_pathway,"Takashinga Sports Club, Highfield, Harare",Harare,United States of America,Ireland,1377768,https://www.espncricinfo.com/ci/engine/match/1377768.html,,,unverified_candidate,"site:espncricinfo.com ""United States of America"" ""Ireland"" ""2023-06-30"" preview pitch conditions",,,,,,,,,,,,,,,,
1377769,2023-07-01,ICC Cricket World Cup Qualifier,qualification_pathway,Harare Sports Club,Harare,West Indies,Scotland,1377769,https://www.espncricinfo.com/ci/engine/match/1377769.html,,,unverified_candidate,"site:espncricinfo.com ""West Indies"" ""Scotland"" ""2023-07-01"" preview pitch conditions",,,,,,,,,,,,,,,,
1377770,2023-07-02,ICC Cricket World Cup Qualifier,qualification_pathway,"Queens Sports Club, Bulawayo",Bulawayo,Zimbabwe,Sri Lanka,1377770,https://www.espncricinfo.com/ci/engine/match/1377770.html,,,unverified_candidate,"site:espncricinfo.com ""Zimbabwe"" ""Sri Lanka"" ""2023-07-02"" preview pitch conditions",,,,,,,,,,,,,,,,
1377771,2023-07-02,ICC Cricket World Cup Qualifier,qualification_pathway,"Takashinga Sports Club, Highfield, Harare",Harare,United Arab Emirates,Nepal,1377771,https://www.espncricinfo.com/ci/engine/match/1377771.html,,,unverified_candidate,"site:espncricinfo.com ""United Arab Emirates"" ""Nepal"" ""2023-07-02"" preview pitch conditions",,,,,,,,,,,,,,,,
1377773,2023-07-04,ICC Cricket World Cup Qualifier,qualification_pathway,"Queens Sports Club, Bulawayo",Bulawayo,Scotland,Zimbabwe,1377773,https://www.espncricinfo.com/ci/engine/match/1377773.html,,,unverified_candidate,"site:espncricinfo.com ""Scotland"" ""Zimbabwe"" ""2023-07-04"" preview pitch conditions",,,,,,,,,,,,,,,,
1377774,2023-07-04,ICC Cricket World Cup Qualifier,qualification_pathway,"Takashinga Sports Club, Highfield, Harare",Harare,Nepal,Ireland,1377774,https://www.espncricinfo.com/ci/engine/match/1377774.html,,,unverified_candidate,"site:espncricinfo.com ""Nepal"" ""Ireland"" ""2023-07-04"" preview pitch conditions",,,,,,,,,,,,,,,,
1377775,2023-07-05,ICC Cricket World Cup Qualifier,qualification_pathway,Harare Sports Club,Harare,Oman,West Indies,1377775,https://www.espncricinfo.com/ci/engine/match/1377775.html,,,unverified_candidate,"site:espncricinfo.com ""Oman"" ""West Indies"" ""2023-07-05"" preview pitch conditions",,,,,,,,,,,,,,,,
1377776,2023-07-06,ICC Cricket World Cup Qualifier,qualification_pathway,"Queens Sports Club, Bulawayo",Bulawayo,Scotland,Netherlands,1377776,https://www.espncricinfo.com/ci/engine/match/1377776.html,,,unverified_candidate,"site:espncricinfo.com ""Scotland"" ""Netherlands"" ""2023-07-06"" preview pitch conditions",,,,,,,,,,,,,,,,
1377777,2023-07-06,ICC Cricket World Cup Qualifier,qualification_pathway,"Takashinga Sports Club, Highfield, Harare",Harare,United Arab Emirates,United States of America,1377777,https://www.espncricinfo.com/ci/engine/match/1377777.html,,,unverified_candidate,"site:espncricinfo.com ""United Arab Emirates"" ""United States of America"" ""2023-07-06"" preview pitch conditions",,,,,,,,,,,,,,,,
1377778,2023-07-07,ICC Cricket World Cup Qualifier,qualification_pathway,Harare Sports Club,Harare,West Indies,Sri Lanka,1377778,https://www.espncricinfo.com/ci/engine/match/1377778.html,,,unverified_candidate,"site:espncricinfo.com ""West Indies"" ""Sri Lanka"" ""2023-07-07"" preview pitch conditions",,,,,,,,,,,,,,,,
1377779,2023-07-09,ICC Cricket World Cup Qualifier,qualification_pathway,Harare Sports Club,Harare,Sri Lanka,Netherlands,1377779,https://www.espncricinfo.com/ci/engine/match/1377779.html,,,unverified_candidate,"site:espncricinfo.com ""Sri Lanka"" ""Netherlands"" ""2023-07-09"" preview pitch conditions",,,,,,,,,,,,,,,,
1381214,2023-07-27,India tour of West Indies,bilateral_series,"Kensington Oval, Bridgetown, Barbados",Bridgetown,West Indies,India,1381214,https://www.espncricinfo.com/ci/engine/match/1381214.html,,,unverified_candidate,"site:espncricinfo.com ""West Indies"" ""India"" ""2023-07-27"" preview pitch conditions",,,,,,,,,,,,,,,,
1381215,2023-07-29,India tour of West Indies and United States of America,bilateral_series,"Kensington Oval, Bridgetown, Barbados",Bridgetown,India,West Indies,1381215,https://www.espncricinfo.com/ci/engine/match/1381215.html,,,unverified_candidate,"site:espncricinfo.com ""India"" ""West Indies"" ""2023-07-29"" preview pitch conditions",,,,,,,,,,,,,,,,
1381216,2023-08-01,India tour of West Indies and United States of America,bilateral_series,"Brian Lara Stadium, Tarouba, Trinidad",Tarouba,India,West Indies,1381216,https://www.espncricinfo.com/ci/engine/match/1381216.html,,,unverified_candidate,"site:espncricinfo.com ""India"" ""West Indies"" ""2023-08-01"" preview pitch conditions",,,,,,,,,,,,,,,,
1388392,2023-08-30,Asia Cup,continental_cup,Multan Cricket Stadium,Multan,Pakistan,Nepal,1388392,https://www.espncricinfo.com/ci/engine/match/1388392.html,,,unverified_candidate,"site:espncricinfo.com ""Pakistan"" ""Nepal"" ""2023-08-30"" preview pitch conditions",,,,,,,,,,,,,,,,
1388393,2023-08-31,Asia Cup,continental_cup,Pallekele International Cricket Stadium,Kandy,Bangladesh,Sri Lanka,1388393,https://www.espncricinfo.com/ci/engine/match/1388393.html,,,unverified_candidate,"site:espncricinfo.com ""Bangladesh"" ""Sri Lanka"" ""2023-08-31"" preview pitch conditions",,,,,,,,,,,,,,,,
1388401,2023-09-06,Asia Cup,continental_cup,"Gaddafi Stadium, Lahore",Lahore,Bangladesh,Pakistan,1388401,https://www.espncricinfo.com/ci/engine/match/1388401.html,,,unverified_candidate,"site:espncricinfo.com ""Bangladesh"" ""Pakistan"" ""2023-09-06"" preview pitch conditions",,,,,,,,,,,,,,,,
1373571,2023-09-07,Australia tour of South Africa,bilateral_series,"Mangaung Oval, Bloemfontein",Bloemfontein,South Africa,Australia,1373571,https://www.espncricinfo.com/ci/engine/match/1373571.html,,,unverified_candidate,"site:espncricinfo.com ""South Africa"" ""Australia"" ""2023-09-07"" preview pitch conditions",,,,,,,,,,,,,,,,
1336052,2023-09-08,New Zealand tour of England,bilateral_series,"Sophia Gardens, Cardiff",Cardiff,England,New Zealand,1336052,https://www.espncricinfo.com/ci/engine/match/1336052.html,,,unverified_candidate,"site:espncricinfo.com ""England"" ""New Zealand"" ""2023-09-08"" preview pitch conditions",,,,,,,,,,,,,,,,
1373572,2023-09-09,Australia tour of South Africa,bilateral_series,"Mangaung Oval, Bloemfontein",Bloemfontein,Australia,South Africa,1373572,https://www.espncricinfo.com/ci/engine/match/1373572.html,,,unverified_candidate,"site:espncricinfo.com ""Australia"" ""South Africa"" ""2023-09-09"" preview pitch conditions",,,,,,,,,,,,,,,,
1388403,2023-09-09,Asia Cup,continental_cup,"R Premadasa Stadium, Colombo",Colombo,Sri Lanka,Bangladesh,1388403,https://www.espncricinfo.com/ci/engine/match/1388403.html,,,unverified_candidate,"site:espncricinfo.com ""Sri Lanka"" ""Bangladesh"" ""2023-09-09"" preview pitch conditions",,,,,,,,,,,,,,,,
1336053,2023-09-10,New Zealand tour of England,bilateral_series,"The Rose Bowl, Southampton",Southampton,England,New Zealand,1336053,https://www.espncricinfo.com/ci/engine/match/1336053.html,,,unverified_candidate,"site:espncricinfo.com ""England"" ""New Zealand"" ""2023-09-10"" preview pitch conditions",,,,,,,,,,,,,,,,
1388406,2023-09-10,Asia Cup,continental_cup,"R Premadasa Stadium, Colombo",Colombo,India,Pakistan,1388406,https://www.espncricinfo.com/ci/engine/match/1388406.html,,,unverified_candidate,"site:espncricinfo.com ""India"" ""Pakistan"" ""2023-09-10"" preview pitch conditions",,,,,,,,,,,,,,,,
1373573,2023-09-12,Australia tour of South Africa,bilateral_series,"Sedgars Park, Potchefstroom",Potchefstroom,South Africa,Australia,1373573,https://www.espncricinfo.com/ci/engine/match/1373573.html,,,unverified_candidate,"site:espncricinfo.com ""South Africa"" ""Australia"" ""2023-09-12"" preview pitch conditions",,,,,,,,,,,,,,,,
1388407,2023-09-12,Asia Cup,continental_cup,"R Premadasa Stadium, Colombo",Colombo,India,Sri Lanka,1388407,https://www.espncricinfo.com/ci/engine/match/1388407.html,,,unverified_candidate,"site:espncricinfo.com ""India"" ""Sri Lanka"" ""2023-09-12"" preview pitch conditions",,,,,,,,,,,,,,,,
1336054,2023-09-13,New Zealand tour of England,bilateral_series,"Kennington Oval, London",London,England,New Zealand,1336054,https://www.espncricinfo.com/ci/engine/match/1336054.html,,,unverified_candidate,"site:espncricinfo.com ""England"" ""New Zealand"" ""2023-09-13"" preview pitch conditions",,,,,,,,,,,,,,,,
1336055,2023-09-15,New Zealand tour of England,bilateral_series,"Lord's, London",London,England,New Zealand,1336055,https://www.espncricinfo.com/ci/engine/match/1336055.html,,,unverified_candidate,"site:espncricinfo.com ""England"" ""New Zealand"" ""2023-09-15"" preview pitch conditions",,,,,,,,,,,,,,,,
1373574,2023-09-15,Australia tour of South Africa,bilateral_series,"SuperSport Park, Centurion",Centurion,South Africa,Australia,1373574,https://www.espncricinfo.com/ci/engine/match/1373574.html,,,unverified_candidate,"site:espncricinfo.com ""South Africa"" ""Australia"" ""2023-09-15"" preview pitch conditions",,,,,,,,,,,,,,,,
1388412,2023-09-15,Asia Cup,continental_cup,"R Premadasa Stadium, Colombo",Colombo,Bangladesh,India,1388412,https://www.espncricinfo.com/ci/engine/match/1388412.html,,,unverified_candidate,"site:espncricinfo.com ""Bangladesh"" ""India"" ""2023-09-15"" preview pitch conditions",,,,,,,,,,,,,,,,
1373575,2023-09-17,Australia tour of South Africa,bilateral_series,"The Wanderers Stadium, Johannesburg",Johannesburg,South Africa,Australia,1373575,https://www.espncricinfo.com/ci/engine/match/1373575.html,,,unverified_candidate,"site:espncricinfo.com ""South Africa"" ""Australia"" ""2023-09-17"" preview pitch conditions",,,,,,,,,,,,,,,,
1389388,2023-09-22,Australia tour of India,bilateral_series,"Punjab Cricket Association IS Bindra Stadium, Mohali, Chandigarh",Chandigarh,Australia,India,1389388,https://www.espncricinfo.com/ci/engine/match/1389388.html,,,unverified_candidate,"site:espncricinfo.com ""Australia"" ""India"" ""2023-09-22"" preview pitch conditions",,,,,,,,,,,,,,,,
1336129,2023-09-23,Ireland tour of England,bilateral_series,"Trent Bridge, Nottingham",Nottingham,England,Ireland,1336129,https://www.espncricinfo.com/ci/engine/match/1336129.html,,,unverified_candidate,"site:espncricinfo.com ""England"" ""Ireland"" ""2023-09-23"" preview pitch conditions",,,,,,,,,,,,,,,,
1395701,2023-09-23,New Zealand tour of Bangladesh,bilateral_series,"Shere Bangla National Stadium, Mirpur",Dhaka,New Zealand,Bangladesh,1395701,https://www.espncricinfo.com/ci/engine/match/1395701.html,,,unverified_candidate,"site:espncricinfo.com ""New Zealand"" ""Bangladesh"" ""2023-09-23"" preview pitch conditions",,,,,,,,,,,,,,,,
1395702,2023-09-26,New Zealand tour of Bangladesh,bilateral_series,"Shere Bangla National Stadium, Mirpur",Dhaka,Bangladesh,New Zealand,1395702,https://www.espncricinfo.com/ci/engine/match/1395702.html,,,unverified_candidate,"site:espncricinfo.com ""Bangladesh"" ""New Zealand"" ""2023-09-26"" preview pitch conditions",,,,,,,,,,,,,,,,
1389390,2023-09-27,Australia tour of India,bilateral_series,"Saurashtra Cricket Association Stadium, Rajkot",Rajkot,Australia,India,1389390,https://www.espncricinfo.com/ci/engine/match/1389390.html,,,unverified_candidate,"site:espncricinfo.com ""Australia"" ""India"" ""2023-09-27"" preview pitch conditions",,,,,,,,,,,,,,,,
1384392,2023-10-05,ICC Cricket World Cup,world_cup,"Narendra Modi Stadium, Ahmedabad",Ahmedabad,England,New Zealand,1384392,https://www.espncricinfo.com/ci/engine/match/1384392.html,,,unverified_candidate,"site:espncricinfo.com ""England"" ""New Zealand"" ""2023-10-05"" preview pitch conditions",,,,,,,,,,,,,,,,
1384393,2023-10-06,ICC Cricket World Cup,world_cup,"Rajiv Gandhi International Stadium, Uppal, Hyderabad",Hyderabad,Pakistan,Netherlands,1384393,https://www.espncricinfo.com/ci/engine/match/1384393.html,,,unverified_candidate,"site:espncricinfo.com ""Pakistan"" ""Netherlands"" ""2023-10-06"" preview pitch conditions",,,,,,,,,,,,,,,,
1384395,2023-10-07,ICC Cricket World Cup,world_cup,"Arun Jaitley Stadium, Delhi",Delhi,South Africa,Sri Lanka,1384395,https://www.espncricinfo.com/ci/engine/match/1384395.html,,,unverified_candidate,"site:espncricinfo.com ""South Africa"" ""Sri Lanka"" ""2023-10-07"" preview pitch conditions",,,,,,,,,,,,,,,,
1384396,2023-10-08,ICC Cricket World Cup,world_cup,"MA Chidambaram Stadium, Chepauk, Chennai",Chennai,Australia,India,1384396,https://www.espncricinfo.com/ci/engine/match/1384396.html,,,unverified_candidate,"site:espncricinfo.com ""Australia"" ""India"" ""2023-10-08"" preview pitch conditions",,,,,,,,,,,,,,,,
1384397,2023-10-09,ICC Cricket World Cup,world_cup,"Rajiv Gandhi International Stadium, Uppal, Hyderabad",Hyderabad,New Zealand,Netherlands,1384397,https://www.espncricinfo.com/ci/engine/match/1384397.html,,,unverified_candidate,"site:espncricinfo.com ""New Zealand"" ""Netherlands"" ""2023-10-09"" preview pitch conditions",,,,,,,,,,,,,,,,
1384398,2023-10-10,ICC Cricket World Cup,world_cup,"Himachal Pradesh Cricket Association Stadium, Dharamsala",Dharamsala,England,Bangladesh,1384398,https://www.espncricinfo.com/ci/engine/match/1384398.html,,,unverified_candidate,"site:espncricinfo.com ""England"" ""Bangladesh"" ""2023-10-10"" preview pitch conditions",,,,,,,,,,,,,,,,
1384399,2023-10-10,ICC Cricket World Cup,world_cup,"Rajiv Gandhi International Stadium, Uppal, Hyderabad",Hyderabad,Sri Lanka,Pakistan,1384399,https://www.espncricinfo.com/ci/engine/match/1384399.html,,,unverified_candidate,"site:espncricinfo.com ""Sri Lanka"" ""Pakistan"" ""2023-10-10"" preview pitch conditions",,,,,,,,,,,,,,,,
1384401,2023-10-12,ICC Cricket World Cup,world_cup,"Bharat Ratna Shri Atal Bihari Vajpayee Ekana Cricket Stadium, Lucknow",Lucknow,South Africa,Australia,1384401,https://www.espncricinfo.com/ci/engine/match/1384401.html,,,unverified_candidate,"site:espncricinfo.com ""South Africa"" ""Australia"" ""2023-10-12"" preview pitch conditions",,,,,,,,,,,,,,,,
1384402,2023-10-13,ICC Cricket World Cup,world_cup,"MA Chidambaram Stadium, Chepauk, Chennai",Chennai,Bangladesh,New Zealand,1384402,https://www.espncricinfo.com/ci/engine/match/1384402.html,,,unverified_candidate,"site:espncricinfo.com ""Bangladesh"" ""New Zealand"" ""2023-10-13"" preview pitch conditions",,,,,,,,,,,,,,,,
1384403,2023-10-14,ICC Cricket World Cup,world_cup,"Narendra Modi Stadium, Ahmedabad",Ahmedabad,Pakistan,India,1384403,https://www.espncricinfo.com/ci/engine/match/1384403.html,,,unverified_candidate,"site:espncricinfo.com ""Pakistan"" ""India"" ""2023-10-14"" preview pitch conditions",,,,,,,,,,,,,,,,
1384405,2023-10-16,ICC Cricket World Cup,world_cup,"Bharat Ratna Shri Atal Bihari Vajpayee Ekana Cricket Stadium, Lucknow",Lucknow,Sri Lanka,Australia,1384405,https://www.espncricinfo.com/ci/engine/match/1384405.html,,,unverified_candidate,"site:espncricinfo.com ""Sri Lanka"" ""Australia"" ""2023-10-16"" preview pitch conditions",,,,,,,,,,,,,,,,
1384406,2023-10-17,ICC Cricket World Cup,world_cup,"Himachal Pradesh Cricket Association Stadium, Dharamsala",Dharamsala,Netherlands,South Africa,1384406,https://www.espncricinfo.com/ci/engine/match/1384406.html,,,unverified_candidate,"site:espncricinfo.com ""Netherlands"" ""South Africa"" ""2023-10-17"" preview pitch conditions",,,,,,,,,,,,,,,,
1384408,2023-10-19,ICC Cricket World Cup,world_cup,"Maharashtra Cricket Association Stadium, Pune",Pune,Bangladesh,India,1384408,https://www.espncricinfo.com/ci/engine/match/1384408.html,,,unverified_candidate,"site:espncricinfo.com ""Bangladesh"" ""India"" ""2023-10-19"" preview pitch conditions",,,,,,,,,,,,,,,,
1384409,2023-10-20,ICC Cricket World Cup,world_cup,"M Chinnaswamy Stadium, Bengaluru",Bengaluru,Australia,Pakistan,1384409,https://www.espncricinfo.com/ci/engine/match/1384409.html,,,unverified_candidate,"site:espncricinfo.com ""Australia"" ""Pakistan"" ""2023-10-20"" preview pitch conditions",,,,,,,,,,,,,,,,
1384410,2023-10-21,ICC Cricket World Cup,world_cup,"Bharat Ratna Shri Atal Bihari Vajpayee Ekana Cricket Stadium, Lucknow",Lucknow,Netherlands,Sri Lanka,1384410,https://www.espncricinfo.com/ci/engine/match/1384410.html,,,unverified_candidate,"site:espncricinfo.com ""Netherlands"" ""Sri Lanka"" ""2023-10-21"" preview pitch conditions",,,,,,,,,,,,,,,,
1384411,2023-10-21,ICC Cricket World Cup,world_cup,"Wankhede Stadium, Mumbai",Mumbai,South Africa,England,1384411,https://www.espncricinfo.com/ci/engine/match/1384411.html,,,unverified_candidate,"site:espncricinfo.com ""South Africa"" ""England"" ""2023-10-21"" preview pitch conditions",,,,,,,,,,,,,,,,
1384412,2023-10-22,ICC Cricket World Cup,world_cup,"Himachal Pradesh Cricket Association Stadium, Dharamsala",Dharamsala,New Zealand,India,1384412,https://www.espncricinfo.com/ci/engine/match/1384412.html,,,unverified_candidate,"site:espncricinfo.com ""New Zealand"" ""India"" ""2023-10-22"" preview pitch conditions",,,,,,,,,,,,,,,,
1384414,2023-10-24,ICC Cricket World Cup,world_cup,"Wankhede Stadium, Mumbai",Mumbai,South Africa,Bangladesh,1384414,https://www.espncricinfo.com/ci/engine/match/1384414.html,,,unverified_candidate,"site:espncricinfo.com ""South Africa"" ""Bangladesh"" ""2023-10-24"" preview pitch conditions",,,,,,,,,,,,,,,,
1384415,2023-10-25,ICC Cricket World Cup,world_cup,"Arun Jaitley Stadium, Delhi",Delhi,Australia,Netherlands,1384415,https://www.espncricinfo.com/ci/engine/match/1384415.html,,,unverified_candidate,"site:espncricinfo.com ""Australia"" ""Netherlands"" ""2023-10-25"" preview pitch conditions",,,,,,,,,,,,,,,,
1384416,2023-10-26,ICC Cricket World Cup,world_cup,"M Chinnaswamy Stadium, Bengaluru",Bengaluru,England,Sri Lanka,1384416,https://www.espncricinfo.com/ci/engine/match/1384416.html,,,unverified_candidate,"site:espncricinfo.com ""England"" ""Sri Lanka"" ""2023-10-26"" preview pitch conditions",,,,,,,,,,,,,,,,
1384417,2023-10-27,ICC Cricket World Cup,world_cup,"MA Chidambaram Stadium, Chepauk, Chennai",Chennai,Pakistan,South Africa,1384417,https://www.espncricinfo.com/ci/engine/match/1384417.html,,,unverified_candidate,"site:espncricinfo.com ""Pakistan"" ""South Africa"" ""2023-10-27"" preview pitch conditions",,,,,,,,,,,,,,,,
1384418,2023-10-28,ICC Cricket World Cup,world_cup,"Himachal Pradesh Cricket Association Stadium, Dharamsala",Dharamsala,Australia,New Zealand,1384418,https://www.espncricinfo.com/ci/engine/match/1384418.html,,,unverified_candidate,"site:espncricinfo.com ""Australia"" ""New Zealand"" ""2023-10-28"" preview pitch conditions",,,,,,,,,,,,,,,,
1384419,2023-10-28,ICC Cricket World Cup,world_cup,"Eden Gardens, Kolkata",Kolkata,Netherlands,Bangladesh,1384419,https://www.espncricinfo.com/ci/engine/match/1384419.html,,,unverified_candidate,"site:espncricinfo.com ""Netherlands"" ""Bangladesh"" ""2023-10-28"" preview pitch conditions",,,,,,,,,,,,,,,,
1384420,2023-10-29,ICC Cricket World Cup,world_cup,"Bharat Ratna Shri Atal Bihari Vajpayee Ekana Cricket Stadium, Lucknow",Lucknow,India,England,1384420,https://www.espncricinfo.com/ci/engine/match/1384420.html,,,unverified_candidate,"site:espncricinfo.com ""India"" ""England"" ""2023-10-29"" preview pitch conditions",,,,,,,,,,,,,,,,
1384422,2023-10-31,ICC Cricket World Cup,world_cup,"Eden Gardens, Kolkata",Kolkata,Bangladesh,Pakistan,1384422,https://www.espncricinfo.com/ci/engine/match/1384422.html,,,unverified_candidate,"site:espncricinfo.com ""Bangladesh"" ""Pakistan"" ""2023-10-31"" preview pitch conditions",,,,,,,,,,,,,,,,
1384423,2023-11-01,ICC Cricket World Cup,world_cup,"Maharashtra Cricket Association Stadium, Pune",Pune,South Africa,New Zealand,1384423,https://www.espncricinfo.com/ci/engine/match/1384423.html,,,unverified_candidate,"site:espncricinfo.com ""South Africa"" ""New Zealand"" ""2023-11-01"" preview pitch conditions",,,,,,,,,,,,,,,,
1384424,2023-11-02,ICC Cricket World Cup,world_cup,"Wankhede Stadium, Mumbai",Mumbai,India,Sri Lanka,1384424,https://www.espncricinfo.com/ci/engine/match/1384424.html,,,unverified_candidate,"site:espncricinfo.com ""India"" ""Sri Lanka"" ""2023-11-02"" preview pitch conditions",,,,,,,,,,,,,,,,
1384427,2023-11-04,ICC Cricket World Cup,world_cup,"Narendra Modi Stadium, Ahmedabad",Ahmedabad,Australia,England,1384427,https://www.espncricinfo.com/ci/engine/match/1384427.html,,,unverified_candidate,"site:espncricinfo.com ""Australia"" ""England"" ""2023-11-04"" preview pitch conditions",,,,,,,,,,,,,,,,
1384428,2023-11-05,ICC Cricket World Cup,world_cup,"Eden Gardens, Kolkata",Kolkata,India,South Africa,1384428,https://www.espncricinfo.com/ci/engine/match/1384428.html,,,unverified_candidate,"site:espncricinfo.com ""India"" ""South Africa"" ""2023-11-05"" preview pitch conditions",,,,,,,,,,,,,,,,
1384429,2023-11-06,ICC Cricket World Cup,world_cup,"Arun Jaitley Stadium, Delhi",Delhi,Sri Lanka,Bangladesh,1384429,https://www.espncricinfo.com/ci/engine/match/1384429.html,,,unverified_candidate,"site:espncricinfo.com ""Sri Lanka"" ""Bangladesh"" ""2023-11-06"" preview pitch conditions",,,,,,,,,,,,,,,,
1384431,2023-11-08,ICC Cricket World Cup,world_cup,"Maharashtra Cricket Association Stadium, Pune",Pune,England,Netherlands,1384431,https://www.espncricinfo.com/ci/engine/match/1384431.html,,,unverified_candidate,"site:espncricinfo.com ""England"" ""Netherlands"" ""2023-11-08"" preview pitch conditions",,,,,,,,,,,,,,,,
1384432,2023-11-09,ICC Cricket World Cup,world_cup,"M Chinnaswamy Stadium, Bengaluru",Bengaluru,Sri Lanka,New Zealand,1384432,https://www.espncricinfo.com/ci/engine/match/1384432.html,,,unverified_candidate,"site:espncricinfo.com ""Sri Lanka"" ""New Zealand"" ""2023-11-09"" preview pitch conditions",,,,,,,,,,,,,,,,
1384434,2023-11-11,ICC Cricket World Cup,world_cup,"Maharashtra Cricket Association Stadium, Pune",Pune,Bangladesh,Australia,1384434,https://www.espncricinfo.com/ci/engine/match/1384434.html,,,unverified_candidate,"site:espncricinfo.com ""Bangladesh"" ""Australia"" ""2023-11-11"" preview pitch conditions",,,,,,,,,,,,,,,,
1384435,2023-11-11,ICC Cricket World Cup,world_cup,"Eden Gardens, Kolkata",Kolkata,England,Pakistan,1384435,https://www.espncricinfo.com/ci/engine/match/1384435.html,,,unverified_candidate,"site:espncricinfo.com ""England"" ""Pakistan"" ""2023-11-11"" preview pitch conditions",,,,,,,,,,,,,,,,
1384436,2023-11-12,ICC Cricket World Cup,world_cup,"M Chinnaswamy Stadium, Bengaluru",Bengaluru,India,Netherlands,1384436,https://www.espncricinfo.com/ci/engine/match/1384436.html,,,unverified_candidate,"site:espncricinfo.com ""India"" ""Netherlands"" ""2023-11-12"" preview pitch conditions",,,,,,,,,,,,,,,,
1384437,2023-11-15,ICC Cricket World Cup,world_cup,"Wankhede Stadium, Mumbai",Mumbai,India,New Zealand,1384437,https://www.espncricinfo.com/ci/engine/match/1384437.html,,,unverified_candidate,"site:espncricinfo.com ""India"" ""New Zealand"" ""2023-11-15"" preview pitch conditions",,,,,,,,,,,,,,,,
1384438,2023-11-16,ICC Cricket World Cup,world_cup,"Eden Gardens, Kolkata",Kolkata,South Africa,Australia,1384438,https://www.espncricinfo.com/ci/engine/match/1384438.html,,,unverified_candidate,"site:espncricinfo.com ""South Africa"" ""Australia"" ""2023-11-16"" preview pitch conditions",,,,,,,,,,,,,,,,
1384439,2023-11-19,ICC Cricket World Cup,world_cup,"Narendra Modi Stadium, Ahmedabad",Ahmedabad,India,Australia,1384439,https://www.espncricinfo.com/ci/engine/match/1384439.html,,,unverified_candidate,"site:espncricinfo.com ""India"" ""Australia"" ""2023-11-19"" preview pitch conditions",,,,,,,,,,,,,,,,
1373576,2023-12-03,England tour of West Indies,bilateral_series,"Sir Vivian Richards Stadium, North Sound, Antigua",North Sound,England,West Indies,1373576,https://www.espncricinfo.com/ci/engine/match/1373576.html,,,unverified_candidate,"site:espncricinfo.com ""England"" ""West Indies"" ""2023-12-03"" preview pitch conditions",,,,,,,,,,,,,,,,
1373577,2023-12-06,England tour of West Indies,bilateral_series,"Sir Vivian Richards Stadium, North Sound, Antigua",North Sound,West Indies,England,1373577,https://www.espncricinfo.com/ci/engine/match/1373577.html,,,unverified_candidate,"site:espncricinfo.com ""West Indies"" ""England"" ""2023-12-06"" preview pitch conditions",,,,,,,,,,,,,,,,
1408107,2023-12-15,Ireland tour of Zimbabwe,bilateral_series,Harare Sports Club,Harare,Zimbabwe,Ireland,1408107,https://www.espncricinfo.com/ci/engine/match/1408107.html,,,unverified_candidate,"site:espncricinfo.com ""Zimbabwe"" ""Ireland"" ""2023-12-15"" preview pitch conditions",,,,,,,,,,,,,,,,
1387600,2023-12-17,India tour of South Africa,bilateral_series,"The Wanderers Stadium, Johannesburg",Johannesburg,South Africa,India,1387600,https://www.espncricinfo.com/ci/engine/match/1387600.html,,,unverified_candidate,"site:espncricinfo.com ""South Africa"" ""India"" ""2023-12-17"" preview pitch conditions",,,,,,,,,,,,,,,,
1387601,2023-12-19,India tour of South Africa,bilateral_series,"St George's Park, Gqeberha",Gqeberha,India,South Africa,1387601,https://www.espncricinfo.com/ci/engine/match/1387601.html,,,unverified_candidate,"site:espncricinfo.com ""India"" ""South Africa"" ""2023-12-19"" preview pitch conditions",,,,,,,,,,,,,,,,
1388211,2023-12-20,Bangladesh tour of New Zealand,bilateral_series,"Saxton Oval, Nelson",Nelson,Bangladesh,New Zealand,1388211,https://www.espncricinfo.com/ci/engine/match/1388211.html,,,unverified_candidate,"site:espncricinfo.com ""Bangladesh"" ""New Zealand"" ""2023-12-20"" preview pitch conditions",,,,,,,,,,,,,,,,
1387602,2023-12-21,India tour of South Africa,bilateral_series,"Boland Park, Paarl",Paarl,India,South Africa,1387602,https://www.espncricinfo.com/ci/engine/match/1387602.html,,,unverified_candidate,"site:espncricinfo.com ""India"" ""South Africa"" ""2023-12-21"" preview pitch conditions",,,,,,,,,,,,,,,,
1388212,2023-12-23,Bangladesh tour of New Zealand,bilateral_series,"McLean Park, Napier",Napier,New Zealand,Bangladesh,1388212,https://www.espncricinfo.com/ci/engine/match/1388212.html,,,unverified_candidate,"site:espncricinfo.com ""New Zealand"" ""Bangladesh"" ""2023-12-23"" preview pitch conditions",,,,,,,,,,,,,,,,
1412540,2024-01-08,Zimbabwe tour of Sri Lanka,bilateral_series,"R Premadasa Stadium, Colombo",Colombo,Zimbabwe,Sri Lanka,1412540,https://www.espncricinfo.com/ci/engine/match/1412540.html,,,unverified_candidate,"site:espncricinfo.com ""Zimbabwe"" ""Sri Lanka"" ""2024-01-08"" preview pitch conditions",,,,,,,,,,,,,,,,
1375847,2024-02-02,West Indies tour of Australia,bilateral_series,Melbourne Cricket Ground,Melbourne,West Indies,Australia,1375847,https://www.espncricinfo.com/ci/engine/match/1375847.html,,,unverified_candidate,"site:espncricinfo.com ""West Indies"" ""Australia"" ""2024-02-02"" preview pitch conditions",,,,,,,,,,,,,,,,
1375848,2024-02-04,West Indies tour of Australia,bilateral_series,Sydney Cricket Ground,Sydney,Australia,West Indies,1375848,https://www.espncricinfo.com/ci/engine/match/1375848.html,,,unverified_candidate,"site:espncricinfo.com ""Australia"" ""West Indies"" ""2024-02-04"" preview pitch conditions",,,,,,,,,,,,,,,,
1420220,2024-02-08,Canada tour of Nepal,bilateral_series,"Tribhuvan University International Cricket Ground, Kirtipur",Kirtipur,Nepal,Canada,1420220,https://www.espncricinfo.com/ci/engine/match/1420220.html,,,unverified_candidate,"site:espncricinfo.com ""Nepal"" ""Canada"" ""2024-02-08"" preview pitch conditions",,,,,,,,,,,,,,,,
1420221,2024-02-10,Canada tour of Nepal,bilateral_series,"Tribhuvan University International Cricket Ground, Kirtipur",Kirtipur,Canada,Nepal,1420221,https://www.espncricinfo.com/ci/engine/match/1420221.html,,,unverified_candidate,"site:espncricinfo.com ""Canada"" ""Nepal"" ""2024-02-10"" preview pitch conditions",,,,,,,,,,,,,,,,
1420222,2024-02-12,Canada tour of Nepal,bilateral_series,"Tribhuvan University International Cricket Ground, Kirtipur",Kirtipur,Canada,Nepal,1420222,https://www.espncricinfo.com/ci/engine/match/1420222.html,,,unverified_candidate,"site:espncricinfo.com ""Canada"" ""Nepal"" ""2024-02-12"" preview pitch conditions",,,,,,,,,,,,,,,,
1420529,2024-02-15,ICC Men's Cricket World Cup League 2,qualification_pathway,"Tribhuvan University International Cricket Ground, Kirtipur",Kirtipur,Nepal,Namibia,1420529,https://www.espncricinfo.com/ci/engine/match/1420529.html,,,unverified_candidate,"site:espncricinfo.com ""Nepal"" ""Namibia"" ""2024-02-15"" preview pitch conditions",,,,,,,,,,,,,,,,
1420530,2024-02-17,ICC Men's Cricket World Cup League 2,qualification_pathway,"Tribhuvan University International Cricket Ground, Kirtipur",Kirtipur,Netherlands,Nepal,1420530,https://www.espncricinfo.com/ci/engine/match/1420530.html,,,unverified_candidate,"site:espncricinfo.com ""Netherlands"" ""Nepal"" ""2024-02-17"" preview pitch conditions",,,,,,,,,,,,,,,,
1420531,2024-02-19,ICC Men's Cricket World Cup League 2,qualification_pathway,"Tribhuvan University International Cricket Ground, Kirtipur",Kirtipur,Namibia,Netherlands,1420531,https://www.espncricinfo.com/ci/engine/match/1420531.html,,,unverified_candidate,"site:espncricinfo.com ""Namibia"" ""Netherlands"" ""2024-02-19"" preview pitch conditions",,,,,,,,,,,,,,,,
1420532,2024-02-21,ICC Men's Cricket World Cup League 2,qualification_pathway,"Tribhuvan University International Cricket Ground, Kirtipur",Kirtipur,Nepal,Namibia,1420532,https://www.espncricinfo.com/ci/engine/match/1420532.html,,,unverified_candidate,"site:espncricinfo.com ""Nepal"" ""Namibia"" ""2024-02-21"" preview pitch conditions",,,,,,,,,,,,,,,,
1420533,2024-02-23,ICC Men's Cricket World Cup League 2,qualification_pathway,"Tribhuvan University International Cricket Ground, Kirtipur",Kirtipur,Namibia,Netherlands,1420533,https://www.espncricinfo.com/ci/engine/match/1420533.html,,,unverified_candidate,"site:espncricinfo.com ""Namibia"" ""Netherlands"" ""2024-02-23"" preview pitch conditions",,,,,,,,,,,,,,,,
1420534,2024-02-25,ICC Men's Cricket World Cup League 2,qualification_pathway,"Tribhuvan University International Cricket Ground, Kirtipur",Kirtipur,Nepal,Netherlands,1420534,https://www.espncricinfo.com/ci/engine/match/1420534.html,,,unverified_candidate,"site:espncricinfo.com ""Nepal"" ""Netherlands"" ""2024-02-25"" preview pitch conditions",,,,,,,,,,,,,,,,
1421069,2024-02-28,ICC Men's Cricket World Cup League 2,qualification_pathway,Dubai International Cricket Stadium,Dubai,United Arab Emirates,Canada,1421069,https://www.espncricinfo.com/ci/engine/match/1421069.html,,,unverified_candidate,"site:espncricinfo.com ""United Arab Emirates"" ""Canada"" ""2024-02-28"" preview pitch conditions",,,,,,,,,,,,,,,,
1421070,2024-03-01,ICC Men's Cricket World Cup League 2,qualification_pathway,Dubai International Cricket Stadium,Dubai,Scotland,Canada,1421070,https://www.espncricinfo.com/ci/engine/match/1421070.html,,,unverified_candidate,"site:espncricinfo.com ""Scotland"" ""Canada"" ""2024-03-01"" preview pitch conditions",,,,,,,,,,,,,,,,
1421071,2024-03-03,ICC Men's Cricket World Cup League 2,qualification_pathway,Dubai International Cricket Stadium,Dubai,United Arab Emirates,Scotland,1421071,https://www.espncricinfo.com/ci/engine/match/1421071.html,,,unverified_candidate,"site:espncricinfo.com ""United Arab Emirates"" ""Scotland"" ""2024-03-03"" preview pitch conditions",,,,,,,,,,,,,,,,
1421073,2024-03-07,ICC Men's Cricket World Cup League 2,qualification_pathway,Dubai International Cricket Stadium,Dubai,Scotland,Canada,1421073,https://www.espncricinfo.com/ci/engine/match/1421073.html,,,unverified_candidate,"site:espncricinfo.com ""Scotland"" ""Canada"" ""2024-03-07"" preview pitch conditions",,,,,,,,,,,,,,,,
1419827,2024-03-13,Sri Lanka tour of Bangladesh,bilateral_series,"Zahur Ahmed Chowdhury Stadium, Chattogram",Chattogram,Sri Lanka,Bangladesh,1419827,https://www.espncricinfo.com/ci/engine/match/1419827.html,,,unverified_candidate,"site:espncricinfo.com ""Sri Lanka"" ""Bangladesh"" ""2024-03-13"" preview pitch conditions",,,,,,,,,,,,,,,,
1419828,2024-03-15,Sri Lanka tour of Bangladesh,bilateral_series,"Zahur Ahmed Chowdhury Stadium, Chattogram",Chattogram,Bangladesh,Sri Lanka,1419828,https://www.espncricinfo.com/ci/engine/match/1419828.html,,,unverified_candidate,"site:espncricinfo.com ""Bangladesh"" ""Sri Lanka"" ""2024-03-15"" preview pitch conditions",,,,,,,,,,,,,,,,
1419829,2024-03-18,Sri Lanka tour of Bangladesh,bilateral_series,"Zahur Ahmed Chowdhury Stadium, Chattogram",Chattogram,Sri Lanka,Bangladesh,1419829,https://www.espncricinfo.com/ci/engine/match/1419829.html,,,unverified_candidate,"site:espncricinfo.com ""Sri Lanka"" ""Bangladesh"" ""2024-03-18"" preview pitch conditions",,,,,,,,,,,,,,,,
1428957,2024-07-18,ICC Men's Cricket World Cup League 2,qualification_pathway,"Forthill, Dundee",Dundee,Oman,Namibia,1428957,https://www.espncricinfo.com/ci/engine/match/1428957.html,,,unverified_candidate,"site:espncricinfo.com ""Oman"" ""Namibia"" ""2024-07-18"" preview pitch conditions",,,,,,,,,,,,,,,,
1428959,2024-07-22,ICC Men's Cricket World Cup League 2,qualification_pathway,"Forthill, Dundee",Dundee,Oman,Scotland,1428959,https://www.espncricinfo.com/ci/engine/match/1428959.html,,,unverified_candidate,"site:espncricinfo.com ""Oman"" ""Scotland"" ""2024-07-22"" preview pitch conditions",,,,,,,,,,,,,,,,
1428960,2024-07-24,ICC Men's Cricket World Cup League 2,qualification_pathway,"Forthill, Dundee",Dundee,Namibia,Oman,1428960,https://www.espncricinfo.com/ci/engine/match/1428960.html,,,unverified_candidate,"site:espncricinfo.com ""Namibia"" ""Oman"" ""2024-07-24"" preview pitch conditions",,,,,,,,,,,,,,,,
1428961,2024-07-26,ICC Men's Cricket World Cup League 2,qualification_pathway,"Forthill, Dundee",Dundee,Scotland,Namibia,1428961,https://www.espncricinfo.com/ci/engine/match/1428961.html,,,unverified_candidate,"site:espncricinfo.com ""Scotland"" ""Namibia"" ""2024-07-26"" preview pitch conditions",,,,,,,,,,,,,,,,
1442991,2024-08-04,India tour of Sri Lanka,bilateral_series,"R Premadasa Stadium, Colombo",Colombo,Sri Lanka,India,1442991,https://www.espncricinfo.com/ci/engine/match/1442991.html,,,unverified_candidate,"site:espncricinfo.com ""Sri Lanka"" ""India"" ""2024-08-04"" preview pitch conditions",,,,,,,,,,,,,,,,
1442992,2024-08-07,India tour of Sri Lanka,bilateral_series,"R Premadasa Stadium, Colombo",Colombo,Sri Lanka,India,1442992,https://www.espncricinfo.com/ci/engine/match/1442992.html,,,unverified_candidate,"site:espncricinfo.com ""Sri Lanka"" ""India"" ""2024-08-07"" preview pitch conditions",,,,,,,,,,,,,,,,
1445034,2024-08-11,ICC Men's Cricket World Cup League 2,qualification_pathway,"Sportpark Westvliet, The Hague",The Hague,Canada,Netherlands,1445034,https://www.espncricinfo.com/ci/engine/match/1445034.html,,,unverified_candidate,"site:espncricinfo.com ""Canada"" ""Netherlands"" ""2024-08-11"" preview pitch conditions",,,,,,,,,,,,,,,,
1445035,2024-08-13,ICC Men's Cricket World Cup League 2,qualification_pathway,"Sportpark Westvliet, The Hague",The Hague,United States of America,Canada,1445035,https://www.espncricinfo.com/ci/engine/match/1445035.html,,,unverified_candidate,"site:espncricinfo.com ""United States of America"" ""Canada"" ""2024-08-13"" preview pitch conditions",,,,,,,,,,,,,,,,
1445036,2024-08-15,ICC Men's Cricket World Cup League 2,qualification_pathway,"Sportpark Westvliet, The Hague",The Hague,Netherlands,United States of America,1445036,https://www.espncricinfo.com/ci/engine/match/1445036.html,,,unverified_candidate,"site:espncricinfo.com ""Netherlands"" ""United States of America"" ""2024-08-15"" preview pitch conditions",,,,,,,,,,,,,,,,
1445037,2024-08-17,ICC Men's Cricket World Cup League 2,qualification_pathway,"Hazelaarweg, Rotterdam",Rotterdam,Netherlands,Canada,1445037,https://www.espncricinfo.com/ci/engine/match/1445037.html,,,unverified_candidate,"site:espncricinfo.com ""Netherlands"" ""Canada"" ""2024-08-17"" preview pitch conditions",,,,,,,,,,,,,,,,
1445038,2024-08-19,ICC Men's Cricket World Cup League 2,qualification_pathway,"Hazelaarweg, Rotterdam",Rotterdam,United States of America,Canada,1445038,https://www.espncricinfo.com/ci/engine/match/1445038.html,,,unverified_candidate,"site:espncricinfo.com ""United States of America"" ""Canada"" ""2024-08-19"" preview pitch conditions",,,,,,,,,,,,,,,,
1445039,2024-08-21,ICC Men's Cricket World Cup League 2,qualification_pathway,"Hazelaarweg, Rotterdam",Rotterdam,Netherlands,United States of America,1445039,https://www.espncricinfo.com/ci/engine/match/1445039.html,,,unverified_candidate,"site:espncricinfo.com ""Netherlands"" ""United States of America"" ""2024-08-21"" preview pitch conditions",,,,,,,,,,,,,,,,
1450690,2024-09-16,ICC Men's Cricket World Cup League 2,qualification_pathway,"United Cricket Club Ground, Windhoek",Windhoek,Namibia,United States of America,1450690,https://www.espncricinfo.com/ci/engine/match/1450690.html,,,unverified_candidate,"site:espncricinfo.com ""Namibia"" ""United States of America"" ""2024-09-16"" preview pitch conditions",,,,,,,,,,,,,,,,
1450696,2024-09-16,ICC Men's Cricket World Cup League 2,qualification_pathway,"Maple Leaf North-West Ground, King City",King City,Canada,Nepal,1450696,https://www.espncricinfo.com/ci/engine/match/1450696.html,,,unverified_candidate,"site:espncricinfo.com ""Canada"" ""Nepal"" ""2024-09-16"" preview pitch conditions",,,,,,,,,,,,,,,,
1450691,2024-09-18,ICC Men's Cricket World Cup League 2,qualification_pathway,"United Cricket Club Ground, Windhoek",Windhoek,United Arab Emirates,United States of America,1450691,https://www.espncricinfo.com/ci/engine/match/1450691.html,,,unverified_candidate,"site:espncricinfo.com ""United Arab Emirates"" ""United States of America"" ""2024-09-18"" preview pitch conditions",,,,,,,,,,,,,,,,
1450697,2024-09-18,ICC Men's Cricket World Cup League 2,qualification_pathway,"Maple Leaf North-West Ground, King City",King City,Nepal,Oman,1450697,https://www.espncricinfo.com/ci/engine/match/1450697.html,,,unverified_candidate,"site:espncricinfo.com ""Nepal"" ""Oman"" ""2024-09-18"" preview pitch conditions",,,,,,,,,,,,,,,,
1385700,2024-09-19,Australia tour of England,bilateral_series,"Trent Bridge, Nottingham",Nottingham,England,Australia,1385700,https://www.espncricinfo.com/ci/engine/match/1385700.html,,,unverified_candidate,"site:espncricinfo.com ""England"" ""Australia"" ""2024-09-19"" preview pitch conditions",,,,,,,,,,,,,,,,
1450692,2024-09-20,ICC Men's Cricket World Cup League 2,qualification_pathway,"United Cricket Club Ground, Windhoek",Windhoek,Namibia,United Arab Emirates,1450692,https://www.espncricinfo.com/ci/engine/match/1450692.html,,,unverified_candidate,"site:espncricinfo.com ""Namibia"" ""United Arab Emirates"" ""2024-09-20"" preview pitch conditions",,,,,,,,,,,,,,,,
1450698,2024-09-20,ICC Men's Cricket World Cup League 2,qualification_pathway,"Maple Leaf North-West Ground, King City",King City,Canada,Oman,1450698,https://www.espncricinfo.com/ci/engine/match/1450698.html,,,unverified_candidate,"site:espncricinfo.com ""Canada"" ""Oman"" ""2024-09-20"" preview pitch conditions",,,,,,,,,,,,,,,,
1385701,2024-09-21,Australia tour of England,bilateral_series,"Headingley, Leeds",Leeds,Australia,England,1385701,https://www.espncricinfo.com/ci/engine/match/1385701.html,,,unverified_candidate,"site:espncricinfo.com ""Australia"" ""England"" ""2024-09-21"" preview pitch conditions",,,,,,,,,,,,,,,,
1450693,2024-09-22,ICC Men's Cricket World Cup League 2,qualification_pathway,"United Cricket Club Ground, Windhoek",Windhoek,Namibia,United States of America,1450693,https://www.espncricinfo.com/ci/engine/match/1450693.html,,,unverified_candidate,"site:espncricinfo.com ""Namibia"" ""United States of America"" ""2024-09-22"" preview pitch conditions",,,,,,,,,,,,,,,,
1450699,2024-09-22,ICC Men's Cricket World Cup League 2,qualification_pathway,"Maple Leaf North-West Ground, King City",King City,Nepal,Canada,1450699,https://www.espncricinfo.com/ci/engine/match/1450699.html,,,unverified_candidate,"site:espncricinfo.com ""Nepal"" ""Canada"" ""2024-09-22"" preview pitch conditions",,,,,,,,,,,,,,,,
1450694,2024-09-24,ICC Men's Cricket World Cup League 2,qualification_pathway,"United Cricket Club Ground, Windhoek",Windhoek,United States of America,United Arab Emirates,1450694,https://www.espncricinfo.com/ci/engine/match/1450694.html,,,unverified_candidate,"site:espncricinfo.com ""United States of America"" ""United Arab Emirates"" ""2024-09-24"" preview pitch conditions",,,,,,,,,,,,,,,,
1450695,2024-09-26,ICC Men's Cricket World Cup League 2,qualification_pathway,"Wanderers Cricket Ground, Windhoek",Windhoek,United Arab Emirates,Namibia,1450695,https://www.espncricinfo.com/ci/engine/match/1450695.html,,,unverified_candidate,"site:espncricinfo.com ""United Arab Emirates"" ""Namibia"" ""2024-09-26"" preview pitch conditions",,,,,,,,,,,,,,,,
1450701,2024-09-26,ICC Men's Cricket World Cup League 2,qualification_pathway,"Maple Leaf North-West Ground, King City",King City,Oman,Canada,1450701,https://www.espncricinfo.com/ci/engine/match/1450701.html,,,unverified_candidate,"site:espncricinfo.com ""Oman"" ""Canada"" ""2024-09-26"" preview pitch conditions",,,,,,,,,,,,,,,,
1385703,2024-09-27,Australia tour of England,bilateral_series,"Lord's, London",London,England,Australia,1385703,https://www.espncricinfo.com/ci/engine/match/1385703.html,,,unverified_candidate,"site:espncricinfo.com ""England"" ""Australia"" ""2024-09-27"" preview pitch conditions",,,,,,,,,,,,,,,,
1431088,2024-10-02,Ireland vs South Africa,other_odi,"Zayed Cricket Stadium, Abu Dhabi",Abu Dhabi,South Africa,Ireland,1431088,https://www.espncricinfo.com/ci/engine/match/1431088.html,,,unverified_candidate,"site:espncricinfo.com ""South Africa"" ""Ireland"" ""2024-10-02"" preview pitch conditions",,,,,,,,,,,,,,,,
1431089,2024-10-04,Ireland vs South Africa,other_odi,"Zayed Cricket Stadium, Abu Dhabi",Abu Dhabi,South Africa,Ireland,1431089,https://www.espncricinfo.com/ci/engine/match/1431089.html,,,unverified_candidate,"site:espncricinfo.com ""South Africa"" ""Ireland"" ""2024-10-04"" preview pitch conditions",,,,,,,,,,,,,,,,
1431090,2024-10-07,Ireland vs South Africa,other_odi,"Zayed Cricket Stadium, Abu Dhabi",Abu Dhabi,Ireland,South Africa,1431090,https://www.espncricinfo.com/ci/engine/match/1431090.html,,,unverified_candidate,"site:espncricinfo.com ""Ireland"" ""South Africa"" ""2024-10-07"" preview pitch conditions",,,,,,,,,,,,,,,,
1451818,2024-10-23,West Indies tour of Sri Lanka,bilateral_series,Pallekele International Cricket Stadium,Kandy,West Indies,Sri Lanka,1451818,https://www.espncricinfo.com/ci/engine/match/1451818.html,,,unverified_candidate,"site:espncricinfo.com ""West Indies"" ""Sri Lanka"" ""2024-10-23"" preview pitch conditions",,,,,,,,,,,,,,,,
1450702,2024-10-25,ICC Men's Cricket World Cup League 2,qualification_pathway,"Grand Prairie Stadium, Dallas",Dallas,United States of America,Scotland,1450702,https://www.espncricinfo.com/ci/engine/match/1450702.html,,,unverified_candidate,"site:espncricinfo.com ""United States of America"" ""Scotland"" ""2024-10-25"" preview pitch conditions",,,,,,,,,,,,,,,,
1450704,2024-10-29,ICC Men's Cricket World Cup League 2,qualification_pathway,"Grand Prairie Stadium, Dallas",Dallas,Scotland,Nepal,1450704,https://www.espncricinfo.com/ci/engine/match/1450704.html,,,unverified_candidate,"site:espncricinfo.com ""Scotland"" ""Nepal"" ""2024-10-29"" preview pitch conditions",,,,,,,,,,,,,,,,
1450705,2024-10-31,ICC Men's Cricket World Cup League 2,qualification_pathway,"Grand Prairie Stadium, Dallas",Dallas,Scotland,United States of America,1450705,https://www.espncricinfo.com/ci/engine/match/1450705.html,,,unverified_candidate,"site:espncricinfo.com ""Scotland"" ""United States of America"" ""2024-10-31"" preview pitch conditions",,,,,,,,,,,,,,,,
1457464,2024-11-01,ICC Men's Cricket World Cup League 2,qualification_pathway,Al Amerat Cricket Ground Oman Cricket (Ministry Turf 1),Al Amarat,United Arab Emirates,Oman,1457464,https://www.espncricinfo.com/ci/engine/match/1457464.html,,,unverified_candidate,"site:espncricinfo.com ""United Arab Emirates"" ""Oman"" ""2024-11-01"" preview pitch conditions",,,,,,,,,,,,,,,,
1433371,2024-11-02,England tour of West Indies,bilateral_series,"Sir Vivian Richards Stadium, North Sound, Antigua",North Sound,West Indies,England,1433371,https://www.espncricinfo.com/ci/engine/match/1433371.html,,,unverified_candidate,"site:espncricinfo.com ""West Indies"" ""England"" ""2024-11-02"" preview pitch conditions",,,,,,,,,,,,,,,,
1450706,2024-11-02,ICC Men's Cricket World Cup League 2,qualification_pathway,"Grand Prairie Stadium, Dallas",Dallas,United States of America,Nepal,1450706,https://www.espncricinfo.com/ci/engine/match/1450706.html,,,unverified_candidate,"site:espncricinfo.com ""United States of America"" ""Nepal"" ""2024-11-02"" preview pitch conditions",,,,,,,,,,,,,,,,
1457465,2024-11-03,ICC Men's Cricket World Cup League 2,qualification_pathway,Al Amerat Cricket Ground Oman Cricket (Ministry Turf 1),Al Amarat,United Arab Emirates,Netherlands,1457465,https://www.espncricinfo.com/ci/engine/match/1457465.html,,,unverified_candidate,"site:espncricinfo.com ""United Arab Emirates"" ""Netherlands"" ""2024-11-03"" preview pitch conditions",,,,,,,,,,,,,,,,
1426549,2024-11-04,Pakistan tour of Australia,bilateral_series,Melbourne Cricket Ground,Melbourne,Pakistan,Australia,1426549,https://www.espncricinfo.com/ci/engine/match/1426549.html,,,unverified_candidate,"site:espncricinfo.com ""Pakistan"" ""Australia"" ""2024-11-04"" preview pitch conditions",,,,,,,,,,,,,,,,
1457466,2024-11-05,ICC Men's Cricket World Cup League 2,qualification_pathway,Al Amerat Cricket Ground Oman Cricket (Ministry Turf 1),Al Amarat,Netherlands,Oman,1457466,https://www.espncricinfo.com/ci/engine/match/1457466.html,,,unverified_candidate,"site:espncricinfo.com ""Netherlands"" ""Oman"" ""2024-11-05"" preview pitch conditions",,,,,,,,,,,,,,,,
1433372,2024-11-06,England tour of West Indies,bilateral_series,"Kensington Oval, Bridgetown, Barbados",Bridgetown,England,West Indies,1433372,https://www.espncricinfo.com/ci/engine/match/1433372.html,,,unverified_candidate,"site:espncricinfo.com ""England"" ""West Indies"" ""2024-11-06"" preview pitch conditions",,,,,,,,,,,,,,,,
1457467,2024-11-07,ICC Men's Cricket World Cup League 2,qualification_pathway,Al Amerat Cricket Ground Oman Cricket (Ministry Turf 1),Al Amarat,United Arab Emirates,Oman,1457467,https://www.espncricinfo.com/ci/engine/match/1457467.html,,,unverified_candidate,"site:espncricinfo.com ""United Arab Emirates"" ""Oman"" ""2024-11-07"" preview pitch conditions",,,,,,,,,,,,,,,,
1426550,2024-11-08,Pakistan tour of Australia,bilateral_series,Adelaide Oval,Adelaide,Australia,Pakistan,1426550,https://www.espncricinfo.com/ci/engine/match/1426550.html,,,unverified_candidate,"site:espncricinfo.com ""Australia"" ""Pakistan"" ""2024-11-08"" preview pitch conditions",,,,,,,,,,,,,,,,
1457468,2024-11-09,ICC Men's Cricket World Cup League 2,qualification_pathway,Al Amerat Cricket Ground Oman Cricket (Ministry Turf 1),Al Amarat,Netherlands,United Arab Emirates,1457468,https://www.espncricinfo.com/ci/engine/match/1457468.html,,,unverified_candidate,"site:espncricinfo.com ""Netherlands"" ""United Arab Emirates"" ""2024-11-09"" preview pitch conditions",,,,,,,,,,,,,,,,
1426551,2024-11-10,Pakistan tour of Australia,bilateral_series,Perth Stadium,Perth,Australia,Pakistan,1426551,https://www.espncricinfo.com/ci/engine/match/1426551.html,,,unverified_candidate,"site:espncricinfo.com ""Australia"" ""Pakistan"" ""2024-11-10"" preview pitch conditions",,,,,,,,,,,,,,,,
1457469,2024-11-11,ICC Men's Cricket World Cup League 2,qualification_pathway,Al Amerat Cricket Ground Oman Cricket (Ministry Turf 1),Al Amarat,Oman,Netherlands,1457469,https://www.espncricinfo.com/ci/engine/match/1457469.html,,,unverified_candidate,"site:espncricinfo.com ""Oman"" ""Netherlands"" ""2024-11-11"" preview pitch conditions",,,,,,,,,,,,,,,,
1444650,2024-11-26,Pakistan tour of Zimbabwe,bilateral_series,"Queens Sports Club, Bulawayo",Bulawayo,Zimbabwe,Pakistan,1444650,https://www.espncricinfo.com/ci/engine/match/1444650.html,,,unverified_candidate,"site:espncricinfo.com ""Zimbabwe"" ""Pakistan"" ""2024-11-26"" preview pitch conditions",,,,,,,,,,,,,,,,
1444651,2024-11-28,Pakistan tour of Zimbabwe,bilateral_series,"Queens Sports Club, Bulawayo",Bulawayo,Pakistan,Zimbabwe,1444651,https://www.espncricinfo.com/ci/engine/match/1444651.html,,,unverified_candidate,"site:espncricinfo.com ""Pakistan"" ""Zimbabwe"" ""2024-11-28"" preview pitch conditions",,,,,,,,,,,,,,,,
1433380,2024-12-08,Bangladesh tour of West Indies,bilateral_series,"Warner Park, Basseterre, St Kitts",Basseterre,Bangladesh,West Indies,1433380,https://www.espncricinfo.com/ci/engine/match/1433380.html,,,unverified_candidate,"site:espncricinfo.com ""Bangladesh"" ""West Indies"" ""2024-12-08"" preview pitch conditions",,,,,,,,,,,,,,,,
1433381,2024-12-10,Bangladesh tour of West Indies,bilateral_series,"Warner Park, Basseterre, St Kitts",Basseterre,Bangladesh,West Indies,1433381,https://www.espncricinfo.com/ci/engine/match/1433381.html,,,unverified_candidate,"site:espncricinfo.com ""Bangladesh"" ""West Indies"" ""2024-12-10"" preview pitch conditions",,,,,,,,,,,,,,,,
1433382,2024-12-12,Bangladesh tour of West Indies,bilateral_series,"Warner Park, Basseterre, St Kitts",Basseterre,Bangladesh,West Indies,1433382,https://www.espncricinfo.com/ci/engine/match/1433382.html,,,unverified_candidate,"site:espncricinfo.com ""Bangladesh"" ""West Indies"" ""2024-12-12"" preview pitch conditions",,,,,,,,,,,,,,,,
1432214,2024-12-17,Pakistan tour of South Africa,bilateral_series,"Boland Park, Paarl",Paarl,South Africa,Pakistan,1432214,https://www.espncricinfo.com/ci/engine/match/1432214.html,,,unverified_candidate,"site:espncricinfo.com ""South Africa"" ""Pakistan"" ""2024-12-17"" preview pitch conditions",,,,,,,,,,,,,,,,
1432215,2024-12-19,Pakistan tour of South Africa,bilateral_series,"Newlands, Cape Town",Cape Town,Pakistan,South Africa,1432215,https://www.espncricinfo.com/ci/engine/match/1432215.html,,,unverified_candidate,"site:espncricinfo.com ""Pakistan"" ""South Africa"" ""2024-12-19"" preview pitch conditions",,,,,,,,,,,,,,,,
1443546,2025-01-05,Sri Lanka tour of New Zealand,bilateral_series,"Basin Reserve, Wellington",Wellington,Sri Lanka,New Zealand,1443546,https://www.espncricinfo.com/ci/engine/match/1443546.html,,,unverified_candidate,"site:espncricinfo.com ""Sri Lanka"" ""New Zealand"" ""2025-01-05"" preview pitch conditions",,,,,,,,,,,,,,,,
1443547,2025-01-08,Sri Lanka tour of New Zealand,bilateral_series,"Seddon Park, Hamilton",Hamilton,New Zealand,Sri Lanka,1443547,https://www.espncricinfo.com/ci/engine/match/1443547.html,,,unverified_candidate,"site:espncricinfo.com ""New Zealand"" ""Sri Lanka"" ""2025-01-08"" preview pitch conditions",,,,,,,,,,,,,,,,
1443548,2025-01-11,Sri Lanka tour of New Zealand,bilateral_series,"Eden Park, Auckland",Auckland,Sri Lanka,New Zealand,1443548,https://www.espncricinfo.com/ci/engine/match/1443548.html,,,unverified_candidate,"site:espncricinfo.com ""Sri Lanka"" ""New Zealand"" ""2025-01-11"" preview pitch conditions",,,,,,,,,,,,,,,,
1439904,2025-02-06,England tour of India,bilateral_series,"Vidarbha Cricket Association Stadium, Jamtha, Nagpur",Nagpur,England,India,1439904,https://www.espncricinfo.com/ci/engine/match/1439904.html,,,unverified_candidate,"site:espncricinfo.com ""England"" ""India"" ""2025-02-06"" preview pitch conditions",,,,,,,,,,,,,,,,
1442220,2025-02-08,Pakistan Tri-Nation Series,multi_team_series,"Gaddafi Stadium, Lahore",Lahore,New Zealand,Pakistan,1442220,https://www.espncricinfo.com/ci/engine/match/1442220.html,,,unverified_candidate,"site:espncricinfo.com ""New Zealand"" ""Pakistan"" ""2025-02-08"" preview pitch conditions",,,,,,,,,,,,,,,,
1468879,2025-02-08,ICC Men's Cricket World Cup League 2,qualification_pathway,Al Amerat Cricket Ground Oman Cricket (Ministry Turf 1),Al Amarat,United States of America,Namibia,1468879,https://www.espncricinfo.com/ci/engine/match/1468879.html,,,unverified_candidate,"site:espncricinfo.com ""United States of America"" ""Namibia"" ""2025-02-08"" preview pitch conditions",,,,,,,,,,,,,,,,
1439905,2025-02-09,England tour of India,bilateral_series,"Barabati Stadium, Cuttack",Cuttack,England,India,1439905,https://www.espncricinfo.com/ci/engine/match/1439905.html,,,unverified_candidate,"site:espncricinfo.com ""England"" ""India"" ""2025-02-09"" preview pitch conditions",,,,,,,,,,,,,,,,
1442221,2025-02-10,Pakistan Tri-Nation Series,multi_team_series,"Gaddafi Stadium, Lahore",Lahore,South Africa,New Zealand,1442221,https://www.espncricinfo.com/ci/engine/match/1442221.html,,,unverified_candidate,"site:espncricinfo.com ""South Africa"" ""New Zealand"" ""2025-02-10"" preview pitch conditions",,,,,,,,,,,,,,,,
1468880,2025-02-10,ICC Men's Cricket World Cup League 2,qualification_pathway,Al Amerat Cricket Ground Oman Cricket (Ministry Turf 1),Al Amarat,Namibia,Oman,1468880,https://www.espncricinfo.com/ci/engine/match/1468880.html,,,unverified_candidate,"site:espncricinfo.com ""Namibia"" ""Oman"" ""2025-02-10"" preview pitch conditions",,,,,,,,,,,,,,,,
1439906,2025-02-12,England tour of India,bilateral_series,"Narendra Modi Stadium, Ahmedabad",Ahmedabad,India,England,1439906,https://www.espncricinfo.com/ci/engine/match/1439906.html,,,unverified_candidate,"site:espncricinfo.com ""India"" ""England"" ""2025-02-12"" preview pitch conditions",,,,,,,,,,,,,,,,
1442222,2025-02-12,Pakistan Tri-Nation Series,multi_team_series,"National Stadium, Karachi",Karachi,South Africa,Pakistan,1442222,https://www.espncricinfo.com/ci/engine/match/1442222.html,,,unverified_candidate,"site:espncricinfo.com ""South Africa"" ""Pakistan"" ""2025-02-12"" preview pitch conditions",,,,,,,,,,,,,,,,
1459908,2025-02-12,Australia tour of Sri Lanka,bilateral_series,"R Premadasa Stadium, Colombo",Colombo,Sri Lanka,Australia,1459908,https://www.espncricinfo.com/ci/engine/match/1459908.html,,,unverified_candidate,"site:espncricinfo.com ""Sri Lanka"" ""Australia"" ""2025-02-12"" preview pitch conditions",,,,,,,,,,,,,,,,
1468881,2025-02-12,ICC Men's Cricket World Cup League 2,qualification_pathway,Al Amerat Cricket Ground Oman Cricket (Ministry Turf 1),Al Amarat,United States of America,Oman,1468881,https://www.espncricinfo.com/ci/engine/match/1468881.html,,,unverified_candidate,"site:espncricinfo.com ""United States of America"" ""Oman"" ""2025-02-12"" preview pitch conditions",,,,,,,,,,,,,,,,
1442223,2025-02-14,Pakistan Tri-Nation Series,multi_team_series,"National Stadium, Karachi",Karachi,Pakistan,New Zealand,1442223,https://www.espncricinfo.com/ci/engine/match/1442223.html,,,unverified_candidate,"site:espncricinfo.com ""Pakistan"" ""New Zealand"" ""2025-02-14"" preview pitch conditions",,,,,,,,,,,,,,,,
1467701,2025-02-14,Ireland tour of Zimbabwe,bilateral_series,Harare Sports Club,Harare,Zimbabwe,Ireland,1467701,https://www.espncricinfo.com/ci/engine/match/1467701.html,,,unverified_candidate,"site:espncricinfo.com ""Zimbabwe"" ""Ireland"" ""2025-02-14"" preview pitch conditions",,,,,,,,,,,,,,,,
1468882,2025-02-14,ICC Men's Cricket World Cup League 2,qualification_pathway,Al Amerat Cricket Ground Oman Cricket (Ministry Turf 1),Al Amarat,United States of America,Namibia,1468882,https://www.espncricinfo.com/ci/engine/match/1468882.html,,,unverified_candidate,"site:espncricinfo.com ""United States of America"" ""Namibia"" ""2025-02-14"" preview pitch conditions",,,,,,,,,,,,,,,,
1469168,2025-02-14,Australia tour of Sri Lanka,bilateral_series,"R Premadasa Stadium, Colombo",Colombo,Sri Lanka,Australia,1469168,https://www.espncricinfo.com/ci/engine/match/1469168.html,,,unverified_candidate,"site:espncricinfo.com ""Sri Lanka"" ""Australia"" ""2025-02-14"" preview pitch conditions",,,,,,,,,,,,,,,,
1467702,2025-02-16,Ireland tour of Zimbabwe,bilateral_series,Harare Sports Club,Harare,Zimbabwe,Ireland,1467702,https://www.espncricinfo.com/ci/engine/match/1467702.html,,,unverified_candidate,"site:espncricinfo.com ""Zimbabwe"" ""Ireland"" ""2025-02-16"" preview pitch conditions",,,,,,,,,,,,,,,,
1468883,2025-02-16,ICC Men's Cricket World Cup League 2,qualification_pathway,Al Amerat Cricket Ground Oman Cricket (Ministry Turf 1),Al Amarat,Namibia,Oman,1468883,https://www.espncricinfo.com/ci/engine/match/1468883.html,,,unverified_candidate,"site:espncricinfo.com ""Namibia"" ""Oman"" ""2025-02-16"" preview pitch conditions",,,,,,,,,,,,,,,,
1467703,2025-02-18,Ireland tour of Zimbabwe,bilateral_series,Harare Sports Club,Harare,Ireland,Zimbabwe,1467703,https://www.espncricinfo.com/ci/engine/match/1467703.html,,,unverified_candidate,"site:espncricinfo.com ""Ireland"" ""Zimbabwe"" ""2025-02-18"" preview pitch conditions",,,,,,,,,,,,,,,,
1468884,2025-02-18,ICC Men's Cricket World Cup League 2,qualification_pathway,Al Amerat Cricket Ground Oman Cricket (Ministry Turf 1),Al Amarat,United States of America,Oman,1468884,https://www.espncricinfo.com/ci/engine/match/1468884.html,,,unverified_candidate,"site:espncricinfo.com ""United States of America"" ""Oman"" ""2025-02-18"" preview pitch conditions",,,,,,,,,,,,,,,,
1466414,2025-02-19,ICC Champions Trophy,champions_trophy,"National Stadium, Karachi",Karachi,New Zealand,Pakistan,1466414,https://www.espncricinfo.com/ci/engine/match/1466414.html,,,unverified_candidate,"site:espncricinfo.com ""New Zealand"" ""Pakistan"" ""2025-02-19"" preview pitch conditions",,,,,,,,,,,,,,,,
1466415,2025-02-20,ICC Champions Trophy,champions_trophy,Dubai International Cricket Stadium,Dubai,Bangladesh,India,1466415,https://www.espncricinfo.com/ci/engine/match/1466415.html,,,unverified_candidate,"site:espncricinfo.com ""Bangladesh"" ""India"" ""2025-02-20"" preview pitch conditions",,,,,,,,,,,,,,,,
1466417,2025-02-22,ICC Champions Trophy,champions_trophy,"Gaddafi Stadium, Lahore",Lahore,England,Australia,1466417,https://www.espncricinfo.com/ci/engine/match/1466417.html,,,unverified_candidate,"site:espncricinfo.com ""England"" ""Australia"" ""2025-02-22"" preview pitch conditions",,,,,,,,,,,,,,,,
1466418,2025-02-23,ICC Champions Trophy,champions_trophy,Dubai International Cricket Stadium,Dubai,Pakistan,India,1466418,https://www.espncricinfo.com/ci/engine/match/1466418.html,,,unverified_candidate,"site:espncricinfo.com ""Pakistan"" ""India"" ""2025-02-23"" preview pitch conditions",,,,,,,,,,,,,,,,
1466419,2025-02-24,ICC Champions Trophy,champions_trophy,Rawalpindi Cricket Stadium,Rawalpindi,Bangladesh,New Zealand,1466419,https://www.espncricinfo.com/ci/engine/match/1466419.html,,,unverified_candidate,"site:espncricinfo.com ""Bangladesh"" ""New Zealand"" ""2025-02-24"" preview pitch conditions",,,,,,,,,,,,,,,,
1466424,2025-03-01,ICC Champions Trophy,champions_trophy,"National Stadium, Karachi",Karachi,England,South Africa,1466424,https://www.espncricinfo.com/ci/engine/match/1466424.html,,,unverified_candidate,"site:espncricinfo.com ""England"" ""South Africa"" ""2025-03-01"" preview pitch conditions",,,,,,,,,,,,,,,,
1466425,2025-03-02,ICC Champions Trophy,champions_trophy,Dubai International Cricket Stadium,Dubai,India,New Zealand,1466425,https://www.espncricinfo.com/ci/engine/match/1466425.html,,,unverified_candidate,"site:espncricinfo.com ""India"" ""New Zealand"" ""2025-03-02"" preview pitch conditions",,,,,,,,,,,,,,,,
1466426,2025-03-04,ICC Champions Trophy,champions_trophy,Dubai International Cricket Stadium,Dubai,Australia,India,1466426,https://www.espncricinfo.com/ci/engine/match/1466426.html,,,unverified_candidate,"site:espncricinfo.com ""Australia"" ""India"" ""2025-03-04"" preview pitch conditions",,,,,,,,,,,,,,,,
1466427,2025-03-05,ICC Champions Trophy,champions_trophy,"Gaddafi Stadium, Lahore",Lahore,New Zealand,South Africa,1466427,https://www.espncricinfo.com/ci/engine/match/1466427.html,,,unverified_candidate,"site:espncricinfo.com ""New Zealand"" ""South Africa"" ""2025-03-05"" preview pitch conditions",,,,,,,,,,,,,,,,
1474410,2025-03-07,ICC Men's Cricket World Cup League 2,qualification_pathway,"Wanderers Cricket Ground, Windhoek",Windhoek,Netherlands,Namibia,1474410,https://www.espncricinfo.com/ci/engine/match/1474410.html,,,unverified_candidate,"site:espncricinfo.com ""Netherlands"" ""Namibia"" ""2025-03-07"" preview pitch conditions",,,,,,,,,,,,,,,,
1466428,2025-03-09,ICC Champions Trophy,champions_trophy,Dubai International Cricket Stadium,Dubai,New Zealand,India,1466428,https://www.espncricinfo.com/ci/engine/match/1466428.html,,,unverified_candidate,"site:espncricinfo.com ""New Zealand"" ""India"" ""2025-03-09"" preview pitch conditions",,,,,,,,,,,,,,,,
1474413,2025-03-13,ICC Men's Cricket World Cup League 2,qualification_pathway,"Wanderers Cricket Ground, Windhoek",Windhoek,Namibia,Netherlands,1474413,https://www.espncricinfo.com/ci/engine/match/1474413.html,,,unverified_candidate,"site:espncricinfo.com ""Namibia"" ""Netherlands"" ""2025-03-13"" preview pitch conditions",,,,,,,,,,,,,,,,
1443554,2025-03-29,Pakistan tour of New Zealand,bilateral_series,"McLean Park, Napier",Napier,New Zealand,Pakistan,1443554,https://www.espncricinfo.com/ci/engine/match/1443554.html,,,unverified_candidate,"site:espncricinfo.com ""New Zealand"" ""Pakistan"" ""2025-03-29"" preview pitch conditions",,,,,,,,,,,,,,,,
1443555,2025-04-02,Pakistan tour of New Zealand,bilateral_series,"Seddon Park, Hamilton",Hamilton,New Zealand,Pakistan,1443555,https://www.espncricinfo.com/ci/engine/match/1443555.html,,,unverified_candidate,"site:espncricinfo.com ""New Zealand"" ""Pakistan"" ""2025-04-02"" preview pitch conditions",,,,,,,,,,,,,,,,
1443556,2025-04-05,Pakistan tour of New Zealand,bilateral_series,"Bay Oval, Mount Maunganui",Mount Maunganui,New Zealand,Pakistan,1443556,https://www.espncricinfo.com/ci/engine/match/1443556.html,,,unverified_candidate,"site:espncricinfo.com ""New Zealand"" ""Pakistan"" ""2025-04-05"" preview pitch conditions",,,,,,,,,,,,,,,,
1421074,2025-05-04,ICC Men's Cricket World Cup League 2,qualification_pathway,"VRA Ground, Amstelveen",Amstelveen,United Arab Emirates,Scotland,1421074,https://www.espncricinfo.com/ci/engine/match/1421074.html,,,unverified_candidate,"site:espncricinfo.com ""United Arab Emirates"" ""Scotland"" ""2025-05-04"" preview pitch conditions",,,,,,,,,,,,,,,,
1481530,2025-05-06,ICC Men's Cricket World Cup League 2,qualification_pathway,"VRA Ground, Amstelveen",Amstelveen,Netherlands,United Arab Emirates,1481530,https://www.espncricinfo.com/ci/engine/match/1481530.html,,,unverified_candidate,"site:espncricinfo.com ""Netherlands"" ""United Arab Emirates"" ""2025-05-06"" preview pitch conditions",,,,,,,,,,,,,,,,
1481531,2025-05-08,ICC Men's Cricket World Cup League 2,qualification_pathway,"VRA Ground, Amstelveen",Amstelveen,United Arab Emirates,Scotland,1481531,https://www.espncricinfo.com/ci/engine/match/1481531.html,,,unverified_candidate,"site:espncricinfo.com ""United Arab Emirates"" ""Scotland"" ""2025-05-08"" preview pitch conditions",,,,,,,,,,,,,,,,
1481532,2025-05-10,ICC Men's Cricket World Cup League 2,qualification_pathway,"VRA Ground, Amstelveen",Amstelveen,Netherlands,Scotland,1481532,https://www.espncricinfo.com/ci/engine/match/1481532.html,,,unverified_candidate,"site:espncricinfo.com ""Netherlands"" ""Scotland"" ""2025-05-10"" preview pitch conditions",,,,,,,,,,,,,,,,
1481533,2025-05-12,ICC Men's Cricket World Cup League 2,qualification_pathway,"Sportpark Maarschalkerweerd, Utrecht",Utrecht,United Arab Emirates,Netherlands,1481533,https://www.espncricinfo.com/ci/engine/match/1481533.html,,,unverified_candidate,"site:espncricinfo.com ""United Arab Emirates"" ""Netherlands"" ""2025-05-12"" preview pitch conditions",,,,,,,,,,,,,,,,
1481534,2025-05-14,ICC Men's Cricket World Cup League 2,qualification_pathway,"Sportpark Maarschalkerweerd, Utrecht",Utrecht,United Arab Emirates,Scotland,1481534,https://www.espncricinfo.com/ci/engine/match/1481534.html,,,unverified_candidate,"site:espncricinfo.com ""United Arab Emirates"" ""Scotland"" ""2025-05-14"" preview pitch conditions",,,,,,,,,,,,,,,,
1481535,2025-05-16,ICC Men's Cricket World Cup League 2,qualification_pathway,"Sportpark Maarschalkerweerd, Utrecht",Utrecht,Scotland,Netherlands,1481535,https://www.espncricinfo.com/ci/engine/match/1481535.html,,,unverified_candidate,"site:espncricinfo.com ""Scotland"" ""Netherlands"" ""2025-05-16"" preview pitch conditions",,,,,,,,,,,,,,,,
1482564,2025-05-17,ICC Men's Cricket World Cup League 2,qualification_pathway,"Central Broward Regional Park Stadium Turf Ground, Lauderhill",Lauderhill,United States of America,Canada,1482564,https://www.espncricinfo.com/ci/engine/match/1482564.html,,,unverified_candidate,"site:espncricinfo.com ""United States of America"" ""Canada"" ""2025-05-17"" preview pitch conditions",,,,,,,,,,,,,,,,
1482565,2025-05-19,ICC Men's Cricket World Cup League 2,qualification_pathway,"Central Broward Regional Park Stadium Turf Ground, Lauderhill",Lauderhill,Oman,Canada,1482565,https://www.espncricinfo.com/ci/engine/match/1482565.html,,,unverified_candidate,"site:espncricinfo.com ""Oman"" ""Canada"" ""2025-05-19"" preview pitch conditions",,,,,,,,,,,,,,,,
1472511,2025-05-21,West Indies tour of Ireland,bilateral_series,"Castle Avenue, Dublin",Dublin,Ireland,West Indies,1472511,https://www.espncricinfo.com/ci/engine/match/1472511.html,,,unverified_candidate,"site:espncricinfo.com ""Ireland"" ""West Indies"" ""2025-05-21"" preview pitch conditions",,,,,,,,,,,,,,,,
1482568,2025-05-25,ICC Men's Cricket World Cup League 2,qualification_pathway,"Central Broward Regional Park Stadium Turf Ground, Lauderhill",Lauderhill,United States of America,Canada,1482568,https://www.espncricinfo.com/ci/engine/match/1482568.html,,,unverified_candidate,"site:espncricinfo.com ""United States of America"" ""Canada"" ""2025-05-25"" preview pitch conditions",,,,,,,,,,,,,,,,
1482569,2025-05-27,ICC Men's Cricket World Cup League 2,qualification_pathway,"Central Broward Regional Park Stadium Turf Ground, Lauderhill",Lauderhill,United States of America,Oman,1482569,https://www.espncricinfo.com/ci/engine/match/1482569.html,,,unverified_candidate,"site:espncricinfo.com ""United States of America"" ""Oman"" ""2025-05-27"" preview pitch conditions",,,,,,,,,,,,,,,,
1448343,2025-05-29,West Indies tour of England,bilateral_series,"Edgbaston, Birmingham",Birmingham,England,West Indies,1448343,https://www.espncricinfo.com/ci/engine/match/1448343.html,,,unverified_candidate,"site:espncricinfo.com ""England"" ""West Indies"" ""2025-05-29"" preview pitch conditions",,,,,,,,,,,,,,,,
1448344,2025-06-01,West Indies tour of England,bilateral_series,"Sophia Gardens, Cardiff",Cardiff,West Indies,England,1448344,https://www.espncricinfo.com/ci/engine/match/1448344.html,,,unverified_candidate,"site:espncricinfo.com ""West Indies"" ""England"" ""2025-06-01"" preview pitch conditions",,,,,,,,,,,,,,,,
1486772,2025-06-02,ICC Men's Cricket World Cup League 2,qualification_pathway,"Forthill, Dundee",Dundee,Scotland,Nepal,1486772,https://www.espncricinfo.com/ci/engine/match/1486772.html,,,unverified_candidate,"site:espncricinfo.com ""Scotland"" ""Nepal"" ""2025-06-02"" preview pitch conditions",,,,,,,,,,,,,,,,
1486773,2025-06-04,ICC Men's Cricket World Cup League 2,qualification_pathway,"Forthill, Dundee",Dundee,Netherlands,Nepal,1486773,https://www.espncricinfo.com/ci/engine/match/1486773.html,,,unverified_candidate,"site:espncricinfo.com ""Netherlands"" ""Nepal"" ""2025-06-04"" preview pitch conditions",,,,,,,,,,,,,,,,
1486774,2025-06-06,ICC Men's Cricket World Cup League 2,qualification_pathway,"Forthill, Dundee",Dundee,Scotland,Netherlands,1486774,https://www.espncricinfo.com/ci/engine/match/1486774.html,,,unverified_candidate,"site:espncricinfo.com ""Scotland"" ""Netherlands"" ""2025-06-06"" preview pitch conditions",,,,,,,,,,,,,,,,
1486775,2025-06-08,ICC Men's Cricket World Cup League 2,qualification_pathway,"Forthill, Dundee",Dundee,Scotland,Nepal,1486775,https://www.espncricinfo.com/ci/engine/match/1486775.html,,,unverified_candidate,"site:espncricinfo.com ""Scotland"" ""Nepal"" ""2025-06-08"" preview pitch conditions",,,,,,,,,,,,,,,,
1486776,2025-06-10,ICC Men's Cricket World Cup League 2,qualification_pathway,"Forthill, Dundee",Dundee,Nepal,Netherlands,1486776,https://www.espncricinfo.com/ci/engine/match/1486776.html,,,unverified_candidate,"site:espncricinfo.com ""Nepal"" ""Netherlands"" ""2025-06-10"" preview pitch conditions",,,,,,,,,,,,,,,,
1486777,2025-06-12,ICC Men's Cricket World Cup League 2,qualification_pathway,"Forthill, Dundee",Dundee,Scotland,Netherlands,1486777,https://www.espncricinfo.com/ci/engine/match/1486777.html,,,unverified_candidate,"site:espncricinfo.com ""Scotland"" ""Netherlands"" ""2025-06-12"" preview pitch conditions",,,,,,,,,,,,,,,,
1485505,2025-07-02,Bangladesh tour of Sri Lanka,bilateral_series,"R Premadasa Stadium, Colombo",Colombo,Sri Lanka,Bangladesh,1485505,https://www.espncricinfo.com/ci/engine/match/1485505.html,,,unverified_candidate,"site:espncricinfo.com ""Sri Lanka"" ""Bangladesh"" ""2025-07-02"" preview pitch conditions",,,,,,,,,,,,,,,,
1485506,2025-07-05,Bangladesh tour of Sri Lanka,bilateral_series,"R Premadasa Stadium, Colombo",Colombo,Bangladesh,Sri Lanka,1485506,https://www.espncricinfo.com/ci/engine/match/1485506.html,,,unverified_candidate,"site:espncricinfo.com ""Bangladesh"" ""Sri Lanka"" ""2025-07-05"" preview pitch conditions",,,,,,,,,,,,,,,,
1485507,2025-07-08,Bangladesh tour of Sri Lanka,bilateral_series,Pallekele International Cricket Stadium,Kandy,Sri Lanka,Bangladesh,1485507,https://www.espncricinfo.com/ci/engine/match/1485507.html,,,unverified_candidate,"site:espncricinfo.com ""Sri Lanka"" ""Bangladesh"" ""2025-07-08"" preview pitch conditions",,,,,,,,,,,,,,,,
1472528,2025-08-08,Pakistan tour of West Indies,bilateral_series,"Brian Lara Stadium, Tarouba, Trinidad",Tarouba,West Indies,Pakistan,1472528,https://www.espncricinfo.com/ci/engine/match/1472528.html,,,unverified_candidate,"site:espncricinfo.com ""West Indies"" ""Pakistan"" ""2025-08-08"" preview pitch conditions",,,,,,,,,,,,,,,,
1472530,2025-08-12,Pakistan tour of West Indies,bilateral_series,"Brian Lara Stadium, Tarouba, Trinidad",Tarouba,West Indies,Pakistan,1472530,https://www.espncricinfo.com/ci/engine/match/1472530.html,,,unverified_candidate,"site:espncricinfo.com ""West Indies"" ""Pakistan"" ""2025-08-12"" preview pitch conditions",,,,,,,,,,,,,,,,
1478901,2025-08-19,South Africa tour of Australia,bilateral_series,"Cazaly's Stadium, Cairns",Cairns,South Africa,Australia,1478901,https://www.espncricinfo.com/ci/engine/match/1478901.html,,,unverified_candidate,"site:espncricinfo.com ""South Africa"" ""Australia"" ""2025-08-19"" preview pitch conditions",,,,,,,,,,,,,,,,
1478902,2025-08-22,South Africa tour of Australia,bilateral_series,"Great Barrier Reef Arena, Mackay",Mackay,South Africa,Australia,1478902,https://www.espncricinfo.com/ci/engine/match/1478902.html,,,unverified_candidate,"site:espncricinfo.com ""South Africa"" ""Australia"" ""2025-08-22"" preview pitch conditions",,,,,,,,,,,,,,,,
1478903,2025-08-24,South Africa tour of Australia,bilateral_series,"Great Barrier Reef Arena, Mackay",Mackay,Australia,South Africa,1478903,https://www.espncricinfo.com/ci/engine/match/1478903.html,,,unverified_candidate,"site:espncricinfo.com ""Australia"" ""South Africa"" ""2025-08-24"" preview pitch conditions",,,,,,,,,,,,,,,,
1498181,2025-08-27,ICC Men's Cricket World Cup League 2,qualification_pathway,"Maple Leaf North-West Ground, King City",King City,Canada,Namibia,1498181,https://www.espncricinfo.com/ci/engine/match/1498181.html,,,unverified_candidate,"site:espncricinfo.com ""Canada"" ""Namibia"" ""2025-08-27"" preview pitch conditions",,,,,,,,,,,,,,,,
1492821,2025-08-29,Sri Lanka tour of Zimbabwe,bilateral_series,Harare Sports Club,Harare,Sri Lanka,Zimbabwe,1492821,https://www.espncricinfo.com/ci/engine/match/1492821.html,,,unverified_candidate,"site:espncricinfo.com ""Sri Lanka"" ""Zimbabwe"" ""2025-08-29"" preview pitch conditions",,,,,,,,,,,,,,,,
1492822,2025-08-31,Sri Lanka tour of Zimbabwe,bilateral_series,Harare Sports Club,Harare,Zimbabwe,Sri Lanka,1492822,https://www.espncricinfo.com/ci/engine/match/1492822.html,,,unverified_candidate,"site:espncricinfo.com ""Zimbabwe"" ""Sri Lanka"" ""2025-08-31"" preview pitch conditions",,,,,,,,,,,,,,,,
1498183,2025-08-31,ICC Men's Cricket World Cup League 2,qualification_pathway,"Maple Leaf North-West Ground, King City",King City,Canada,Scotland,1498183,https://www.espncricinfo.com/ci/engine/match/1498183.html,,,unverified_candidate,"site:espncricinfo.com ""Canada"" ""Scotland"" ""2025-08-31"" preview pitch conditions",,,,,,,,,,,,,,,,
1448354,2025-09-02,South Africa tour of England,bilateral_series,"Headingley, Leeds",Leeds,England,South Africa,1448354,https://www.espncricinfo.com/ci/engine/match/1448354.html,,,unverified_candidate,"site:espncricinfo.com ""England"" ""South Africa"" ""2025-09-02"" preview pitch conditions",,,,,,,,,,,,,,,,
1498184,2025-09-02,ICC Men's Cricket World Cup League 2,qualification_pathway,"Maple Leaf North-West Ground, King City",King City,Namibia,Canada,1498184,https://www.espncricinfo.com/ci/engine/match/1498184.html,,,unverified_candidate,"site:espncricinfo.com ""Namibia"" ""Canada"" ""2025-09-02"" preview pitch conditions",,,,,,,,,,,,,,,,
1448355,2025-09-04,South Africa tour of England,bilateral_series,"Lord's, London",London,South Africa,England,1448355,https://www.espncricinfo.com/ci/engine/match/1448355.html,,,unverified_candidate,"site:espncricinfo.com ""South Africa"" ""England"" ""2025-09-04"" preview pitch conditions",,,,,,,,,,,,,,,,
1498185,2025-09-04,ICC Men's Cricket World Cup League 2,qualification_pathway,"Maple Leaf North-West Ground, King City",King City,Scotland,Namibia,1498185,https://www.espncricinfo.com/ci/engine/match/1498185.html,,,unverified_candidate,"site:espncricinfo.com ""Scotland"" ""Namibia"" ""2025-09-04"" preview pitch conditions",,,,,,,,,,,,,,,,
1448356,2025-09-07,South Africa tour of England,bilateral_series,"The Rose Bowl, Southampton",Southampton,England,South Africa,1448356,https://www.espncricinfo.com/ci/engine/match/1448356.html,,,unverified_candidate,"site:espncricinfo.com ""England"" ""South Africa"" ""2025-09-07"" preview pitch conditions",,,,,,,,,,,,,,,,
1505122,2025-10-18,West Indies tour of Bangladesh,bilateral_series,"Shere Bangla National Stadium, Mirpur",Dhaka,Bangladesh,West Indies,1505122,https://www.espncricinfo.com/ci/engine/match/1505122.html,,,unverified_candidate,"site:espncricinfo.com ""Bangladesh"" ""West Indies"" ""2025-10-18"" preview pitch conditions",,,,,,,,,,,,,,,,
1478905,2025-10-23,India tour of Australia,bilateral_series,Adelaide Oval,Adelaide,India,Australia,1478905,https://www.espncricinfo.com/ci/engine/match/1478905.html,,,unverified_candidate,"site:espncricinfo.com ""India"" ""Australia"" ""2025-10-23"" preview pitch conditions",,,,,,,,,,,,,,,,
1505124,2025-10-23,West Indies tour of Bangladesh,bilateral_series,"Shere Bangla National Stadium, Mirpur",Dhaka,Bangladesh,West Indies,1505124,https://www.espncricinfo.com/ci/engine/match/1505124.html,,,unverified_candidate,"site:espncricinfo.com ""Bangladesh"" ""West Indies"" ""2025-10-23"" preview pitch conditions",,,,,,,,,,,,,,,,
1478906,2025-10-25,India tour of Australia,bilateral_series,Sydney Cricket Ground,Sydney,Australia,India,1478906,https://www.espncricinfo.com/ci/engine/match/1478906.html,,,unverified_candidate,"site:espncricinfo.com ""Australia"" ""India"" ""2025-10-25"" preview pitch conditions",,,,,,,,,,,,,,,,
1491720,2025-10-26,England tour of New Zealand,bilateral_series,"Bay Oval, Mount Maunganui",Mount Maunganui,England,New Zealand,1491720,https://www.espncricinfo.com/ci/engine/match/1491720.html,,,unverified_candidate,"site:espncricinfo.com ""England"" ""New Zealand"" ""2025-10-26"" preview pitch conditions",,,,,,,,,,,,,,,,
1507884,2025-10-26,ICC Men's Cricket World Cup League 2,qualification_pathway,Dubai International Cricket Stadium,Dubai,United States of America,Nepal,1507884,https://www.espncricinfo.com/ci/engine/match/1507884.html,,,unverified_candidate,"site:espncricinfo.com ""United States of America"" ""Nepal"" ""2025-10-26"" preview pitch conditions",,,,,,,,,,,,,,,,
1507885,2025-10-28,ICC Men's Cricket World Cup League 2,qualification_pathway,Dubai International Cricket Stadium,Dubai,United Arab Emirates,United States of America,1507885,https://www.espncricinfo.com/ci/engine/match/1507885.html,,,unverified_candidate,"site:espncricinfo.com ""United Arab Emirates"" ""United States of America"" ""2025-10-28"" preview pitch conditions",,,,,,,,,,,,,,,,
1491721,2025-10-29,England tour of New Zealand,bilateral_series,"Seddon Park, Hamilton",Hamilton,England,New Zealand,1491721,https://www.espncricinfo.com/ci/engine/match/1491721.html,,,unverified_candidate,"site:espncricinfo.com ""England"" ""New Zealand"" ""2025-10-29"" preview pitch conditions",,,,,,,,,,,,,,,,
1507886,2025-10-30,ICC Men's Cricket World Cup League 2,qualification_pathway,"ICC Academy, Dubai",Dubai,Nepal,United Arab Emirates,1507886,https://www.espncricinfo.com/ci/engine/match/1507886.html,,,unverified_candidate,"site:espncricinfo.com ""Nepal"" ""United Arab Emirates"" ""2025-10-30"" preview pitch conditions",,,,,,,,,,,,,,,,
1491722,2025-11-01,England tour of New Zealand,bilateral_series,"Sky Stadium, Wellington",Wellington,England,New Zealand,1491722,https://www.espncricinfo.com/ci/engine/match/1491722.html,,,unverified_candidate,"site:espncricinfo.com ""England"" ""New Zealand"" ""2025-11-01"" preview pitch conditions",,,,,,,,,,,,,,,,
1507887,2025-11-01,ICC Men's Cricket World Cup League 2,qualification_pathway,"ICC Academy, Dubai",Dubai,Nepal,United States of America,1507887,https://www.espncricinfo.com/ci/engine/match/1507887.html,,,unverified_candidate,"site:espncricinfo.com ""Nepal"" ""United States of America"" ""2025-11-01"" preview pitch conditions",,,,,,,,,,,,,,,,
1507888,2025-11-03,ICC Men's Cricket World Cup League 2,qualification_pathway,Dubai International Cricket Stadium,Dubai,United States of America,United Arab Emirates,1507888,https://www.espncricinfo.com/ci/engine/match/1507888.html,,,unverified_candidate,"site:espncricinfo.com ""United States of America"" ""United Arab Emirates"" ""2025-11-03"" preview pitch conditions",,,,,,,,,,,,,,,,
1501898,2025-11-04,South Africa tour of Pakistan,bilateral_series,"Iqbal Stadium, Faisalabad",Faisalabad,South Africa,Pakistan,1501898,https://www.espncricinfo.com/ci/engine/match/1501898.html,,,unverified_candidate,"site:espncricinfo.com ""South Africa"" ""Pakistan"" ""2025-11-04"" preview pitch conditions",,,,,,,,,,,,,,,,
1507889,2025-11-05,ICC Men's Cricket World Cup League 2,qualification_pathway,"ICC Academy, Dubai",Dubai,Nepal,United Arab Emirates,1507889,https://www.espncricinfo.com/ci/engine/match/1507889.html,,,unverified_candidate,"site:espncricinfo.com ""Nepal"" ""United Arab Emirates"" ""2025-11-05"" preview pitch conditions",,,,,,,,,,,,,,,,
1501899,2025-11-06,South Africa tour of Pakistan,bilateral_series,"Iqbal Stadium, Faisalabad",Faisalabad,Pakistan,South Africa,1501899,https://www.espncricinfo.com/ci/engine/match/1501899.html,,,unverified_candidate,"site:espncricinfo.com ""Pakistan"" ""South Africa"" ""2025-11-06"" preview pitch conditions",,,,,,,,,,,,,,,,
1501900,2025-11-08,South Africa tour of Pakistan,bilateral_series,"Iqbal Stadium, Faisalabad",Faisalabad,South Africa,Pakistan,1501900,https://www.espncricinfo.com/ci/engine/match/1501900.html,,,unverified_candidate,"site:espncricinfo.com ""South Africa"" ""Pakistan"" ""2025-11-08"" preview pitch conditions",,,,,,,,,,,,,,,,
1502167,2025-11-11,Sri Lanka tour of Pakistan,bilateral_series,Rawalpindi Cricket Stadium,Rawalpindi,Pakistan,Sri Lanka,1502167,https://www.espncricinfo.com/ci/engine/match/1502167.html,,,unverified_candidate,"site:espncricinfo.com ""Pakistan"" ""Sri Lanka"" ""2025-11-11"" preview pitch conditions",,,,,,,,,,,,,,,,
1502168,2025-11-14,Sri Lanka tour of Pakistan,bilateral_series,Rawalpindi Cricket Stadium,Rawalpindi,Sri Lanka,Pakistan,1502168,https://www.espncricinfo.com/ci/engine/match/1502168.html,,,unverified_candidate,"site:espncricinfo.com ""Sri Lanka"" ""Pakistan"" ""2025-11-14"" preview pitch conditions",,,,,,,,,,,,,,,,
1491728,2025-11-16,West Indies tour of New Zealand,bilateral_series,"Hagley Oval, Christchurch",Christchurch,New Zealand,West Indies,1491728,https://www.espncricinfo.com/ci/engine/match/1491728.html,,,unverified_candidate,"site:espncricinfo.com ""New Zealand"" ""West Indies"" ""2025-11-16"" preview pitch conditions",,,,,,,,,,,,,,,,
1502169,2025-11-16,Sri Lanka tour of Pakistan,bilateral_series,Rawalpindi Cricket Stadium,Rawalpindi,Sri Lanka,Pakistan,1502169,https://www.espncricinfo.com/ci/engine/match/1502169.html,,,unverified_candidate,"site:espncricinfo.com ""Sri Lanka"" ""Pakistan"" ""2025-11-16"" preview pitch conditions",,,,,,,,,,,,,,,,
1491729,2025-11-19,West Indies tour of New Zealand,bilateral_series,"McLean Park, Napier",Napier,West Indies,New Zealand,1491729,https://www.espncricinfo.com/ci/engine/match/1491729.html,,,unverified_candidate,"site:espncricinfo.com ""West Indies"" ""New Zealand"" ""2025-11-19"" preview pitch conditions",,,,,,,,,,,,,,,,
1491730,2025-11-22,West Indies tour of New Zealand,bilateral_series,"Seddon Park, Hamilton",Hamilton,West Indies,New Zealand,1491730,https://www.espncricinfo.com/ci/engine/match/1491730.html,,,unverified_candidate,"site:espncricinfo.com ""West Indies"" ""New Zealand"" ""2025-11-22"" preview pitch conditions",,,,,,,,,,,,,,,,
1479573,2025-11-30,South Africa tour of India,bilateral_series,"JSCA International Stadium Complex, Ranchi",Ranchi,India,South Africa,1479573,https://www.espncricinfo.com/ci/engine/match/1479573.html,,,unverified_candidate,"site:espncricinfo.com ""India"" ""South Africa"" ""2025-11-30"" preview pitch conditions",,,,,,,,,,,,,,,,
1479574,2025-12-03,South Africa tour of India,bilateral_series,"Shaheed Veer Narayan Singh International Stadium, Raipur",Raipur,India,South Africa,1479574,https://www.espncricinfo.com/ci/engine/match/1479574.html,,,unverified_candidate,"site:espncricinfo.com ""India"" ""South Africa"" ""2025-12-03"" preview pitch conditions",,,,,,,,,,,,,,,,
1479575,2025-12-06,South Africa tour of India,bilateral_series,"Dr. Y.S. Rajasekhara Reddy ACA-VDCA Cricket Stadium, Visakhapatnam",Visakhapatnam,South Africa,India,1479575,https://www.espncricinfo.com/ci/engine/match/1479575.html,,,unverified_candidate,"site:espncricinfo.com ""South Africa"" ""India"" ""2025-12-06"" preview pitch conditions",,,,,,,,,,,,,,,,
1490231,2026-01-11,New Zealand tour of India,bilateral_series,"Kotambi Stadium, Vadodara",Vadodara,New Zealand,India,1490231,https://www.espncricinfo.com/ci/engine/match/1490231.html,,,unverified_candidate,"site:espncricinfo.com ""New Zealand"" ""India"" ""2026-01-11"" preview pitch conditions",,,,,,,,,,,,,,,,
1490232,2026-01-14,New Zealand tour of India,bilateral_series,"Niranjan Shah Stadium, Rajkot",Rajkot,India,New Zealand,1490232,https://www.espncricinfo.com/ci/engine/match/1490232.html,,,unverified_candidate,"site:espncricinfo.com ""India"" ""New Zealand"" ""2026-01-14"" preview pitch conditions",,,,,,,,,,,,,,,,
1490233,2026-01-18,New Zealand tour of India,bilateral_series,"Holkar Cricket Stadium, Indore",Indore,New Zealand,India,1490233,https://www.espncricinfo.com/ci/engine/match/1490233.html,,,unverified_candidate,"site:espncricinfo.com ""New Zealand"" ""India"" ""2026-01-18"" preview pitch conditions",,,,,,,,,,,,,,,,
1507716,2026-01-22,England tour of Sri Lanka,bilateral_series,"R Premadasa Stadium, Colombo",Colombo,Sri Lanka,England,1507716,https://www.espncricinfo.com/ci/engine/match/1507716.html,,,unverified_candidate,"site:espncricinfo.com ""Sri Lanka"" ""England"" ""2026-01-22"" preview pitch conditions",,,,,,,,,,,,,,,,
1507717,2026-01-24,England tour of Sri Lanka,bilateral_series,"R Premadasa Stadium, Colombo",Colombo,Sri Lanka,England,1507717,https://www.espncricinfo.com/ci/engine/match/1507717.html,,,unverified_candidate,"site:espncricinfo.com ""Sri Lanka"" ""England"" ""2026-01-24"" preview pitch conditions",,,,,,,,,,,,,,,,
1507718,2026-01-27,England tour of Sri Lanka,bilateral_series,"R Premadasa Stadium, Colombo",Colombo,England,Sri Lanka,1507718,https://www.espncricinfo.com/ci/engine/match/1507718.html,,,unverified_candidate,"site:espncricinfo.com ""England"" ""Sri Lanka"" ""2026-01-27"" preview pitch conditions",,,,,,,,,,,,,,,,
1525652,2026-03-11,Pakistan tour of Bangladesh,bilateral_series,"Shere Bangla National Stadium, Mirpur",Dhaka,Pakistan,Bangladesh,1525652,https://www.espncricinfo.com/ci/engine/match/1525652.html,,,unverified_candidate,"site:espncricinfo.com ""Pakistan"" ""Bangladesh"" ""2026-03-11"" preview pitch conditions",,,,,,,,,,,,,,,,
1525654,2026-03-15,Pakistan tour of Bangladesh,bilateral_series,"Shere Bangla National Stadium, Mirpur",Dhaka,Bangladesh,Pakistan,1525654,https://www.espncricinfo.com/ci/engine/match/1525654.html,,,unverified_candidate,"site:espncricinfo.com ""Bangladesh"" ""Pakistan"" ""2026-03-15"" preview pitch conditions",,,,,,,,,,,,,,,,
1529140,2026-04-04,ICC Men's Cricket World Cup League 2,qualification_pathway,"Namibia Cricket Ground, Windhoek",Windhoek,Namibia,Oman,1529140,https://www.espncricinfo.com/ci/engine/match/1529140.html,,,unverified_candidate,"site:espncricinfo.com ""Namibia"" ""Oman"" ""2026-04-04"" preview pitch conditions",,,,,,,,,,,,,,,,
1529142,2026-04-08,ICC Men's Cricket World Cup League 2,qualification_pathway,"Namibia Cricket Ground, Windhoek",Windhoek,Oman,Scotland,1529142,https://www.espncricinfo.com/ci/engine/match/1529142.html,,,unverified_candidate,"site:espncricinfo.com ""Oman"" ""Scotland"" ""2026-04-08"" preview pitch conditions",,,,,,,,,,,,,,,,
1529143,2026-04-10,ICC Men's Cricket World Cup League 2,qualification_pathway,"Namibia Cricket Ground, Windhoek",Windhoek,Oman,Namibia,1529143,https://www.espncricinfo.com/ci/engine/match/1529143.html,,,unverified_candidate,"site:espncricinfo.com ""Oman"" ""Namibia"" ""2026-04-10"" preview pitch conditions",,,,,,,,,,,,,,,,
1529144,2026-04-12,ICC Men's Cricket World Cup League 2,qualification_pathway,"Namibia Cricket Ground, Windhoek",Windhoek,Namibia,Scotland,1529144,https://www.espncricinfo.com/ci/engine/match/1529144.html,,,unverified_candidate,"site:espncricinfo.com ""Namibia"" ""Scotland"" ""2026-04-12"" preview pitch conditions",,,,,,,,,,,,,,,,
1528272,2026-04-17,New Zealand tour of Bangladesh,bilateral_series,"Shere Bangla National Stadium, Mirpur",Dhaka,New Zealand,Bangladesh,1528272,https://www.espncricinfo.com/ci/engine/match/1528272.html,,,unverified_candidate,"site:espncricinfo.com ""New Zealand"" ""Bangladesh"" ""2026-04-17"" preview pitch conditions",,,,,,,,,,,,,,,,
1528273,2026-04-20,New Zealand tour of Bangladesh,bilateral_series,"Shere Bangla National Stadium, Mirpur",Dhaka,New Zealand,Bangladesh,1528273,https://www.espncricinfo.com/ci/engine/match/1528273.html,,,unverified_candidate,"site:espncricinfo.com ""New Zealand"" ""Bangladesh"" ""2026-04-20"" preview pitch conditions",,,,,,,,,,,,,,,,
1528274,2026-04-23,New Zealand tour of Bangladesh,bilateral_series,"Bir Sreshtho Flight Lieutenant Matiur Rahman Stadium, Chattogram",Chattogram,Bangladesh,New Zealand,1528274,https://www.espncricinfo.com/ci/engine/match/1528274.html,,,unverified_candidate,"site:espncricinfo.com ""Bangladesh"" ""New Zealand"" ""2026-04-23"" preview pitch conditions",,,,,,,,,,,,,,,,
1531696,2026-04-25,ICC Men's Cricket World Cup League 2,qualification_pathway,"Tribhuvan University International Cricket Ground, Kirtipur",Kirtipur,Nepal,United Arab Emirates,1531696,https://www.espncricinfo.com/ci/engine/match/1531696.html,,,unverified_candidate,"site:espncricinfo.com ""Nepal"" ""United Arab Emirates"" ""2026-04-25"" preview pitch conditions",,,,,,,,,,,,,,,,
1531697,2026-04-27,ICC Men's Cricket World Cup League 2,qualification_pathway,"Tribhuvan University International Cricket Ground, Kirtipur",Kirtipur,United Arab Emirates,Oman,1531697,https://www.espncricinfo.com/ci/engine/match/1531697.html,,,unverified_candidate,"site:espncricinfo.com ""United Arab Emirates"" ""Oman"" ""2026-04-27"" preview pitch conditions",,,,,,,,,,,,,,,,
1531700,2026-05-03,ICC Men's Cricket World Cup League 2,qualification_pathway,"Tribhuvan University International Cricket Ground, Kirtipur",Kirtipur,United Arab Emirates,Oman,1531700,https://www.espncricinfo.com/ci/engine/match/1531700.html,,,unverified_candidate,"site:espncricinfo.com ""United Arab Emirates"" ""Oman"" ""2026-05-03"" preview pitch conditions",,,,,,,,,,,,,,,,
1531701,2026-05-05,ICC Men's Cricket World Cup League 2,qualification_pathway,"Tribhuvan University International Cricket Ground, Kirtipur",Kirtipur,Nepal,Oman,1531701,https://www.espncricinfo.com/ci/engine/match/1531701.html,,,unverified_candidate,"site:espncricinfo.com ""Nepal"" ""Oman"" ""2026-05-05"" preview pitch conditions",,,,,,,,,,,,,,,,
1531704,2026-05-16,ICC Men's Cricket World Cup League 2,qualification_pathway,"Tribhuvan University International Cricket Ground, Kirtipur",Kirtipur,United States of America,Nepal,1531704,https://www.espncricinfo.com/ci/engine/match/1531704.html,,,unverified_candidate,"site:espncricinfo.com ""United States of America"" ""Nepal"" ""2026-05-16"" preview pitch conditions",,,,,,,,,,,,,,,,
1531705,2026-05-18,ICC Men's Cricket World Cup League 2,qualification_pathway,"Tribhuvan University International Cricket Ground, Kirtipur",Kirtipur,Scotland,Nepal,1531705,https://www.espncricinfo.com/ci/engine/match/1531705.html,,,unverified_candidate,"site:espncricinfo.com ""Scotland"" ""Nepal"" ""2026-05-18"" preview pitch conditions",,,,,,,,,,,,,,,,
1531706,2026-05-20,ICC Men's Cricket World Cup League 2,qualification_pathway,"Tribhuvan University International Cricket Ground, Kirtipur",Kirtipur,Scotland,United States of America,1531706,https://www.espncricinfo.com/ci/engine/match/1531706.html,,,unverified_candidate,"site:espncricinfo.com ""Scotland"" ""United States of America"" ""2026-05-20"" preview pitch conditions",,,,,,,,,,,,,,,,
1531707,2026-05-22,ICC Men's Cricket World Cup League 2,qualification_pathway,"Tribhuvan University International Cricket Ground, Kirtipur",Kirtipur,Nepal,United States of America,1531707,https://www.espncricinfo.com/ci/engine/match/1531707.html,,,unverified_candidate,"site:espncricinfo.com ""Nepal"" ""United States of America"" ""2026-05-22"" preview pitch conditions",,,,,,,,,,,,,,,,
1535645,2026-05-30,Australia tour of Pakistan,bilateral_series,Rawalpindi Cricket Stadium,Rawalpindi,Australia,Pakistan,1535645,https://www.espncricinfo.com/ci/engine/match/1535645.html,,,unverified_candidate,"site:espncricinfo.com ""Australia"" ""Pakistan"" ""2026-05-30"" preview pitch conditions",,,,,,,,,,,,,,,,
1535646,2026-06-02,Australia tour of Pakistan,bilateral_series,"Gaddafi Stadium, Lahore",Lahore,Australia,Pakistan,1535646,https://www.espncricinfo.com/ci/engine/match/1535646.html,,,unverified_candidate,"site:espncricinfo.com ""Australia"" ""Pakistan"" ""2026-06-02"" preview pitch conditions",,,,,,,,,,,,,,,,
1538304,2026-06-03,Sri Lanka tour of West Indies,bilateral_series,"Sabina Park, Kingston, Jamaica",Kingston,Sri Lanka,West Indies,1538304,https://www.espncricinfo.com/ci/engine/match/1538304.html,,,unverified_candidate,"site:espncricinfo.com ""Sri Lanka"" ""West Indies"" ""2026-06-03"" preview pitch conditions",,,,,,,,,,,,,,,,
1535647,2026-06-04,Australia tour of Pakistan,bilateral_series,"Gaddafi Stadium, Lahore",Lahore,Australia,Pakistan,1535647,https://www.espncricinfo.com/ci/engine/match/1535647.html,,,unverified_candidate,"site:espncricinfo.com ""Australia"" ""Pakistan"" ""2026-06-04"" preview pitch conditions",,,,,,,,,,,,,,,,
1538425,2026-06-06,ICC Men's Cricket World Cup League 2,qualification_pathway,"Maple Leaf North-West Ground, King City",King City,Canada,United States of America,1538425,https://www.espncricinfo.com/ci/engine/match/1538425.html,,,unverified_candidate,"site:espncricinfo.com ""Canada"" ""United States of America"" ""2026-06-06"" preview pitch conditions",,,,,,,,,,,,,,,,
1538426,2026-06-08,ICC Men's Cricket World Cup League 2,qualification_pathway,"Maple Leaf North-West Ground, King City",King City,Netherlands,United States of America,1538426,https://www.espncricinfo.com/ci/engine/match/1538426.html,,,unverified_candidate,"site:espncricinfo.com ""Netherlands"" ""United States of America"" ""2026-06-08"" preview pitch conditions",,,,,,,,,,,,,,,,
1538427,2026-06-10,ICC Men's Cricket World Cup League 2,qualification_pathway,"Maple Leaf North-West Ground, King City",King City,Netherlands,Canada,1538427,https://www.espncricinfo.com/ci/engine/match/1538427.html,,,unverified_candidate,"site:espncricinfo.com ""Netherlands"" ""Canada"" ""2026-06-10"" preview pitch conditions",,,,,,,,,,,,,,,,
1538428,2026-06-12,ICC Men's Cricket World Cup League 2,qualification_pathway,"Maple Leaf North-West Ground, King City",King City,Canada,United States of America,1538428,https://www.espncricinfo.com/ci/engine/match/1538428.html,,,unverified_candidate,"site:espncricinfo.com ""Canada"" ""United States of America"" ""2026-06-12"" preview pitch conditions",,,,,,,,,,,,,,,,
1532482,2026-06-14,Australia tour of Bangladesh,bilateral_series,"Shere Bangla National Stadium, Mirpur",Dhaka,Bangladesh,Australia,1532482,https://www.espncricinfo.com/ci/engine/match/1532482.html,,,unverified_candidate,"site:espncricinfo.com ""Bangladesh"" ""Australia"" ""2026-06-14"" preview pitch conditions",,,,,,,,,,,,,,,,
1538298,2026-07-06,Bangladesh tour of Zimbabwe,bilateral_series,Harare Sports Club,Harare,Zimbabwe,Bangladesh,1538298,https://www.espncricinfo.com/ci/engine/match/1538298.html,,,unverified_candidate,"site:espncricinfo.com ""Zimbabwe"" ""Bangladesh"" ""2026-07-06"" preview pitch conditions",,,,,,,,,,,,,,,,
1538299,2026-07-09,Bangladesh tour of Zimbabwe,bilateral_series,Harare Sports Club,Harare,Zimbabwe,Bangladesh,1538299,https://www.espncricinfo.com/ci/engine/match/1538299.html,,,unverified_candidate,"site:espncricinfo.com ""Zimbabwe"" ""Bangladesh"" ""2026-07-09"" preview pitch conditions",,,,,,,,,,,,,,,,
1538300,2026-07-11,Bangladesh tour of Zimbabwe,bilateral_series,Harare Sports Club,Harare,Zimbabwe,Bangladesh,1538300,https://www.espncricinfo.com/ci/engine/match/1538300.html,,,unverified_candidate,"site:espncricinfo.com ""Zimbabwe"" ""Bangladesh"" ""2026-07-11"" preview pitch conditions",,,,,,,,,,,,,,,,
1538624,2026-07-11,New Zealand tour of West Indies,bilateral_series,"Providence Stadium, Guyana",Providence,New Zealand,West Indies,1538624,https://www.espncricinfo.com/ci/engine/match/1538624.html,,,unverified_candidate,"site:espncricinfo.com ""New Zealand"" ""West Indies"" ""2026-07-11"" preview pitch conditions",,,,,,,,,,,,,,,,
1538625,2026-07-13,New Zealand tour of West Indies,bilateral_series,"Providence Stadium, Guyana",Providence,West Indies,New Zealand,1538625,https://www.espncricinfo.com/ci/engine/match/1538625.html,,,unverified_candidate,"site:espncricinfo.com ""West Indies"" ""New Zealand"" ""2026-07-13"" preview pitch conditions",,,,,,,,,,,,,,,,
1496579,2026-07-14,India tour of England,bilateral_series,"Edgbaston, Birmingham",Birmingham,England,India,1496579,https://www.espncricinfo.com/ci/engine/match/1496579.html,,,unverified_candidate,"site:espncricinfo.com ""England"" ""India"" ""2026-07-14"" preview pitch conditions",,,,,,,,,,,,,,,,
1496580,2026-07-16,India tour of England,bilateral_series,"Sophia Gardens, Cardiff",Cardiff,India,England,1496580,https://www.espncricinfo.com/ci/engine/match/1496580.html,,,unverified_candidate,"site:espncricinfo.com ""India"" ""England"" ""2026-07-16"" preview pitch conditions",,,,,,,,,,,,,,,,
1538626,2026-07-16,New Zealand tour of West Indies,bilateral_series,"Providence Stadium, Guyana",Providence,West Indies,New Zealand,1538626,https://www.espncricinfo.com/ci/engine/match/1538626.html,,,unverified_candidate,"site:espncricinfo.com ""West Indies"" ""New Zealand"" ""2026-07-16"" preview pitch conditions",,,,,,,,,,,,,,,,
1496581,2026-07-19,India tour of England,bilateral_series,"Lord's, London",London,England,India,1496581,https://www.espncricinfo.com/ci/engine/match/1496581.html,,,unverified_candidate,"site:espncricinfo.com ""England"" ""India"" ""2026-07-19"" preview pitch conditions",,,,,,,,,,,,,,,,
1538627,2026-07-19,New Zealand tour of West Indies,bilateral_series,"Kensington Oval, Bridgetown, Barbados",Bridgetown,West Indies,New Zealand,1538627,https://www.espncricinfo.com/ci/engine/match/1538627.html,,,unverified_candidate,"site:espncricinfo.com ""West Indies"" ""New Zealand"" ""2026-07-19"" preview pitch conditions",,,,,,,,,,,,,,,,
1538628,2026-07-21,New Zealand tour of West Indies,bilateral_series,"Kensington Oval, Bridgetown, Barbados",Bridgetown,New Zealand,West Indies,1538628,https://www.espncricinfo.com/ci/engine/match/1538628.html,,,unverified_candidate,"site:espncricinfo.com ""New Zealand"" ""West Indies"" ""2026-07-21"" preview pitch conditions",,,,,,,,,,,,,,,,
1544124,2026-07-21,ICC Men's Cricket World Cup League 2,qualification_pathway,"Sportpark Maarschalkerweerd, Utrecht",Utrecht,Nepal,Namibia,1544124,https://www.espncricinfo.com/ci/engine/match/1544124.html,,,unverified_candidate,"site:espncricinfo.com ""Nepal"" ""Namibia"" ""2026-07-21"" preview pitch conditions",,,,,,,,,,,,,,,,
1544125,2026-07-23,ICC Men's Cricket World Cup League 2,qualification_pathway,"Sportpark Maarschalkerweerd, Utrecht",Utrecht,Nepal,Netherlands,1544125,https://www.espncricinfo.com/ci/engine/match/1544125.html,,,unverified_candidate,"site:espncricinfo.com ""Nepal"" ""Netherlands"" ""2026-07-23"" preview pitch conditions",,,,,,,,,,,,,,,,
1544126,2026-07-25,ICC Men's Cricket World Cup League 2,qualification_pathway,"Sportpark Maarschalkerweerd, Utrecht",Utrecht,Netherlands,Namibia,1544126,https://www.espncricinfo.com/ci/engine/match/1544126.html,,,unverified_candidate,"site:espncricinfo.com ""Netherlands"" ""Namibia"" ""2026-07-25"" preview pitch conditions",,,,,,,,,,,,,,,,
1544127,2026-07-27,ICC Men's Cricket World Cup League 2,qualification_pathway,"Sportpark Maarschalkerweerd, Utrecht",Utrecht,Namibia,Nepal,1544127,https://www.espncricinfo.com/ci/engine/match/1544127.html,,,unverified_candidate,"site:espncricinfo.com ""Namibia"" ""Nepal"" ""2026-07-27"" preview pitch conditions",,,,,,,,,,,,,,,,
1544128,2026-07-29,ICC Men's Cricket World Cup League 2,qualification_pathway,"Sportpark Maarschalkerweerd, Utrecht",Utrecht,Netherlands,Nepal,1544128,https://www.espncricinfo.com/ci/engine/match/1544128.html,,,unverified_candidate,"site:espncricinfo.com ""Netherlands"" ""Nepal"" ""2026-07-29"" preview pitch conditions",,,,,,,,,,,,,,,,
1544129,2026-07-31,ICC Men's Cricket World Cup League 2,qualification_pathway,"Sportpark Maarschalkerweerd, Utrecht",Utrecht,Netherlands,Namibia,1544129,https://www.espncricinfo.com/ci/engine/match/1544129.html,,,unverified_candidate,"site:espncricinfo.com ""Netherlands"" ""Namibia"" ""2026-07-31"" preview pitch conditions",,,,,,,,,,,,,,,,
1546000,2026-08-07,ICC Men's Cricket World Cup League 2,qualification_pathway,"Forthill, Dundee",Dundee,Scotland,Canada,1546000,https://www.espncricinfo.com/ci/engine/match/1546000.html,,,unverified_candidate,"site:espncricinfo.com ""Scotland"" ""Canada"" ""2026-08-07"" preview pitch conditions",,,,,,,,,,,,,,,,
1546001,2026-08-09,ICC Men's Cricket World Cup League 2,qualification_pathway,"Forthill, Dundee",Dundee,United Arab Emirates,Scotland,1546001,https://www.espncricinfo.com/ci/engine/match/1546001.html,,,unverified_candidate,"site:espncricinfo.com ""United Arab Emirates"" ""Scotland"" ""2026-08-09"" preview pitch conditions",,,,,,,,,,,,,,,,
1546002,2026-08-11,ICC Men's Cricket World Cup League 2,qualification_pathway,"Forthill, Dundee",Dundee,United Arab Emirates,Canada,1546002,https://www.espncricinfo.com/ci/engine/match/1546002.html,,,unverified_candidate,"site:espncricinfo.com ""United Arab Emirates"" ""Canada"" ""2026-08-11"" preview pitch conditions",,,,,,,,,,,,,,,,
1546003,2026-08-13,ICC Men's Cricket World Cup League 2,qualification_pathway,"Forthill, Dundee",Dundee,Scotland,Canada,1546003,https://www.espncricinfo.com/ci/engine/match/1546003.html,,,unverified_candidate,"site:espncricinfo.com ""Scotland"" ""Canada"" ""2026-08-13"" preview pitch conditions",,,,,,,,,,,,,,,,
1549965,2026-09-08,ACC Men's Premier Cup,other_odi,"YSD-UKM Cricket Oval, Bangi",Bangi,United Arab Emirates,Oman,1549965,https://www.espncricinfo.com/ci/engine/match/1549965.html,,,unverified_candidate,"site:espncricinfo.com ""United Arab Emirates"" ""Oman"" ""2026-09-08"" preview pitch conditions",,,,,,,,,,,,,,,,
