cricsheet_match_id,source_url,source_title,legacy_sequence,coding_standard,reaudit_status,original_pitch_primary_category,original_batting_ease,original_pace_seam_support,original_spin_support,original_bounce_profile,original_two_paced_expected,original_dew_expected,reaudited_pitch_primary_category,reaudited_batting_ease,reaudited_pace_seam_support,reaudited_spin_support,reaudited_bounce_profile,reaudited_two_paced_expected,reaudited_dew_expected,reviewed_at_utc,reviewer_id,effect_evidence_note,review_note
656445,https://www.sportsjoe.ie/world-of-sport/ireland-south-africa-cricket-world-cup-preview-15358,Preview: Potent Proteas represent a big step up in Irish opposition,1,legacy_pre_explicit_source_only,passed_unchanged,batting_friendly,2,,,,,,batting_friendly,2,,,,,,2026-09-13T08:36:04Z,ai_assisted_reaudit_01,Source explicitly says Manuka Oval is likely to provide a good batting pitch and that a total below 300 would be below par.,Re-opened eligible pre-match source and applied explicit-source-only rule.
1466424,https://crickettimes.com/2025/03/sa-vs-eng-champions-trophy-2025-national-stadium-pitch-report-karachi-weather-forecast-odi-stats-and-records-south-africa-vs-england/,"SA vs ENG, Champions Trophy 2025: National Stadium Pitch Report, Karachi Weather Forecast, ODI Stats and Records",2,legacy_pre_explicit_source_only,passed_revised,batting_friendly,2,1,,standard,,,batting_friendly,2,,,standard,,,2026-09-13T08:36:04Z,ai_assisted_reaudit_01,"Source calls the pitch batting-friendly/high-scoring with true, consistent bounce; it mentions only possible generic movement under lights.",Re-opened eligible pre-match source and applied explicit-source-only rule.
1187683,https://www.hindustantimes.com/cricket/india-vs-new-zealand-2nd-odi-auckland-weather-and-pitch-report-chances-of-rain-in-the-afternoon-at-eden-park-ind-vs-nz-2nd-odi/story-q4YCarQ32Yiym03hfdVmAK.html,India vs New Zealand 2nd ODI: Auckland weather and pitch report - Chances of rain in the afternoon at Eden Park,3,legacy_pre_explicit_source_only,passed_unchanged,batting_friendly,2,,,,,,batting_friendly,2,,,,,,2026-09-13T08:36:04Z,ai_assisted_reaudit_01,Source explicitly says the pitch is likely to remain batting-friendly.,Re-opened eligible pre-match source and applied explicit-source-only rule.
1133022,https://www.icc-cricket.com/tournaments/cricketworldcup/news/ireland-look-to-inflict-first-defeat-on-zimbabwe,Ireland look to inflict first defeat on Zimbabwe,4,legacy_pre_explicit_source_only,passed_unchanged,batting_friendly,2,,,,,,batting_friendly,2,,,,,,2026-09-13T08:36:04Z,ai_assisted_reaudit_01,Source explicitly says the pitch is expected to side with the batters.,Re-opened eligible pre-match source and applied explicit-source-only rule.
1384431,https://www.mykhel.com/cricket/mca-stadium-pune-pitch-report-weather-forecast-for-eng-vs-ned-icc-odi-world-cup-2023-match-40-244161.html,"MCA Stadium, Pune Pitch Report & Weather Forecast for ENG vs NED ICC ODI World Cup 2023 Match 40",5,legacy_pre_explicit_source_only,passed_unchanged,batting_friendly,2,1,1,,,0,batting_friendly,2,1,1,,,0,2026-09-13T08:36:04Z,ai_assisted_reaudit_01,"Source expects a batter-favouring surface, assistance for new-ball bowlers and middle-overs spinners, and no meaningful dew impact.",Re-opened eligible pre-match source and applied explicit-source-only rule.
1442223,https://www.mykhel.com/cricket/nz-vs-pak-playing-11-odi-tri-series-final-new-zealand-vs-pakistan-probable-playing-xi-preview-weather-and-pitch-report-340972.html,"NZ vs PAK Playing 11, ODI Tri-Series Final: New Zealand vs Pakistan Probable XI, Preview, Weather & Pitch Report",6,legacy_pre_explicit_source_only,passed_revised,batting_friendly,2,1,1,standard,,,batting_friendly,2,,1,standard,,,2026-09-13T08:36:04Z,ai_assisted_reaudit_01,"Source says the surface has favoured batters, indicates a high-scoring contest, provides good bounce/carry, and says spinners might come into play later.",Re-opened eligible pre-match source and applied explicit-source-only rule.
1442222,https://www.mykhel.com/cricket/pakistan-vs-south-africa-3rd-odi-pak-vs-sa-pitch-weather-forecast-karachi-national-stadium-report-340299.html,Pakistan vs South Africa 3rd ODI: PAK vs SA Pitch and Weather Forecast - Karachi National Stadium Report,7,legacy_pre_explicit_source_only,passed_unchanged,batting_friendly,2,1,1,standard,,,batting_friendly,2,1,1,standard,,,2026-09-13T08:36:04Z,ai_assisted_reaudit_01,"Source explicitly calls the pitch batting-friendly, says it offers good bounce benefiting fast bowlers early, and says spinners come into play later.",Re-opened eligible pre-match source and applied explicit-source-only rule.
1431089,https://www.crictracker.com/cricket-previews/ireland-vs-south-africa-match-preview-2nd-odi-2409-4246/,"IRE vs SA Match Preview, 2nd ODI: Head to Head records, pitch report and more",8,legacy_pre_explicit_source_only,passed_revised,pace_seam,1,2,,steep,,,pace_seam,1,2,,,,,2026-09-13T08:36:04Z,ai_assisted_reaudit_01,"Source says pacers reign supreme early, with ample bounce and movement, before the pitch becomes conducive to batting later.",Re-opened eligible pre-match source and applied explicit-source-only rule.
1146720,https://cricketaddictor.com/cricket/windies-vs-bangladesh-2018-1st-odi-guyana-match-preview/,"Windies Vs Bangladesh, 2018: 1st ODI, Guyana – Match Preview",9,legacy_pre_explicit_source_only,passed_revised,spin,,,2,,,,slow_two_paced,,,2,,1,,2026-09-13T08:36:04Z,ai_assisted_reaudit_01,Source explicitly expects the track to play on the slower side and says spinners will definitely come into action.,Re-opened eligible pre-match source and applied explicit-source-only rule.
1466428,https://www.mykhel.com/cricket/india-vs-new-zealand-toss-playing-11-update-for-champions-trophy-2025-final-rohit-sharma-loses-tos-346037.html,"India vs New Zealand Toss, Playing 11 Update for Champions Trophy 2025 Final: Rohit Sharma loses toss again, NZ opt to bat first",10,legacy_pre_explicit_source_only,passed_revised,slow_two_paced,0,,2,,,,slow_two_paced,,,2,,1,,2026-09-13T08:36:04Z,ai_assisted_reaudit_01,Source explicitly describes the expected surface as slow and says spin will be a key factor.,Re-opened eligible pre-match source and applied explicit-source-only rule.
1022371,https://www.icc-cricket.com/news/advantage-england-but-that-counts-for-little,"Advantage England, but that counts for little",11,legacy_pre_explicit_source_only,passed_revised,spin,1,,1,,,,spin,,,1,,,,2026-09-13T08:36:04Z,ai_assisted_reaudit_01,"Source says reuse and wear could give spinners a bigger role, while short straight boundaries could negate that assistance.",Re-opened eligible pre-match source and applied explicit-source-only rule.
1431088,https://www.crictracker.com/cricket-previews/ireland-vs-south-africa-match-preview-1st-odi/,"IRE vs SA Match Preview, 1st ODI: Head to Head records, pitch report and more",12,legacy_pre_explicit_source_only,passed_unchanged,pace_seam,1,1,,,,,pace_seam,1,1,,,,,2026-09-13T08:36:04Z,ai_assisted_reaudit_01,Source explicitly says the surface helps seamers early and later becomes flat in a way that helps batters.,Re-opened eligible pre-match source and applied explicit-source-only rule.
1490232,https://www.business-standard.com/cricket/news/india-vs-new-zealand-2nd-odi-rajkot-pitch-report-key-stadium-stats-126011300726_1.html,"India vs New Zealand 2nd ODI: Rajkot pitch report, key stadium stats",13,legacy_pre_explicit_source_only,passed_unchanged,batting_friendly,2,,,standard,,,batting_friendly,2,,,standard,,,2026-09-13T08:36:04Z,ai_assisted_reaudit_01,Source expects the pitch to heavily favour batters in a high-scoring match and explicitly describes consistent bounce and steady carry.,Re-opened eligible pre-match source and applied explicit-source-only rule.
1020037,https://www.icc-cricket.com/news/new-zealand-v-south-africa-4th-odi-hamilton-preview,"New Zealand v South Africa, 4th ODI, Hamilton – Preview",14,legacy_pre_explicit_source_only,passed_unchanged,spin,,,2,,,,spin,,,2,,,,2026-09-13T08:36:04Z,ai_assisted_reaudit_01,"Source explicitly links an added offspinner to the Hamilton surface, which it says provided considerable turn earlier in the series.",Re-opened eligible pre-match source and applied explicit-source-only rule.
932855,https://www.cricket.com.au/news/3272889/history-points-to-runs-fest-in-st-kitts,History points to runs-fest in St Kitts,15,legacy_pre_explicit_source_only,passed_unchanged,batting_friendly,2,,,,,,batting_friendly,2,,,,,,2026-09-13T08:36:04Z,ai_assisted_reaudit_01,Source predicts high scoring and says venue history suggests runs will flow more freely.,Re-opened eligible pre-match source and applied explicit-source-only rule.
1144485,https://www.icc-cricket.com/tournaments/cricketworldcup/news/confident-new-zealand-ready-to-kick-off-their-world-cup-campaign,Confident New Zealand ready to kick-off their World Cup campaign,16,legacy_pre_explicit_source_only,passed_unchanged,batting_friendly,2,,,,,,batting_friendly,2,,,,,,2026-09-13T08:36:04Z,ai_assisted_reaudit_01,Source explicitly expects a full match with lots of runs after both completed warm-ups exceeded 300.,Re-opened eligible pre-match source and applied explicit-source-only rule.
1020013,https://www.cricket.com.au/news/3287986,Starc returns to NZ happy hunting ground,17,legacy_pre_explicit_source_only,passed_unchanged,pace_seam,,2,,,,,pace_seam,,2,,,,,2026-09-13T08:36:04Z,ai_assisted_reaudit_01,"Source explicitly predicts pace-friendly conditions with swing, lateral movement, and some nip in the wicket.",Re-opened eligible pre-match source and applied explicit-source-only rule.
1174239,https://dailytimes.com.pk/368951/pakistan-take-on-australia-in-second-odi-today/,Pakistan take on Australia in second ODI today,18,legacy_pre_explicit_source_only,passed_unchanged,batting_friendly,2,0,1,,,,batting_friendly,2,0,1,,,,2026-09-13T08:36:04Z,ai_assisted_reaudit_01,"Source says high scoring and aggressive batting will be required, with a hint of slow spin and little to nothing for pacers.",Re-opened eligible pre-match source and applied explicit-source-only rule.
1203674,https://cricketireland.ie/news/match-preview-ireland-v-west-indies-2nd-odi/,MATCH PREVIEW: Ireland v West Indies (2nd ODI),19,legacy_pre_explicit_source_only,passed_revised,pace_seam,0,1,,steep,,,unknown,,,,,,,2026-09-13T08:36:04Z,ai_assisted_reaudit_01,Source expects generic early help for bowlers after showers but does not explicitly attribute it to pace/seam or state current batting or bounce effects.,Re-opened eligible pre-match source and applied explicit-source-only rule.
1001371,https://www.cricket.com.au/news/3279017/pace-on-the-menu-as-rivalry-resumes,Pace on the menu as rivalry resumes,20,legacy_pre_explicit_source_only,passed_unchanged,batting_friendly,2,,,,,,batting_friendly,2,,,,,,2026-09-13T08:36:04Z,ai_assisted_reaudit_01,Source explicitly says to expect plenty of runs after six consecutive venue ODIs produced 300-plus scores.,Re-opened eligible pre-match source and applied explicit-source-only rule.
1507717,https://cricketaddictor.com/cricket-news/sl-vs-eng-2nd-odi-preview-free-live-streaming-pitch-weather-report-head-to-head-stats-records-england-tour-of-sri-lanka-2026-380450/,"SL vs ENG 2nd ODI Preview: Free Live Streaming, Pitch & Weather Report, Head-to-Head, Stats & Records",21,legacy_pre_explicit_source_only,passed_revised,spin,1,0,2,standard,,,spin,1,0,2,standard,1,,2026-09-13T08:36:04Z,ai_assisted_reaudit_01,"Source says batters can score freely early with good bounce, then the pitch slows and gives increasing grip and turn to spinners, with little pace/seam help.",Re-opened eligible pre-match source and applied explicit-source-only rule.
1388393,https://www.mykhel.com/cricket/bangladesh-vs-sri-lanka-asia-cup-2023-kandy-stadium-pitch-report-weather-forecast-230193.html,"Bangladesh vs Sri Lanka, Asia Cup 2023: Pallekele International Cricket Stadium Pitch Report & Weather Forecast",22,legacy_pre_explicit_source_only,passed_revised,balanced,1,1,1,,,,unknown,,1,1,,,,2026-09-13T08:36:04Z,ai_assisted_reaudit_01,"Source states that quick bowlers receive early assistance and slower bowlers are favoured later, without stating a dominant primary effect or batting ease.",Re-opened eligible pre-match source and applied explicit-source-only rule.
1022351,https://www.icc-cricket.com/news/preview-sri-lanka-v-south-africa,Preview: Sri Lanka v South Africa,23,legacy_pre_explicit_source_only,passed_unchanged,batting_friendly,2,,,standard,,,batting_friendly,2,,,standard,,,2026-09-13T08:36:04Z,ai_assisted_reaudit_01,"Source explicitly calls the pitch a batter’s paradise, describes even bounce, and gives a 340–350 par expectation.",Re-opened eligible pre-match source and applied explicit-source-only rule.
1384422,https://www.telegraphindia.com/sports/cricket/pakistan-vs-bangladesh-eden-gardens-pitch-likely-to-aid-quicks-with-extra-bounce/cid/1976525,Pakistan vs Bangladesh: Eden Gardens pitch likely to aid quicks with extra bounce,24,legacy_pre_explicit_source_only,source_unavailable,pace_seam,,2,,steep,,,,,,,,,,2026-09-13T08:36:04Z,ai_assisted_reaudit_01,,"Re-open attempt returned HTTP 403, so the legacy codes cannot yet be verified against source content."
1388403,https://www.thedailystar.net/star-multimedia/sports-multimedia/asia-cup-2023/news/nasum-tigers-opt-bowl-against-sl-3414611,Nasum in as Tigers opt to bowl against SL,25,legacy_pre_explicit_source_only,passed_revised,balanced,2,1,1,,,,batting_friendly,2,,1,,,,2026-09-13T08:36:04Z,ai_assisted_reaudit_01,Toss-time source calls it a good batting track and explicitly expects some turn; generic movement under lights was not assigned to pace/seam.,Re-opened eligible pre-match source and applied explicit-source-only rule.
1276908,https://www.business-standard.com/article/sports/eng-vs-ind-2nd-odi-pitch-report-and-weather-update-of-lord-s-london-122071301195_1.html,"ENG vs IND 2nd ODI: Pitch Report and Weather Update of Lord's, London",26,legacy_pre_explicit_source_only,passed_revised,pace_seam,1,2,,,,,pace_seam,,2,,,,,2026-09-13T08:39:38Z,ai_assisted_reaudit_01,Source explicitly says the Lord’s pitch supports swing bowlers and that the match wicket and low temperatures will help bowling and swing.,Re-opened eligible pre-match source and applied explicit-source-only rule.
1030219,https://www.hindustantimes.com/cricket/india-vs-nz-cool-dharamsala-could-offer-slight-advantage-to-medium-pacers/story-Jv52G9MTn6UMOuN7qVy6AI.html,India vs NZ: Cool Dharamsala could offer slight advantage to medium pacers,27,legacy_pre_explicit_source_only,passed_revised,pace_seam,1,1,,,,,pace_seam,,1,,,,,2026-09-13T08:39:38Z,ai_assisted_reaudit_01,Source says cooler temperatures might help pacers obtain more purchase and swing; grass and possible belter wording were not independently converted into effects.,Re-opened eligible pre-match source and applied explicit-source-only rule.
1466414,https://www.mykhel.com/cricket/champions-trophy-2025-pakistan-vs-new-zealand-pak-vs-nz-pitch-and-weather-forecast-karachi-stadium-341833.html,"Champions Trophy 2025: Pakistan vs New Zealand, PAK vs NZ Pitch and Weather Forecast- Karachi National Stadium Report",28,legacy_pre_explicit_source_only,passed_unchanged,batting_friendly,2,1,,standard,,,batting_friendly,2,1,,standard,,,2026-09-13T08:39:38Z,ai_assisted_reaudit_01,"Source calls the pitch favourable for batters with good bounce/carry, brief new-ball help for fast bowlers, and increasingly easy batting later.",Re-opened eligible pre-match source and applied explicit-source-only rule.
1496581,https://www.mykhel.com/cricket/india-vs-england-3rd-odi-lords-weather-forecast-pitch-report-probable-xis-and-match-preview-447347.html,"Who Has the Edge at Lord's? Weather, Pitch and Team News for IND vs ENG Decider",29,legacy_pre_explicit_source_only,passed_revised,balanced,2,2,1,steep,,,balanced,1,2,1,variable,,,2026-09-13T08:39:38Z,ai_assisted_reaudit_01,"Source calls Lord’s balanced and explicitly expects early seam and extra bounce, easier later batting, and later grip and variable bounce for spin.",Re-opened eligible pre-match source and applied explicit-source-only rule.
1496580,https://www.business-standard.com/amp/cricket/news/england-vs-india-2nd-odi-playing-11-live-time-ist-cardiff-stadium-stats-126071600275_1.html,"England vs India 2nd ODI Playing 11, live time (IST), Cardiff Stadium stats",30,legacy_pre_explicit_source_only,passed_revised,balanced,1,2,1,standard,,,pace_seam,,2,,,,,2026-09-13T08:39:38Z,ai_assisted_reaudit_01,"Source explicitly says Cardiff can provide early movement, bounce, and carry to fast bowlers; it does not state later spin or batting effects.",Re-opened eligible pre-match source and applied explicit-source-only rule.
1496579,https://www.business-standard.com/cricket/news/eng-vs-ind-1st-odi-where-to-watch-live-streaming-of-today-s-cricket-match-126071300656_1.html,ENG vs IND 1st ODI: Where to watch live streaming of today's cricket match?,31,legacy_pre_explicit_source_only,passed_revised,pace_seam,2,2,1,standard,,,pace_seam,,2,1,,,,2026-09-13T08:39:38Z,ai_assisted_reaudit_01,"Toss-time source explicitly says fast bowlers may be helped early and spin may enter later; grass, moisture, and generic “good surface” wording were not converted into effects.",Re-opened eligible pre-match source and applied explicit-source-only rule.
1538298,https://www.thedailystar.net/sports/cricket/news/tigers-bank-pacers-after-test-setback-4216626,Tigers bank on pacers after Test setback,32,legacy_pre_explicit_source_only,passed_revised,batting_friendly,2,,,,,,unknown,,,,,,,2026-09-13T08:39:38Z,ai_assisted_reaudit_01,Source states only that Harare generally produces high-scoring ODIs; historical venue scoring was not converted into a target-pitch batting effect.,Re-opened eligible pre-match source and applied explicit-source-only rule.
1532482,https://www.thedailystar.net/sports/cricket/news/labuschagne-looking-salvage-pride-dead-rubber-4197761,Labuschagne looking to salvage pride in dead rubber,33,legacy_pre_explicit_source_only,passed_revised,pace_seam,1,2,,standard,,,unknown,,,,,,,2026-09-13T08:39:38Z,ai_assisted_reaudit_01,"Source describes more pace and bounce than prior slow, low venues but does not explicitly state pace/seam bowling support or a codable bounce profile.",Re-opened eligible pre-match source and applied explicit-source-only rule.
1535647,https://www.dawn.com/news/2004997,"Series on the line as Pakistan, Australia brace for Lahore decider",34,legacy_pre_explicit_source_only,passed_revised,spin,1,0,2,,1,,spin,,0,2,,1,,2026-09-13T08:39:38Z,ai_assisted_reaudit_01,"Coach explicitly expects spin rather than quick wickets for the decider, after describing the series surface type as slow/sluggish.",Re-opened eligible pre-match source and applied explicit-source-only rule.
1535646,https://www.dawn.com/news/2004513,Pakistan eye series as Australia seek spin solution in Lahore,35,legacy_pre_explicit_source_only,passed_revised,spin,1,,2,,,,spin,1,,1,,,,2026-09-13T08:39:38Z,ai_assisted_reaudit_01,Player explicitly expects a similar wicket with some turn; the report also says a potentially batting-friendly surface may be offered.,Re-opened eligible pre-match source and applied explicit-source-only rule.
1528274,https://www.thedailystar.net/sports/cricket/news/beauty-pitch-puzzle-awaits-series-decider-4158331,‘Beauty’ of pitch puzzle awaits series decider,36,legacy_pre_explicit_source_only,passed_revised,balanced,,1,1,standard,,,unknown,,,,,,,2026-09-13T08:39:38Z,ai_assisted_reaudit_01,"Source emphasizes uncertainty: initial pace-and-bounce impressions may not translate, and it states no definite target-match bowling or batting effect.",Re-opened eligible pre-match source and applied explicit-source-only rule.
1507716,https://crickettimes.com/2026/01/sl-vs-eng-pitch-report-for-1st-odi-r-premadasa-stadium-stats-and-records/,"SL vs ENG: Pitch Report for 1st ODI, R.Premadasa Stadium Stats and Records",37,legacy_pre_explicit_source_only,passed_revised,spin,1,,2,,,,spin,,,2,,1,,2026-09-13T08:39:38Z,ai_assisted_reaudit_01,"Source expects significant grip and turn, a spin-dominated middle phase, and a surface that slows and sticks under lights.",Re-opened eligible pre-match source and applied explicit-source-only rule.
1490233,https://www.business-standard.com/amp/cricket/news/india-vs-new-zealand-3rd-odi-indore-pitch-report-key-stadium-stats-126011700947_1.html,"India vs New Zealand 3rd ODI: Indore pitch report, key stadium stats",38,legacy_pre_explicit_source_only,passed_unchanged,batting_friendly,2,,,,,,batting_friendly,2,,,,,,2026-09-13T08:39:38Z,ai_assisted_reaudit_01,"Source explicitly expects a batting-friendly, high-scoring match with easier early run scoring.",Re-opened eligible pre-match source and applied explicit-source-only rule.
1490231,https://www.business-standard.com/cricket/news/india-vs-new-zealand-1st-odi-vadodara-pitch-report-key-stadium-stats-126011000363_1.html,"India vs New Zealand 1st ODI: Vadodara pitch report, key stadium stats",39,legacy_pre_explicit_source_only,passed_unchanged,batting_friendly,2,0,1,standard,,,batting_friendly,2,0,1,standard,,,2026-09-13T08:39:38Z,ai_assisted_reaudit_01,"Source expects a batting-friendly high-total surface with true bounce, minimal early pace help, and slight later turn for spinners.",Re-opened eligible pre-match source and applied explicit-source-only rule.
1479575,https://indianexpress.com/article/sports/cricket/india-vs-south-africa-visakhapatnam-aca-vdca-cricket-stadium-pitch-report-weather-forecast-match-update-10404167/,"IND vs SA 3rd ODI Visakhapatnam ACA-VDCA Cricket Stadium Pitch Report, Weather Update",40,legacy_pre_explicit_source_only,passed_unchanged,batting_friendly,2,,,,,1,batting_friendly,2,,,,,1,2026-09-13T08:39:38Z,ai_assisted_reaudit_01,Source explicitly expects another high-scoring match and expects dew after sunset.,Re-opened eligible pre-match source and applied explicit-source-only rule.
1479574,https://indianexpress.com/article/sports/cricket/india-vs-south-africa-raipur-shaheed-veer-narayan-singh-international-stadium-pitch-report-weather-forecast-10398416/,"IND vs SA, 2nd ODI: What to expect from Raipur pitch and weather during India vs South Africa?",41,legacy_pre_explicit_source_only,passed_revised,balanced,1,2,0,,,,balanced,,,,,,,2026-09-13T08:39:38Z,ai_assisted_reaudit_01,Source explicitly expects a sporting wicket and fair bat-ball contest; historical pace-over-spin results were not converted into target-match support fields.,Re-opened eligible pre-match source and applied explicit-source-only rule.
1479573,https://indianexpress.com/article/sports/cricket/india-vs-south-africa-ranchi-jsca-international-stadium-pitch-report-weather-forecast-match-update-10393073/,IND vs SA 1st ODI: What will the conditions be like at Ranchi for India vs South Africa?,42,legacy_pre_explicit_source_only,passed_revised,balanced,1,1,2,standard,,1,balanced,1,1,2,standard,,,2026-09-13T08:39:38Z,ai_assisted_reaudit_01,"Source calls the pitch nearly balanced with a slight batting tilt, says bounce/carry help pacers, and expects increasing grip and turn for spin; dew is only conditional.",Re-opened eligible pre-match source and applied explicit-source-only rule.
1491729,https://cricketaddictor.com/cricket-news/nz-vs-wi-weather-report-pitch-report-of-mclean-park-napier-2nd-odi-west-indies-tour-of-new-zealand-2025-296615/,"NZ vs WI Weather Report, Pitch Report Of McLean Park, Napier- 2nd ODI, West Indies Tour of New Zealand 2025",43,legacy_pre_explicit_source_only,passed_revised,batting_friendly,2,1,0,standard,,,batting_friendly,2,1,,standard,,,2026-09-13T08:39:38Z,ai_assisted_reaudit_01,"Source expects good high-scoring batting conditions, reliable pace and bounce after the first hour, and some pacer help.",Re-opened eligible pre-match source and applied explicit-source-only rule.
1502169,https://cricketaddictor.com/cricket-news/pak-vs-sl-weather-report-pitch-report-of-rawalpindi-3rd-odi-sri-lanka-tour-of-pakistan-2025-291362/,"PAK vs SL Weather Report, Pitch Report Of Rawalpindi- 3rd ODI, Sri Lanka Tour of Pakistan 2025",44,legacy_pre_explicit_source_only,passed_revised,batting_friendly,2,1,0,standard,,1,batting_friendly,2,1,0,,,1,2026-09-13T08:39:38Z,ai_assisted_reaudit_01,"Source expects good batting, first-hour help for fast bowlers, little spinner influence, and possible second-innings dew; it does not state a bounce profile.",Re-opened eligible pre-match source and applied explicit-source-only rule.
1502167,https://crickettimes.com/2025/11/pakistan-vs-sri-lanka-2025-rawalpindi-pitch-report-odi-stats-and-records/,"Pakistan vs Sri Lanka 2025: Rawalpindi Pitch Report, ODI Stats and Records",45,legacy_pre_explicit_source_only,passed_revised,balanced,1,2,1,standard,,1,balanced,1,2,,standard,,1,2026-09-13T08:39:38Z,ai_assisted_reaudit_01,"Source calls the surface a fine bat-ball balance with good bounce/carry, early swing and seam for fast bowlers, and significant dew that eases later batting.",Re-opened eligible pre-match source and applied explicit-source-only rule.
1501899,https://www.dawn.com/news/1953418/pakistan-seek-odi-series-win-as-sa-eye-comeback,Pakistan seek ODI series win as South Africa eye comeback,46,legacy_pre_explicit_source_only,passed_revised,spin,1,1,2,variable,1,1,spin,1,,2,,,,2026-09-13T08:39:38Z,ai_assisted_reaudit_01,"Source explicitly expects batters to be favoured early and spinners to play a key role later; prior-match swing, dew, and variable behavior were not carried into target codes.",Re-opened eligible pre-match source and applied explicit-source-only rule.
1491720,https://crickettimes.com/2025/10/nz-vs-eng-pitch-report-for-1st-odi-bay-oval-stats-and-records/,"NZ vs ENG: Pitch Report for 1st ODI, Bay Oval Stats and Records",47,legacy_pre_explicit_source_only,passed_revised,balanced,1,,1,standard,1,,balanced,1,,,standard,1,,2026-09-13T08:39:38Z,ai_assisted_reaudit_01,"Source calls Bay Oval balanced, expects true-bounce early batting opportunity, and says the surface slows with bowlers gaining influence later.",Re-opened eligible pre-match source and applied explicit-source-only rule.
1478906,https://indianexpress.com/article/sports/cricket/india-vs-australia-3rd-odi-sydney-cricket-ground-pitch-report-weather-update-ind-vs-aus-10324904/,"IND vs AUS 3rd ODI Pitch Report, Weather Update: Will rain affect India vs Australia match at Sydney?",48,legacy_pre_explicit_source_only,passed_revised,batting_friendly,2,1,1,standard,,,batting_friendly,2,1,1,,,,2026-09-13T08:39:38Z,ai_assisted_reaudit_01,"Source calls Sydney traditionally conducive to batting, expects some help for seamers and spinners, and says batting improves under lights; no bounce profile is stated.",Re-opened eligible pre-match source and applied explicit-source-only rule.
1478905,https://indianexpress.com/article/sports/cricket/india-vs-australia-2nd-odi-adelaide-oval-stadium-pitch-report-weather-update-ind-vs-aus-10320531/lite/,IND vs AUS 2nd ODI: Will rain affect India vs Australia match at Adelaide Oval?,49,legacy_pre_explicit_source_only,passed_revised,batting_friendly,2,1,0,standard,,,batting_friendly,1,,,,,,2026-09-13T08:39:38Z,ai_assisted_reaudit_01,"Source says Adelaide batting could be favoured; historical pacer results, boundary size, and surface descriptors were not converted into additional effects.",Re-opened eligible pre-match source and applied explicit-source-only rule.
1448354,https://crickettimes.com/2025/09/eng-vs-sa-2025-pitch-report-for-the-1st-odi-headingley-stats-and-records/,"ENG vs SA 2025: Pitch Report for the 1st ODI, Headingley Stats and Records",50,legacy_pre_explicit_source_only,passed_revised,balanced,1,2,0,standard,,,balanced,1,2,1,standard,,,2026-09-13T08:39:38Z,ai_assisted_reaudit_01,"Source calls Headingley balanced, expects early seam and good true bounce/carry, easier later batting, and only limited later turn for spin.",Re-opened eligible pre-match source and applied explicit-source-only rule.
1492822,https://cricketaddictor.com/cricket-news/zim-vs-sl-weather-report-pitch-report-of-harare-2nd-odi-sri-lanka-tour-of-zimbabwe-2025-198625/,"ZIM vs SL Weather Report, Pitch Report Of Harare- 2nd ODI, Sri Lanka Tour of Zimbabwe 2025",51,legacy_pre_explicit_source_only,passed_revised,pace_seam,1,2,,variable,1,,batting_friendly,1,2,,,,,2026-09-13T08:42:23Z,ai_assisted_reaudit_01,Source expects good batting after early movement and explicitly forecasts early bowling help; prior-match end-to-end bounce differences were not carried into target codes.,Source reopened and coded under explicit_source_only_v1; unsupported legacy fields were blanked.
1492821,https://cricketaddictor.com/cricket-news/zim-vs-sl-weather-report-pitch-report-of-harare-1st-odi-sri-lanka-tour-of-zimbabwe-2025-193054/,"ZIM vs SL Weather Report, Pitch Report Of Harare - 1st ODI, Sri Lanka Tour of Zimbabwe 2025",52,legacy_pre_explicit_source_only,passed_revised,pace_seam,1,2,,standard,,,balanced,1,,,,,,2026-09-13T08:42:23Z,ai_assisted_reaudit_01,"Source expects early generic bowling assistance, easier batting later, and a bat-ball tussle; it does not identify a bowling type or bounce profile.",Source reopened and coded under explicit_source_only_v1; unsupported legacy fields were blanked.
1478903,https://economictimes.indiatimes.com/news/sports/aus-vs-sa-3rd-odi-great-barrier-reef-arena-weather-updates-pitch-report-of-australia-vs-south-africa-cricket-match/articleshow/123476506.cms,Australia vs South Africa 3rd ODI: How will the pitch and weather play at the Great Barrier Reef Arena in Mackay?,53,legacy_pre_explicit_source_only,passed_revised,slow_two_paced,1,2,,,1,,balanced,1,2,,,,,2026-09-13T08:42:23Z,ai_assisted_reaudit_01,"Source expects a batting-friendly first innings, tougher later batting, and pacer assistance throughout; it does not state two-paced behavior.",Source reopened and coded under explicit_source_only_v1; unsupported legacy fields were blanked.
1478902,https://economictimes.indiatimes.com/news/sports/aus-vs-sa-2nd-odi-great-barrier-reef-arena-weather-updates-pitch-report-of-australia-vs-south-africa-cricket-match/articleshow/123433652.cms,Australia vs South Africa 2nd ODI: Check Mackay pitch report and weather forecast,54,legacy_pre_explicit_source_only,passed_revised,batting_friendly,2,,,standard,,,batting_friendly,2,,,,,,2026-09-13T08:42:23Z,ai_assisted_reaudit_01,Source explicitly calls the pitch good for batting with an expected par of 280-290; no bounce profile is stated.,Source reopened and coded under explicit_source_only_v1; unsupported legacy fields were blanked.
1448343,https://www.crictracker.com/cricket-previews/eng-vs-wi-2025-england-vs-west-indies-1st-odi-match-preview/,"ENG vs WI, 2025: England vs West Indies, 1st ODI Match Preview",55,legacy_pre_explicit_source_only,passed_unchanged,slow_two_paced,2,1,,,1,,slow_two_paced,2,1,,,1,,2026-09-13T08:42:23Z,ai_assisted_reaudit_01,Source explicitly describes a two-paced surface that has favoured batting and says old-ball reverse swing can make middle overs harder.,Source reopened and coded under explicit_source_only_v1; unsupported legacy fields were blanked.
1443555,https://crickettimes.com/2025/04/nz-vs-pak-2025-2nd-odi-injury-update-pitch-report-and-seddon-park-stats-records/,"NZ vs PAK 2025, 2nd ODI: Injury Update, Pitch Report and Seddon Park Stats & Records",56,legacy_pre_explicit_source_only,passed_revised,batting_friendly,2,1,0,standard,,,batting_friendly,2,,,,,,2026-09-13T08:42:23Z,ai_assisted_reaudit_01,Source explicitly calls Seddon Park batting-friendly and easier later; generic early bowling help and grass were not converted to pace support.,Source reopened and coded under explicit_source_only_v1; unsupported legacy fields were blanked.
1443554,https://www.insidesport.in/cricket/nz-vs-pak-1st-odi-pitch-report-how-will-the-mclean-park-surface-behave-in-napier/,NZ vs PAK 1st ODI pitch report: How will the McLean Park surface behave in Napier?,57,legacy_pre_explicit_source_only,passed_revised,balanced,1,2,0,standard,,,balanced,1,2,,,,,2026-09-13T08:42:23Z,ai_assisted_reaudit_01,Source calls McLean Park balanced and a good batting surface while explicitly expecting substantial early movement and swing for fast bowlers.,Source reopened and coded under explicit_source_only_v1; unsupported legacy fields were blanked.
1466427,https://indianexpress.com/article/sports/cricket/sa-vs-nz-pitch-weather-report-semi-final-champions-trophy-2025-match-9868158/,"SA vs NZ Pitch-Weather Report, Semi-Final Champions Trophy 2025: What to expect in Lahore for South Africa vs New Zealand match?",58,legacy_pre_explicit_source_only,passed_revised,batting_friendly,2,0,0,standard,,,batting_friendly,2,,,,,,2026-09-13T08:42:23Z,ai_assisted_reaudit_01,Source says recent Lahore surfaces were batting-conducive and likely to retain those traits; no bowling or bounce effects are stated.,Source reopened and coded under explicit_source_only_v1; unsupported legacy fields were blanked.
1466426,https://www.livemint.com/sports/cricket-news/champions-trophy-2025-india-vs-australia-semifinal-weather-prediction-today-s-ind-vs-aus-match-dubai-pitch-report-11741065171673.html,"Champions Trophy 2025: India vs Australia semifinal today; pitch report, Dubai weather predictions and more",59,legacy_pre_explicit_source_only,passed_revised,slow_two_paced,1,1,2,standard,1,0,balanced,1,1,2,standard,1,,2026-09-13T08:42:23Z,ai_assisted_reaudit_01,"Source calls Dubai balanced with good pace and bounce, expects early swing help, and says the surface slows to favour spin in the middle overs.",Source reopened and coded under explicit_source_only_v1; unsupported legacy fields were blanked.
1466425,https://www.business-standard.com/cricket/champions-trophy/champions-trophy-ind-vs-nz-pitch-report-and-key-stats-of-dubai-stadium-125030100284_1.html,Champions Trophy IND vs NZ: Pitch report and key stats of Dubai Stadium,60,legacy_pre_explicit_source_only,passed_revised,spin,1,1,2,standard,1,,spin,1,,2,,,,2026-09-13T08:42:23Z,ai_assisted_reaudit_01,Current-pitch analyst report says the pitch will help spinners early and come on better under lights; historical pacer wickets were not converted.,Source reopened and coded under explicit_source_only_v1; unsupported legacy fields were blanked.
1466419,https://indianexpress.com/article/sports/cricket/bangladesh-vs-new-zealand-champions-trophy-2025-weather-pitch-9851883/,"Bangladesh vs New Zealand, Champions Trophy 2025: Weather update, predicted XI, squads and other details",61,legacy_pre_explicit_source_only,passed_revised,batting_friendly,2,1,0,standard,,,batting_friendly,2,1,,,,,2026-09-13T08:42:23Z,ai_assisted_reaudit_01,"Source explicitly expects a high-scoring pitch, some early seamer assistance, and increasingly favourable batting; no spin or bounce effect is stated.",Source reopened and coded under explicit_source_only_v1; unsupported legacy fields were blanked.
1466418,https://economictimes.indiatimes.com/news/sports/ind-vs-pak-pitch-report-champions-trophy-2025-india-vs-pakistan-match-dubai-international-cricket-stadium-pitch-and-weather-today/articleshow/118497966.cms,India vs Pakistan Pitch Report: Spin to win and will rain play spoilsport? Here’s Dubai pitch conditions and weather forecast,62,legacy_pre_explicit_source_only,passed_unchanged,slow_two_paced,1,1,2,,1,0,slow_two_paced,1,1,2,,1,0,2026-09-13T08:42:23Z,ai_assisted_reaudit_01,"Source expects a slowing, sluggish pitch, early seam movement, later turn and spin influence, and no significant dew.",Source reopened and coded under explicit_source_only_v1; unsupported legacy fields were blanked.
1466417,https://www.indiatoday.in/sports/cricket/story/champions-trophy-cricket-australia-vs-england-aus-vs-eng-lahore-pitch-report-playing-xi-2683625-2025-02-21,"Australia vs England, all you need to know: Lahore pitch report, playing XI",63,legacy_pre_explicit_source_only,passed_revised,batting_friendly,2,0,2,standard,,,batting_friendly,2,,2,,,,2026-09-13T08:42:23Z,ai_assisted_reaudit_01,Source expects batters to have a great time in both innings and good spinner assistance; no pace or bounce effect is stated.,Source reopened and coded under explicit_source_only_v1; unsupported legacy fields were blanked.
1466415,https://www.business-standard.com/cricket/champions-trophy/champions-trophy-ind-vs-ban-pitch-report-and-key-stats-of-dubai-stadium-125021900679_1.html,Champions Trophy IND vs BAN: Pitch report and key stats of Dubai Stadium,64,legacy_pre_explicit_source_only,passed_revised,balanced,1,2,1,standard,1,1,balanced,1,2,1,,,1,2026-09-13T08:42:23Z,ai_assisted_reaudit_01,"Source expects early seam for fast bowlers, easier later batting, possible middle-over spin impact, and match-relevant dew; no two-paced or bounce profile is stated.",Source reopened and coded under explicit_source_only_v1; unsupported legacy fields were blanked.
1467702,https://www.mykhel.com/cricket/zim-vs-ire-playing-11-2nd-odi-zimbabwe-vs-ireland-probable-xi-preview-weather-and-pitch-report-341182.html,"ZIM vs IRE Playing 11, 2nd ODI: Zimbabwe vs Ireland Probable XI, Preview, Weather & Pitch Report",65,legacy_pre_explicit_source_only,passed_unchanged,slow_two_paced,0,1,2,standard,1,,slow_two_paced,0,1,2,standard,1,,2026-09-13T08:42:23Z,ai_assisted_reaudit_01,"Source describes slow, increasingly sluggish batting conditions, explicit seam movement, considerable spin assistance, and decent bounce.",Source reopened and coded under explicit_source_only_v1; unsupported legacy fields were blanked.
1469168,https://www.mykhel.com/cricket/sl-vs-aus-playing-11-2nd-odi-sri-lanka-vs-australia-probable-playing-xi-preview-weather-and-pitch-report-340956.html,"SL vs AUS Playing 11, 2nd ODI: Sri Lanka vs Australia Probable Playing XI, Preview, Weather and Pitch Report",66,legacy_pre_explicit_source_only,passed_revised,spin,1,0,2,standard,1,,spin,1,,2,,1,,2026-09-13T08:42:23Z,ai_assisted_reaudit_01,"Source says the pitch assists spin, will slow as play progresses, and offers batters some initial assistance; it does not state pace support or a codable bounce profile.",Source reopened and coded under explicit_source_only_v1; unsupported legacy fields were blanked.
1459908,https://www.mykhel.com/cricket/sl-vs-aus-playing-11-1st-odi-sri-lanka-vs-australia-probable-playing-xi-preview-weather-pitch-340463.html,"SL vs AUS Playing 11, 1st ODI: Sri Lanka vs Australia Probable Playing XI, Preview, Weather & Pitch Report",67,legacy_pre_explicit_source_only,passed_revised,spin,1,0,2,standard,1,,spin,1,,2,,,,2026-09-13T08:42:23Z,ai_assisted_reaudit_01,Source expects early batting-friendly conditions and later turn and bounce favouring spin; it does not state pace support or slowing behavior.,Source reopened and coded under explicit_source_only_v1; unsupported legacy fields were blanked.
1439906,https://www.business-standard.com/cricket/news/ind-vs-eng-3rd-odi-pitch-report-and-key-stats-of-narendra-modi-stadium-125021100722_1.html,IND vs ENG 3rd ODI: Pitch report and key stats of Narendra Modi Stadium,68,legacy_pre_explicit_source_only,passed_revised,slow_two_paced,1,1,1,variable,1,,slow_two_paced,1,,,,1,1,2026-09-13T08:42:23Z,ai_assisted_reaudit_01,"On-site analyst says the reused strip played slowly first and better second, may remain hard for newcomers, and has a material dew concern; cracks were not converted.",Source reopened and coded under explicit_source_only_v1; unsupported legacy fields were blanked.
1442221,https://www.mykhel.com/cricket/new-zealand-vs-south-africa-weather-and-pitch-report-2nd-odi-gaddafi-stadium-lahore-conditions-for-nz-vs-sa-tri-series-in-pakistan-339940.html,"New Zealand vs South Africa Weather & Pitch Report, 2nd ODI: Gaddafi Stadium, Lahore Conditions for NZ vs SA Tri-Series in Pakistan",69,legacy_pre_explicit_source_only,passed_unchanged,batting_friendly,2,0,1,standard,1,1,batting_friendly,2,0,1,standard,1,1,2026-09-13T08:42:23Z,ai_assisted_reaudit_01,"Source expects a flat high-scoring pitch with consistent bounce, minimal seam, later spin/slowdown, and dew affecting grip.",Source reopened and coded under explicit_source_only_v1; unsupported legacy fields were blanked.
1439905,https://www.mykhel.com/cricket/india-vs-england-2nd-odi-ind-vs-eng-pitch-and-weather-forecast-barabati-stadium-report-339857.html,India vs England 2nd ODI: IND vs ENG Pitch and Weather Forecast - Barabati Stadium Report,70,legacy_pre_explicit_source_only,passed_revised,spin,0,1,2,low,1,1,spin,0,,2,low,1,1,2026-09-13T08:42:23Z,ai_assisted_reaudit_01,"Source states slow low-bounce spin-friendly conditions, difficult scoring, and significant evening dew; generic bowler help was not assigned to pace.",Source reopened and coded under explicit_source_only_v1; unsupported legacy fields were blanked.
1439904,https://economictimes.indiatimes.com/news/sports/ind-vs-eng-1st-odi-pitch-report-playing-conditions-in-nagpur-what-to-expect/articleshow/117971571.cms,Ind vs Eng 1st ODI pitch report: Playing conditions in Nagpur & what to expect,71,legacy_pre_explicit_source_only,passed_revised,batting_friendly,2,1,1,standard,,1,batting_friendly,2,,1,standard,,,2026-09-13T08:42:23Z,ai_assisted_reaudit_01,Source expects consistent pace and bounce favourable to stroke play and some turn for spinners; it does not state pace-bowler help or dew.,Source reopened and coded under explicit_source_only_v1; unsupported legacy fields were blanked.
1443547,https://crickettimes.com/2025/01/nz-vs-sl-hamilton-weather-forecast-for-the-2nd-odi-pitch-report-seddon-park-odi-stats-and-records-new-zealand-vs-sri-lanka-2024-25/,"NZ vs SL: Hamilton weather forecast for the 2nd ODI, Pitch Report, Seddon Park ODI Stats and Records | New Zealand vs Sri Lanka 2024-25",72,legacy_pre_explicit_source_only,passed_unchanged,balanced,1,2,1,standard,,,balanced,1,2,1,standard,,,2026-09-13T08:42:23Z,ai_assisted_reaudit_01,"Source calls Seddon Park balanced with true consistent bounce, early fast-bowler assistance, and possible later spin involvement.",Source reopened and coded under explicit_source_only_v1; unsupported legacy fields were blanked.
1432214,https://www.mykhel.com/cricket/south-africa-vs-pakistan-weather-report-1st-odi-boland-park-pitch-report-and-weather-forecast-on-december-17-327396.html,"South Africa vs Pakistan Weather Report, 1st ODI: Boland Park Pitch Report and Weather Forecast on December 17",73,legacy_pre_explicit_source_only,passed_unchanged,slow_two_paced,0,1,2,standard,1,,slow_two_paced,0,1,2,standard,1,,2026-09-13T08:42:23Z,ai_assisted_reaudit_01,"Source explicitly expects slow difficult scoring, effective pace variations and spin, moderate bounce, and further slowing under lights.",Source reopened and coded under explicit_source_only_v1; unsupported legacy fields were blanked.
1433381,https://www.insidesport.in/cricket/bangladesh-vs-west-indies-warner-park-pitch-report-stats-ahead-of-ban-vs-wi-2nd-odi/,Bangladesh vs West Indies: Warner Park Pitch Report & Stats ahead of BAN vs WI 2nd ODI,74,legacy_pre_explicit_source_only,passed_revised,slow_two_paced,0,2,2,variable,1,,slow_two_paced,0,2,2,,1,,2026-09-13T08:42:23Z,ai_assisted_reaudit_01,"Source expects a sticky surface with seam movement, difficult stroke-making, and steady turn making spinners crucial; variable bounce is not stated.",Source reopened and coded under explicit_source_only_v1; unsupported legacy fields were blanked.
1426551,https://cricketaddictor.com/cricket-news/aus-vs-pak-weather-report-and-pitch-report-of-perth-stadium-3rd-odi-pakistan-tour-of-australia-2024/,"AUS vs PAK Weather Report And Pitch Report Of Perth Stadium – 3rd ODI, Pakistan tour of Australia 2024",75,legacy_pre_explicit_source_only,passed_revised,pace_seam,0,2,0,standard,,,pace_seam,0,2,,,,,2026-09-13T08:42:23Z,ai_assisted_reaudit_01,Source frames Perth as pacer-friendly and potentially low-scoring; venue history is not used to assert spin or bounce effects.,Source reopened and coded under explicit_source_only_v1; unsupported legacy fields were blanked.
1433372,https://www.mykhel.com/cricket/wi-vs-eng-3rd-odi-preview-west-indies-and-england-weather-pitch-report-key-players-injury-updates-318378.html,"WI vs ENG 3rd ODI Preview: West Indies and England Weather & Pitch Report, Key Players, Injury Update, Squad, Other Details",76,legacy_pre_explicit_source_only,passed_revised,balanced,1,2,1,standard,,1,balanced,1,2,1,,,,2026-09-13T15:42:03Z,ai_assisted_reaudit_01,"Source calls Kensington Oval balanced, expects early seam movement for fast bowlers, easier later batting, and some middle-over turn; dew is only a generic possibility.",Source reopened and coded under explicit_source_only_v1; unsupported legacy fields were blanked.
1442992,https://www.mykhel.com/cricket/ind-vs-sl-3rd-odi-r-premadasa-cricket-stadium-pitch-report-and-colombo-weather-forecast-298947.html,IND vs SL 3rd ODI: R Premadasa Cricket Stadium Pitch Report and Colombo Weather Forecast,77,legacy_pre_explicit_source_only,passed_revised,spin,0,1,2,variable,1,,spin,,1,2,,,,2026-09-13T15:42:03Z,ai_assisted_reaudit_01,Source review says spinners receive substantial help and pacers can strike early; prior-match cracks and outcome-based scoring were not converted to target effects.,Source reopened and coded under explicit_source_only_v1; unsupported legacy fields were blanked.
1442991,https://economictimes.indiatimes.com/news/sports/india-vs-sri-lanka-pitch-report-2nd-odi-r-premadasa-stadium-columbo-weather-ind-vs-sl-2nd-odi-live-streaming-timing-win-predictor/articleshow/112259141.cms,"India vs Sri Lanka 2nd ODI: Pitch report, Colombo weather, live streaming, match timing and Rohit Sharma's new plan",78,legacy_pre_explicit_source_only,passed_revised,spin,0,0,2,standard,1,,spin,,,2,,1,,2026-09-13T15:42:03Z,ai_assisted_reaudit_01,Source explicitly frames the target as sluggish and likely conducive to spin; prior-match wickets and generic surface assumptions were not converted.,Source reopened and coded under explicit_source_only_v1; unsupported legacy fields were blanked.
1419829,https://hindi.oneindia.com/news/sports/cricket/bangladesh-vs-sri-lanka-3rd-odi-pitch-and-weather-report-ban-vs-sl-head-to-head-record-900015.html,"BAN vs SL, 3rd ODI: Bangladesh–Sri Lanka pitch and weather report",79,legacy_pre_explicit_source_only,passed_revised,spin,0,0,2,standard,1,,spin,0,,2,,,,2026-09-13T15:42:03Z,ai_assisted_reaudit_01,Hindi source says the pitch is highly supportive of spin and that batting becomes difficult in the middle overs.,Source reopened and coded under explicit_source_only_v1; unsupported legacy fields were blanked.
1419828,https://hindi.oneindia.com/news/sports/cricket/bangladesh-vs-sri-lanka-2nd-odi-pitch-and-weather-report-zahur-ahmed-chowdhury-stadium-chattogram-898387.html,"BAN vs SL, 2nd ODI: Bangladesh–Sri Lanka pitch and weather report",80,legacy_pre_explicit_source_only,passed_revised,spin,0,0,2,variable,1,,spin,0,,2,variable,,,2026-09-13T15:42:03Z,ai_assisted_reaudit_01,Hindi source explicitly calls it a spin track with uneven bounce that can trouble batters.,Source reopened and coded under explicit_source_only_v1; unsupported legacy fields were blanked.
1387601,https://www.mykhel.com/cricket/india-vs-south-africa-2nd-odi-st-georges-park-gqeberha-pitch-report-weather-forecast-records-252075.html,"India vs South Africa 2nd ODI: St George's Park Gqeberha Pitch Report, Weather Forecast & Records",81,legacy_pre_explicit_source_only,passed_revised,balanced,1,1,1,standard,,,unknown,,,,,,,2026-09-13T15:42:03Z,ai_assisted_reaudit_01,"Source provides only retrospective venue scoring and wicket-type history, not a source-stated expected effect for the focal pitch.",Source reopened and coded under explicit_source_only_v1; unsupported legacy fields were blanked.
1384439,https://www.mykhel.com/cricket/narendra-modi-stadium-ahmedabad-pitch-report-weather-forecast-for-ind-vs-aus-world-cup-2023-final-246105.html,"Narendra Modi Stadium, Ahmedabad Pitch Report & Weather Forecast for IND vs AUS ICC ODI World Cup 2023 Final",82,legacy_pre_explicit_source_only,passed_revised,slow_two_paced,1,1,2,standard,1,1,slow_two_paced,1,1,2,,1,1,2026-09-13T15:42:03Z,ai_assisted_reaudit_01,"Source expects a used surface to slow, while new-ball bowlers and middle-over spin receive help, and explicitly forecasts dew.",Source reopened and coded under explicit_source_only_v1; unsupported legacy fields were blanked.
1384438,https://www.sportingnews.com/in/cricket/news/australia-south-africa-how-has-eden-gardens-pitch-played-world-cup-2023/495b888f41e0f531e3d82763,Australia vs South Africa: How has the Eden Gardens pitch played in World Cup 2023?,83,legacy_pre_explicit_source_only,passed_revised,slow_two_paced,0,2,2,standard,1,,unknown,,,,,,,2026-09-13T15:42:03Z,ai_assisted_reaudit_01,Source reports only how Eden Gardens played in prior tournament matches and does not explicitly forecast a focal-match playing effect.,Source reopened and coded under explicit_source_only_v1; unsupported legacy fields were blanked.
1384437,https://www.livemint.com/sports/cricket-news/india-v-new-zealand-semifinal-preview-world-cup-2023-predicted-xi-pitch-report-where-to-watch/amp-11699989807751.html,"India v New Zealand Semifinal Preview, World Cup 2023: Predicted XI, pitch report, where to watch",84,legacy_pre_explicit_source_only,passed_revised,balanced,1,1,1,standard,,,balanced,,,1,,,,2026-09-13T15:42:03Z,ai_assisted_reaudit_01,"Source explicitly calls the Wankhede track balanced, likely unchanged through the match, with some spinner assistance; it states no pace, batting, or bounce effect.",Source reopened and coded under explicit_source_only_v1; unsupported legacy fields were blanked.
1384436,https://www.mykhel.com/cricket/m-chinnaswamy-stadium-bengaluru-pitch-report-weather-forecast-for-ind-vs-ned-icc-world-cup-2023-244867.html,"M Chinnaswamy Stadium, Bengaluru Pitch Report & Weather Forecast for IND vs NED ICC ODI World Cup 2023 Match 45",85,legacy_pre_explicit_source_only,passed_revised,batting_friendly,2,1,1,standard,,1,batting_friendly,2,1,1,,,1,2026-09-13T15:42:03Z,ai_assisted_reaudit_01,"Source identifies a batter-friendly venue, possible early pacer and later spinner help, and a chance of later dew; no bounce profile is stated.",Source reopened and coded under explicit_source_only_v1; unsupported legacy fields were blanked.
1384435,https://www.mykhel.com/cricket/eden-gardens-kolkata-pitch-report-weather-forecast-for-eng-vs-pak-icc-odi-world-cup-2023-match-44-244735.html,"Eden Gardens, Kolkata Pitch Report & Weather Forecast For ENG vs PAK ICC ODI World Cup 2023 Match 44",86,legacy_pre_explicit_source_only,passed_revised,slow_two_paced,1,2,2,standard,1,1,balanced,1,2,2,,1,1,2026-09-13T15:42:03Z,ai_assisted_reaudit_01,"Source expects a fresh sporting wicket, early quick-bowler help, later spin as surfaces slow, and dew in the chase; it does not state a bounce profile.",Source reopened and coded under explicit_source_only_v1; unsupported legacy fields were blanked.
1384434,https://www.mykhel.com/cricket/mca-stadium-pune-pitch-report-weather-forecast-for-aus-vs-ban-icc-odi-world-cup-2023-match-43-244707.html,"MCA Stadium, Pune Pitch Report & Weather Forecast for AUS vs BAN ICC ODI World Cup 2023 Match 43",87,legacy_pre_explicit_source_only,passed_revised,batting_friendly,2,1,1,standard,,,batting_friendly,2,1,1,,,0,2026-09-13T15:42:03Z,ai_assisted_reaudit_01,"Source says the focal surface will favour batters with new-ball and middle-over spin help, while dew is unlikely; no bounce profile is stated.",Source reopened and coded under explicit_source_only_v1; unsupported legacy fields were blanked.
1384432,https://www.mykhel.com/cricket/m-chinnaswamy-stadium-bengaluru-pitch-report-weather-forecast-for-nz-vs-sl-icc-odi-world-cup-2023-244335.html,"M Chinnaswamy Stadium, Bengaluru Pitch Report & Weather Forecast for NZ vs SL ICC ODI World Cup 2023 Match 41",88,legacy_pre_explicit_source_only,passed_revised,batting_friendly,2,1,1,standard,,,batting_friendly,2,1,1,,,,2026-09-13T15:42:03Z,ai_assisted_reaudit_01,Source explicitly expects a batter-favouring pitch with new-ball and later spin help; the red-soil label was not converted to a bounce code.,Source reopened and coded under explicit_source_only_v1; unsupported legacy fields were blanked.
1384428,https://www.mykhel.com/cricket/eden-gardens-kolkata-pitch-report-weather-forecast-for-ind-vs-sa-icc-odi-world-cup-2023-match-37-243725.html,"Eden Gardens, Kolkata Pitch Report & Weather Forecast For IND vs SA ICC ODI World Cup 2023 Match 37",89,legacy_pre_explicit_source_only,passed_revised,pace_seam,1,2,1,standard,,1,balanced,1,2,1,,,1,2026-09-13T15:42:03Z,ai_assisted_reaudit_01,"Source expects a sporting surface, possible pacer assistance, later generic spin use, and dew; soil composition was not converted to bounce.",Source reopened and coded under explicit_source_only_v1; unsupported legacy fields were blanked.
1384427,https://www.mykhel.com/cricket/narendra-modi-stadium-ahmedabad-pitch-report-weather-forecast-for-eng-vs-aus-icc-world-cup-2023-243163.html,"Narendra Modi Stadium, Ahmedabad Pitch Report & Weather Forecast for ENG vs AUS ICC ODI World Cup 2023 Match 36",90,legacy_pre_explicit_source_only,passed_revised,batting_friendly,2,1,1,standard,,1,batting_friendly,2,1,1,,,1,2026-09-13T15:42:03Z,ai_assisted_reaudit_01,Source expects a batting treat with new-ball and spinner assistance and later dew; no target bounce profile is identified.,Source reopened and coded under explicit_source_only_v1; unsupported legacy fields were blanked.
1384424,https://www.mykhel.com/cricket/wankhede-stadium-mumbai-pitch-report-weather-forecast-for-ind-vs-sl-icc-odi-world-cup-2023-match-242781.html,"Wankhede Stadium, Mumbai Pitch Report & Weather Forecast for IND vs SL ICC ODI World Cup 2023 Match 33",91,legacy_pre_explicit_source_only,passed_revised,batting_friendly,2,1,,standard,,1,batting_friendly,2,1,,,,1,2026-09-13T15:42:03Z,ai_assisted_reaudit_01,"Source calls Wankhede a batting paradise, expects new-ball and under-lights pace assistance, and forecasts dew; no bounce profile is stated.",Source reopened and coded under explicit_source_only_v1; unsupported legacy fields were blanked.
1384423,https://www.mykhel.com/cricket/mca-stadium-pune-pitch-report-weather-forecast-for-nz-vs-sa-icc-odi-world-cup-2023-match-32-242551.html,"MCA Stadium, Pune Pitch Report & Weather Forecast for NZ vs SA ICC ODI World Cup 2023 Match 32",92,legacy_pre_explicit_source_only,passed_revised,batting_friendly,2,1,1,standard,,0,batting_friendly,2,1,1,,,0,2026-09-13T15:42:03Z,ai_assisted_reaudit_01,Source expects a batter-favouring Pune surface with new-ball and middle-over spin help and explicitly says dew is unlikely.,Source reopened and coded under explicit_source_only_v1; unsupported legacy fields were blanked.
1384420,https://www.indiatoday.in/sports/cricket/story/india-vs-england-preview-ind-vs-eng-world-cup-2023-ekana-stadium-lucknow-2455030-2023-10-28,World Cup 2023: India look to cement knockout berth as they take on defending champions England in Lucknow,93,legacy_pre_explicit_source_only,passed_revised,spin,,,2,standard,,,spin,,,2,,,,2026-09-13T15:42:03Z,ai_assisted_reaudit_01,Source says the specific reused pitch could assist spinners; grass and soil mixture were not converted into other effects.,Source reopened and coded under explicit_source_only_v1; unsupported legacy fields were blanked.
1384419,https://www.mykhel.com/cricket/eden-gardens-kolkata-pitch-report-weather-forecast-for-ned-vs-ban-icc-odi-world-cup-2023-match-28-241645.html,"Eden Gardens, Kolkata Pitch Report & Weather Forecast For NED vs BAN ICC ODI World Cup 2023 Match 28",94,legacy_pre_explicit_source_only,passed_revised,balanced,1,1,1,standard,,1,balanced,1,1,1,,,1,2026-09-13T15:42:03Z,ai_assisted_reaudit_01,"Source expects a competitive sporting surface, notes both pace and spin can find help, and forecasts dew; no bounce profile is stated.",Source reopened and coded under explicit_source_only_v1; unsupported legacy fields were blanked.
1384418,https://www.mykhel.com/cricket/hpca-stadium-dharamsala-pitch-report-weather-forecast-for-aus-vs-nz-icc-odi-world-cup-2023-match-241607.html,"HPCA Stadium, Dharamsala Pitch Report & Weather Forecast for AUS vs NZ ICC ODI World Cup 2023 Match 27",95,legacy_pre_explicit_source_only,passed_revised,pace_seam,1,2,1,standard,,0,pace_seam,0,2,,,,0,2026-09-13T15:42:03Z,ai_assisted_reaudit_01,Source expects a low-scoring pattern and early-start pacer assistance while explicitly ruling out material dew; no spin or bounce effect is stated.,Source reopened and coded under explicit_source_only_v1; unsupported legacy fields were blanked.
1384417,https://www.mykhel.com/cricket/ma-chidambaram-stadium-chennai-pitch-report-weather-forecast-for-pak-vs-sa-icc-odi-world-cup-2023-241451.html,"MA Chidambaram Stadium, Chennai Pitch Report & Weather Forecast for PAK vs SA ICC ODI World Cup 2023 Match 26",96,legacy_pre_explicit_source_only,passed_revised,spin,0,1,2,standard,1,,spin,1,1,2,standard,1,1,2026-09-13T15:42:03Z,ai_assisted_reaudit_01,"Source expects an even surface with better bounce and run flow but says it is slow, spin will matter, quicks get new-ball help, and dew may form.",Source reopened and coded under explicit_source_only_v1; unsupported legacy fields were blanked.
1384416,https://www.crictracker.com/cricket-previews/odi-world-cup-2023-match-25-england-vs-sri-lanka-match-preview/,"ODI World Cup 2023, Match 25: England vs Sri Lanka Match Preview",97,legacy_pre_explicit_source_only,passed_revised,batting_friendly,2,1,,standard,,,batting_friendly,2,,,,,,2026-09-13T15:42:03Z,ai_assisted_reaudit_01,Source calls Bengaluru one of India’s best batting venues with many runs available; it does not explicitly state bowling support or a bounce profile.,Source reopened and coded under explicit_source_only_v1; unsupported legacy fields were blanked.
1384415,https://www.crictracker.com/cricket-news/odi-world-cup-2023-australia-vs-netherlands-weather-forecast-and-pitch-report-of-arun-jaitely-stadium-delhi/,"ODI World Cup 2023: Australia vs Netherlands Weather Forecast and Pitch Report of Arun Jaitely Stadium, Delhi",98,legacy_pre_explicit_source_only,passed_revised,batting_friendly,2,,,standard,,,batting_friendly,2,,,,,,2026-09-13T15:42:03Z,ai_assisted_reaudit_01,Source says Delhi has been great for batting and explicitly expects big runs; it states no bounce profile.,Source reopened and coded under explicit_source_only_v1; unsupported legacy fields were blanked.
1384414,https://www.mykhel.com/cricket/wankhede-stadium-mumbai-pitch-report-weather-forecast-for-sa-vs-ban-icc-odi-world-cup-2023-match-240815.html,"Wankhede Stadium, Mumbai Pitch Report & Weather Forecast for SA vs BAN ICC ODI World Cup 2023 Match 23",99,legacy_pre_explicit_source_only,passed_revised,batting_friendly,2,1,,standard,,1,batting_friendly,2,1,,,,1,2026-09-13T15:42:03Z,ai_assisted_reaudit_01,Source calls Wankhede a batter’s paradise while expecting some quick-bowler assistance and possible dew; no bounce profile is stated.,Source reopened and coded under explicit_source_only_v1; unsupported legacy fields were blanked.
1384412,https://www.mykhel.com/cricket/hpca-stadium-dharamsala-pitch-report-weather-forecast-for-ind-vs-nz-icc-odi-world-cup-2023-match-21-240285.html,"HPCA Stadium, Dharamsala Pitch Report & Weather Forecast for IND vs NZ ICC ODI World Cup 2023 Match 21",100,legacy_pre_explicit_source_only,passed_revised,pace_seam,1,2,0,standard,,1,pace_seam,,2,,,,1,2026-09-13T15:42:03Z,ai_assisted_reaudit_01,"Source explicitly expects substantial pacer help and describes dew as a factor; batting ease, spin support, and bounce are not stated target effects.",Source reopened and coded under explicit_source_only_v1; unsupported legacy fields were blanked.
1384411,https://www.mykhel.com/cricket/wankhede-stadium-mumbai-pitch-report-weather-forecast-for-eng-vs-sa-icc-odi-world-cup-2023-match-240053.html,"Wankhede Stadium, Mumbai Pitch Report & Weather Forecast for ENG vs SA ICC ODI World Cup 2023 Match 20",101,legacy_pre_explicit_source_only,passed_revised,batting_friendly,2,1,,standard,,1,batting_friendly,2,1,,,,1,2026-09-13T15:45:21Z,ai_assisted_reaudit_01,"Source calls Wankhede mostly batting-friendly, says quicks get some help and pace may matter under lights, and expects dew to be a factor.",Source reopened and coded under explicit_source_only_v1; unsupported legacy fields were blanked.
1384410,https://www.mykhel.com/cricket/ekana-stadium-lucknow-pitch-report-weather-forecast-for-ned-vs-sl-icc-odi-world-cup-2023-match-19-240029.html,"Ekana Stadium, Lucknow Pitch Report & Weather Forecast for NED vs SL ICC ODI World Cup 2023 Match 19",102,legacy_pre_explicit_source_only,passed_revised,spin,0,1,2,standard,1,0,unknown,,,,,,0,2026-09-13T15:45:21Z,ai_assisted_reaudit_01,"Source distinguishes fresh World Cup wickets from historical slow/spin behavior, predicts only that the focal wicket will remain consistent, and says dew is unlikely.",Source reopened and coded under explicit_source_only_v1; unsupported legacy fields were blanked.
1384409,https://www.mykhel.com/cricket/m-chinnaswamy-stadium-bengaluru-pitch-report-weather-forecast-for-aus-vs-pak-icc-odi-world-cup-2023-239897.html,"M Chinnaswamy Stadium, Bengaluru Pitch Report & Weather Forecast for AUS vs PAK ICC ODI World Cup 2023 Match 18",103,legacy_pre_explicit_source_only,passed_revised,batting_friendly,2,1,1,standard,,1,batting_friendly,2,1,1,,,1,2026-09-13T15:45:21Z,ai_assisted_reaudit_01,"Source calls Bengaluru a batter’s paradise, states generic early pace and later spin help, and says dew could play a part.",Source reopened and coded under explicit_source_only_v1; unsupported legacy fields were blanked.
1384408,https://www.mykhel.com/cricket/mca-stadium-pune-pitch-report-weather-forecast-for-ind-vs-ban-icc-odi-world-cup-2023-match-17-239747.html,"MCA Stadium, Pune Pitch Report & Weather Forecast for IND vs BAN ICC ODI World Cup 2023 Match 17",104,legacy_pre_explicit_source_only,passed_revised,batting_friendly,2,1,1,standard,,0,batting_friendly,2,,,steep,,0,2026-09-13T15:45:21Z,ai_assisted_reaudit_01,"Source expects a batting-friendly World Cup wicket offering more bounce and remaining consistent, and says dew is unlikely to be significant.",Source reopened and coded under explicit_source_only_v1; unsupported legacy fields were blanked.
1384406,https://www.mykhel.com/cricket/hpca-stadium-dharamsala-pitch-report-weather-forecast-for-sa-vs-ned-icc-odi-world-cup-2023-match-239411.html,"HPCA Stadium, Dharamsala Pitch Report & Weather Forecast for SA vs NED ICC ODI World Cup 2023 Match 15",105,legacy_pre_explicit_source_only,passed_revised,pace_seam,1,2,1,standard,,1,unknown,0,,,,,1,2026-09-13T15:45:21Z,ai_assisted_reaudit_01,Source expects Dharamsala’s pattern of sub-250 totals to continue and says dew will be a factor after rain; it states no focal bowling support.,Source reopened and coded under explicit_source_only_v1; unsupported legacy fields were blanked.
1384405,https://www.mykhel.com/cricket/ekana-stadium-lucknow-pitch-report-weather-forecast-for-aus-vs-sl-icc-odi-world-cup-2023-match-14-239363.html,"Ekana Stadium, Lucknow Pitch Report & Weather Forecast for AUS vs SL ICC ODI World Cup 2023 Match 14",106,legacy_pre_explicit_source_only,passed_revised,slow_two_paced,0,1,2,standard,1,1,unknown,0,,,,,,2026-09-13T15:45:21Z,ai_assisted_reaudit_01,"Source says the focal Lucknow wicket should again challenge the side batting second; its spin/slower-bowler and dew claims describe venue history, not a focal forecast.",Source reopened and coded under explicit_source_only_v1; unsupported legacy fields were blanked.
1384403,https://www.mykhel.com/cricket/narendra-modi-stadium-ahmedabad-pitch-report-weather-forecast-ind-vs-pak-icc-odi-world-cup-2023-238933.html,"Narendra Modi Stadium, Ahmedabad Pitch Report & Weather Forecast for IND vs PAK ICC ODI World Cup 2023 Match 12",107,legacy_pre_explicit_source_only,passed_revised,batting_friendly,2,1,1,standard,,1,batting_friendly,2,,,,,1,2026-09-13T15:45:21Z,ai_assisted_reaudit_01,"Source says a similar batting-good surface could be used, expects easy scoring under lights, and explicitly expects dew.",Source reopened and coded under explicit_source_only_v1; unsupported legacy fields were blanked.
1384402,https://www.mykhel.com/cricket/ma-chidambaram-stadium-pitch-report-weather-forecast-nz-vs-ban-icc-odi-world-cup-2023-238805.html,"MA Chidambaram Stadium, Chennai Pitch Report & Weather Forecast for NZ vs BAN ICC ODI World Cup 2023 Match 11",108,legacy_pre_explicit_source_only,passed_unchanged,slow_two_paced,0,1,2,standard,1,1,slow_two_paced,0,1,2,standard,1,1,2026-09-13T15:45:21Z,ai_assisted_reaudit_01,"Source expects another slow Chepauk challenge, states slower-bowler/spin help, revived bounce and some quick-bowler help, with a chance of late dew.",Source reopened and coded under explicit_source_only_v1; unsupported legacy fields were blanked.
1384401,https://www.mykhel.com/cricket/australia-vs-south-africa-live-streaming-weather-forecast-pitch-report-icc-world-cup-2023-match-238665.html,"Ekana Stadium, Lucknow Weather Forecast, Pitch Report & Live Streaming Details For AUS vs SA ICC World Cup 2023 Match 10",109,legacy_pre_explicit_source_only,passed_revised,slow_two_paced,0,1,2,standard,1,1,batting_friendly,1,,,,,,2026-09-13T15:45:21Z,ai_assisted_reaudit_01,Source says the fresh World Cup wicket could be livelier and that the venue’s prior 188 first-innings average should not apply; it gives no focal bowling effect.,Source reopened and coded under explicit_source_only_v1; unsupported legacy fields were blanked.
1384399,https://www.mykhel.com/cricket/rajiv-gandhi-stadium-hyderabad-pitch-report-weather-forecast-pak-vs-sl-icc-world-cup-2023-238331.html,"Rajiv Gandhi International Stadium, Hyderabad Pitch Report & Weather Forecast for PAK vs SL, ICC World Cup 2023 Match",110,legacy_pre_explicit_source_only,passed_revised,batting_friendly,2,1,1,standard,,0,batting_friendly,2,1,,,,0,2026-09-13T15:45:21Z,ai_assisted_reaudit_01,"Source forecasts another batting-friendly Hyderabad surface that could give quicker bowlers bounce, and explicitly says there is no dew threat.",Source reopened and coded under explicit_source_only_v1; unsupported legacy fields were blanked.
1384398,https://www.mykhel.com/cricket/hpca-stadium-dharamsala-pitch-report-weather-forecast-eng-vs-ban-icc-odi-world-cup-2023-238265.html,"HPCA Stadium, Dharamsala Pitch Report & Weather Forecast for ENG vs BAN, ICC ODI World Cup 2023 Match 7",111,legacy_pre_explicit_source_only,passed_revised,balanced,1,2,1,standard,,0,balanced,0,,,standard,,0,2026-09-13T15:45:21Z,ai_assisted_reaudit_01,"Source expects true bounce assisting bowlers and batters, predicts the venue’s sub-250 pattern to continue, and says the day match will have no dew.",Source reopened and coded under explicit_source_only_v1; unsupported legacy fields were blanked.
1384397,https://www.mykhel.com/cricket/rajiv-gandhi-stadium-hyderabad-pitch-report-weather-forecast-nz-ned-icc-world-cup-2023-match-238109.html,"Rajiv Gandhi International Stadium, Hyderabad Pitch Report & Weather Forecast for NZ vs NED ICC World Cup 2023 Match",112,legacy_pre_explicit_source_only,passed_revised,batting_friendly,2,1,1,standard,,0,batting_friendly,2,1,,,,0,2026-09-13T15:45:21Z,ai_assisted_reaudit_01,"Source says a similar unused Hyderabad wicket could be used after a batter-friendly surface where quicks found bounce, and explicitly rules out dew.",Source reopened and coded under explicit_source_only_v1; unsupported legacy fields were blanked.
1384396,https://www.indiatoday.in/sports/cricket/story/india-vs-australia-preview-chennai-team-news-pitch-and-conditions-2445957-2023-10-07,IND v AUS: India eye winning start against World Cup big boys Australia in spin-friendly Chennai,113,legacy_pre_explicit_source_only,passed_revised,spin,,,2,standard,,,spin,,,2,,,,2026-09-13T15:45:21Z,ai_assisted_reaudit_01,Source explicitly says the Chennai pitch is expected to be spin-friendly; showers may affect play but no specific additional effect is stated.,Source reopened and coded under explicit_source_only_v1; unsupported legacy fields were blanked.
1384395,https://www.mykhel.com/cricket/arun-jaitley-stadium-delhi-pitch-report-weather-forecast-sa-vs-sl-odi-world-cup-2023-match-237627.html,"Arun Jaitley Stadium, Delhi Pitch Report & Weather Forecast for SA vs SL, 4th ICC ODI World Cup 2023 Match",114,legacy_pre_explicit_source_only,passed_revised,balanced,1,1,1,standard,,,batting_friendly,1,,,,,1,2026-09-13T15:45:21Z,ai_assisted_reaudit_01,Source expects improved scores on the fresh World Cup wickets and explicitly expects second-innings dew; bounce and spin statements are conditional or historical.,Source reopened and coded under explicit_source_only_v1; unsupported legacy fields were blanked.
1384393,https://crickettimes.com/2023/10/odi-world-cup-2023-pak-vs-ned-rajiv-gandhi-international-stadium-pitch-report-hyderabad-weather-forecast-odi-stats-records-pakistan-vs-netherlands/,"ODI World Cup 2023, PAK vs NED: Rajiv Gandhi International Stadium Pitch Report, Hyderabad Weather Forecast, ODI Stats & Records",115,legacy_pre_explicit_source_only,source_unavailable,balanced,1,2,1,standard,,,,,,,,,,2026-09-13T15:45:21Z,ai_assisted_reaudit_01,"CricketTimes source returned HTTP 403 on re-audit, so no source text was available for compliant coding.",Source reopened and coded under explicit_source_only_v1; unsupported legacy fields were blanked.
1384392,https://www.mykhel.com/cricket/narendra-modi-stadium-ahmedabad-pitch-report-weather-forecast-eng-vs-nz-icc-odi-world-cup-237157.html,"Narendra Modi Stadium, Ahmedabad Pitch Report & Weather Forecast for ENG vs NZ, 1st ICC ODI World Cup 2023 Match",116,legacy_pre_explicit_source_only,passed_revised,balanced,1,1,1,standard,,1,unknown,,,,,,1,2026-09-13T15:45:21Z,ai_assisted_reaudit_01,Source says the focal Ahmedabad soil type is unknown; it reports recent outfield dew and planned anti-dew treatment but provides no focal pitch effect.,Source reopened and coded under explicit_source_only_v1; unsupported legacy fields were blanked.
1389390,https://www.mykhel.com/cricket/india-vs-australia-3rd-odi-sca-stadium-rajkot-pitch-report-weather-forecast-stats-record-235247.html,"India Vs Australia 3rd ODI: SCA Stadium Rajkot Pitch Report, Weather Forecast, Stats & Record",117,legacy_pre_explicit_source_only,passed_revised,batting_friendly,2,1,1,standard,,,batting_friendly,2,,,,,,2026-09-13T15:45:21Z,ai_assisted_reaudit_01,"Source calls Rajkot batter-friendly and explicitly expects another run-feast; no focal bowling, bounce, or dew effect is stated.",Source reopened and coded under explicit_source_only_v1; unsupported legacy fields were blanked.
1395702,https://www.mykhel.com/cricket/bangladesh-vs-new-zealand-3rd-odi-mirpur-shere-bangla-stadium-pitch-report-weather-forecast-stats-235339.html,"Bangladesh vs New Zealand 3rd ODI: Mirpur Sher-E-Bangla Stadium Pitch Report, Weather Forecast, Stats & Records",118,legacy_pre_explicit_source_only,passed_revised,spin,1,1,2,standard,1,,balanced,,1,1,,,,2026-09-13T15:45:21Z,ai_assisted_reaudit_01,Venue pitch report states new-ball help for quicks and later assistance for slower bowlers; neither is inferred from surface description.,Source reopened and coded under explicit_source_only_v1; unsupported legacy fields were blanked.
1395701,https://crickettimes.com/2023/09/ban-vs-nz-2023-2nd-odi-sher-e-bangla-national-stadium-pitch-report-dhaka-weather-forecast-odi-stats-records-bangladesh-vs-new-zealand/,"BAN vs NZ 2023, 2nd ODI: Sher-e-Bangla National Stadium Pitch Report, Dhaka Weather Forecast, ODI Stats & Records",119,legacy_pre_explicit_source_only,source_unavailable,spin,0,,2,standard,1,,,,,,,,,2026-09-13T15:45:21Z,ai_assisted_reaudit_01,"CricketTimes source returned HTTP 403 on re-audit, so no source text was available for compliant coding.",Source reopened and coded under explicit_source_only_v1; unsupported legacy fields were blanked.
1336129,https://crickettimes.com/2023/09/eng-vs-ire-2023-2nd-odi-trent-bridge-cricket-ground-pitch-report-leeds-weather-forecast-odi-stats-records-england-vs-ireland/,"ENG vs IRE 2023, 2nd ODI: Trent Bridge Cricket Ground Pitch Report, Leeds Weather Forecast, ODI Stats & Records",120,legacy_pre_explicit_source_only,source_unavailable,batting_friendly,2,1,,standard,,,,,,,,,,2026-09-13T15:45:21Z,ai_assisted_reaudit_01,"CricketTimes source returned HTTP 403 on re-audit, so no source text was available for compliant coding.",Source reopened and coded under explicit_source_only_v1; unsupported legacy fields were blanked.
1389388,https://www.mykhel.com/cricket/india-vs-australia-1st-odi-pca-stadium-mohali-pitch-report-weather-forecast-stats-record-234403.html,"India Vs Australia 1st ODI: PCA Stadium Mohali Pitch Report, Weather Forecast, Stats & Record",121,legacy_pre_explicit_source_only,passed_revised,batting_friendly,2,1,1,standard,,,batting_friendly,2,1,1,,,,2026-09-13T15:45:21Z,ai_assisted_reaudit_01,"Source calls Mohali a batter’s paradise, expects another run-feast, and states early pace help followed by spin assistance.",Source reopened and coded under explicit_source_only_v1; unsupported legacy fields were blanked.
1373575,https://crickettimes.com/2023/09/sa-vs-aus-2023-5th-odi-the-wanderers-stadium-pitch-report-johannesburg-weather-forecast-odi-stats-records-south-africa-vs-australia/,"SA vs AUS 2023, 5th ODI: The Wanderers Stadium Pitch Report, Johannesburg Weather Forecast, ODI Stats & Records",122,legacy_pre_explicit_source_only,source_unavailable,balanced,1,2,1,standard,,,,,,,,,,2026-09-13T15:45:21Z,ai_assisted_reaudit_01,"CricketTimes source returned HTTP 403 on re-audit, so no source text was available for compliant coding.",Source reopened and coded under explicit_source_only_v1; unsupported legacy fields were blanked.
1373574,https://crickettimes.com/2023/09/sa-vs-aus-2023-4th-odi-supersport-park-pitch-report-centurion-weather-forecast-odi-stats-records-south-africa-vs-australia/,"SA vs AUS 2023, 4th ODI: SuperSport Park Pitch Report, Centurion Weather Forecast, ODI Stats & Records",123,legacy_pre_explicit_source_only,source_unavailable,slow_two_paced,1,1,1,standard,1,,,,,,,,,2026-09-13T15:45:21Z,ai_assisted_reaudit_01,"CricketTimes source returned HTTP 403 on re-audit, so no source text was available for compliant coding.",Source reopened and coded under explicit_source_only_v1; unsupported legacy fields were blanked.
1336055,https://crickettimes.com/2023/09/eng-vs-nz-2023-4th-odi-lords-cricket-ground-pitch-report-london-weather-forecast-odi-stats-records/,"ENG vs NZ 2023, 4th ODI: Lord's Cricket Ground Pitch Report, London Weather Forecast, ODI Stats & Records",124,legacy_pre_explicit_source_only,source_unavailable,batting_friendly,2,2,,standard,,,,,,,,,,2026-09-13T15:45:21Z,ai_assisted_reaudit_01,"CricketTimes source returned HTTP 403 on re-audit, so no source text was available for compliant coding.",Source reopened and coded under explicit_source_only_v1; unsupported legacy fields were blanked.
1336054,https://crickettimes.com/2023/09/eng-vs-nz-2023-3rd-odi-kennington-oval-pitch-report-london-weather-forecast-odi-stats-records/,"ENG vs NZ 2023, 3rd ODI: Kennington Oval Pitch Report, London Weather Forecast, ODI Stats & Records",125,legacy_pre_explicit_source_only,source_unavailable,batting_friendly,2,1,,standard,,,,,,,,,,2026-09-13T15:45:21Z,ai_assisted_reaudit_01,"CricketTimes source returned HTTP 403 on re-audit, so no source text was available for compliant coding.",Source reopened and coded under explicit_source_only_v1; unsupported legacy fields were blanked.
1388407,https://www.mykhel.com/cricket/india-vs-sri-lanka-asia-cup-2023-super-4-colombo-stadium-pitch-report-weather-forecast-232595.html,"India vs Sri Lanka, Asia Cup 2023 Super 4: Colombo R Premadasa Stadium Pitch Report & Weather Forecast",126,legacy_pre_explicit_source_only,passed_revised,batting_friendly,2,1,2,standard,1,,batting_friendly,2,,1,,,,2026-09-13T15:48:00Z,ai_assisted_reaudit_01,"Source describes Premadasa as batting-friendly with some later spin assistance; the focal report gives no pace, bounce, two-paced, or dew effect.",Source reopened and coded under explicit_source_only_v1; unsupported legacy fields were blanked.
1373573,https://crickettimes.com/2023/09/sa-vs-aus-2023-3rd-odi-senwes-park-pitch-report-potchefstroom-weather-forecast-odi-stats-records-south-africa-vs-australia/,"SA vs AUS 2023, 3rd ODI: Senwes Park Pitch Report, Potchefstroom Weather Forecast, ODI Stats & Records",127,legacy_pre_explicit_source_only,source_unavailable,balanced,1,1,,standard,,,,,,,,,,2026-09-13T15:48:00Z,ai_assisted_reaudit_01,"CricketTimes source returned HTTP 403 on re-audit, so no source text was available for compliant coding.",Source reopened and coded under explicit_source_only_v1; unsupported legacy fields were blanked.
1388406,https://www.mykhel.com/cricket/india-vs-pakistan-asia-cup-2023-colombo-pitch-report-weather-forecast-rain-232167.html,"India vs Pakistan, Asia Cup 2023: Colombo R. Premadasa Stadium Pitch Report and Weather Forecast",128,legacy_pre_explicit_source_only,passed_revised,slow_two_paced,1,1,2,standard,1,,slow_two_paced,1,,2,,1,,2026-09-13T15:48:00Z,ai_assisted_reaudit_01,"Source expects a fresh, decent batting wicket that will assist spinners and get slower as the match progresses.",Source reopened and coded under explicit_source_only_v1; unsupported legacy fields were blanked.
1336053,https://crickettimes.com/2023/09/eng-vs-nz-2023-2nd-odi-rose-bowl-pitch-report-southampton-weather-forecast-odi-stats-records/,"ENG vs NZ 2023, 2nd ODI: Rose Bowl Pitch Report, Southampton Weather Forecast, ODI Stats & Records",129,legacy_pre_explicit_source_only,source_unavailable,batting_friendly,2,0,,standard,,,,,,,,,,2026-09-13T15:48:00Z,ai_assisted_reaudit_01,"CricketTimes source returned HTTP 403 on re-audit, so no source text was available for compliant coding.",Source reopened and coded under explicit_source_only_v1; unsupported legacy fields were blanked.
1373571,https://crickettimes.com/2023/09/sa-vs-aus-2023-1st-odi-mangaung-oval-pitch-report-bloemfontein-weather-forecast-odi-stats-records/,"SA vs AUS 2023, 1st ODI: Mangaung Oval Pitch Report, Bloemfontein Weather Forecast, ODI Stats & Records",130,legacy_pre_explicit_source_only,source_unavailable,balanced,1,1,,standard,,,,,,,,,,2026-09-13T15:48:00Z,ai_assisted_reaudit_01,"CricketTimes source returned HTTP 403 on re-audit, so no source text was available for compliant coding.",Source reopened and coded under explicit_source_only_v1; unsupported legacy fields were blanked.
1388401,https://www.mykhel.com/cricket/pakistan-vs-bangladesh-asia-cup-2023-super-4-lahore-gaddafi-stadium-pitch-report-weather-forecast-231561.html,"Pakistan vs Bangladesh, Asia Cup 2023 Super 4: Lahore Gaddafi Stadium Pitch Report & Weather Forecast",131,legacy_pre_explicit_source_only,passed_revised,batting_friendly,2,1,1,standard,,,batting_friendly,2,,,,,,2026-09-13T15:48:00Z,ai_assisted_reaudit_01,Source says the ongoing tournament demonstrates that the Gaddafi wicket has become a batter’s paradise where batters score freely.,Source reopened and coded under explicit_source_only_v1; unsupported legacy fields were blanked.
1388392,https://www.mykhel.com/cricket/pakistan-vs-nepal-asia-cup-2023-multan-cricket-stadium-pitch-report-weather-forecast-229921.html,"Pakistan vs Nepal, Asia Cup 2023: Multan Cricket Stadium Pitch Report & Weather Forecast",132,legacy_pre_explicit_source_only,passed_revised,slow_two_paced,1,1,2,standard,1,,slow_two_paced,1,,1,,1,,2026-09-13T15:48:00Z,ai_assisted_reaudit_01,Source states easy early run-scoring followed by a dry wicket assisting slower bowlers and becoming harder for the chase; no soil-based effect is inferred.,Source reopened and coded under explicit_source_only_v1; unsupported legacy fields were blanked.
1381215,https://www.mykhel.com/cricket/india-vs-west-indies-2nd-odi-kensington-oval-pitch-report-weather-forecast-stats-record-224007.html,"India Vs West Indies 2nd ODI: Kensington Oval Pitch Report, Weather Forecast, ODI Stats & Record",133,legacy_pre_explicit_source_only,passed_revised,spin,0,,2,standard,1,,spin,0,,2,,1,,2026-09-13T15:48:00Z,ai_assisted_reaudit_01,"Source expects the first ODI’s slower, low-scoring conditions and spinner help to remain the same for the second ODI.",Source reopened and coded under explicit_source_only_v1; unsupported legacy fields were blanked.
1381214,https://www.mykhel.com/cricket/india-vs-west-indies-1st-odi-barbados-kensington-oval-pitch-report-stats-record-223641.html,"India Vs West Indies 1st ODI: Kensington Oval Pitch Report, ODI Stats and Record",134,legacy_pre_explicit_source_only,passed_revised,batting_friendly,2,1,,standard,,,balanced,1,1,,,,,2026-09-13T15:48:00Z,ai_assisted_reaudit_01,Source describes recently easier batting but also a typical Barbados wicket helping quick bowlers; it makes no focal bounce or dew claim.,Source reopened and coded under explicit_source_only_v1; unsupported legacy fields were blanked.
1144529,https://indianexpress.com/article/sports/cricket-world-cup/australia-vs-england-birmingham-weather-forecast-today-and-pitch-report-5824727/,"Australia vs England, Birmingham Weather Forecast Today and Pitch Report: Rain likely to interrupt ENG vs AUS semi-final clash",135,legacy_pre_explicit_source_only,passed_revised,slow_two_paced,0,1,1,standard,1,,slow_two_paced,0,,,,1,,2026-09-13T15:48:00Z,ai_assisted_reaudit_01,Source says the focal Edgbaston pitch will slow as the game progresses and become difficult to bat on in the second innings.,Source reopened and coded under explicit_source_only_v1; unsupported legacy fields were blanked.
1144526,https://indianexpress.com/article/sports/cricket-world-cup/india-vs-sri-lanka-leeds-weather-forecast-today-and-pitch-report-overcast-leeds-5817778/,"India vs Sri Lanka, Leeds Weather Forecast Today and Pitch Report: Overcast Leeds await the Men in Blue",136,legacy_pre_explicit_source_only,passed_revised,slow_two_paced,1,1,2,standard,1,,batting_friendly,2,,1,,1,,2026-09-13T15:48:00Z,ai_assisted_reaudit_01,"Source promises plenty of runs, notes some spin kindness, and explicitly expects defending to benefit from a slowing pitch.",Source reopened and coded under explicit_source_only_v1; unsupported legacy fields were blanked.
1144525,https://www.icc-cricket.com/tournaments/cricketworldcup/news/pakistan-face-improbable-ask-to-make-semi-finals,Pakistan face improbable ask to make semi-finals,137,legacy_pre_explicit_source_only,passed_revised,pace_seam,1,2,0,standard,,,pace_seam,,2,,,,,2026-09-13T15:48:00Z,ai_assisted_reaudit_01,"Source says Lord’s traditionally offers early swing to faster bowlers; no batting-ease, spin, bounce, or dew effect is stated.",Source reopened and coded under explicit_source_only_v1; unsupported legacy fields were blanked.
1144522,https://indianexpress.com/article/sports/cricket-world-cup/india-vs-bangladesh-birmingham-weather-today-5809766/,"India vs Bangladesh, Birmingham Weather Forecast Today and Pitch Report: Dry Birmingham awaits the neighbours",138,legacy_pre_explicit_source_only,passed_revised,batting_friendly,2,1,0,standard,,,batting_friendly,2,,0,,,,2026-09-13T15:48:00Z,ai_assisted_reaudit_01,"Source calls the deck flat, forecasts a possible high-scoring match, and explicitly says the pitch would work against spinners.",Source reopened and coded under explicit_source_only_v1; unsupported legacy fields were blanked.
1144521,https://indianexpress.com/article/sports/cricket-world-cup/sri-lanka-vs-west-indies-chester-le-street-weather-forecast-today-and-pitch-report-5808006/,"Sri Lanka vs West Indies, Chester-le-Street Weather Forecast Today and Pitch Report: Low chances of rain",139,legacy_pre_explicit_source_only,passed_revised,slow_two_paced,0,1,1,standard,1,,unknown,,,,,,,2026-09-13T15:48:00Z,ai_assisted_reaudit_01,Source only reports that the previous Riverside match used a sluggish surface and does not state that the focal match will behave the same way.,Source reopened and coded under explicit_source_only_v1; unsupported legacy fields were blanked.
1144520,https://indianexpress.com/article/sports/cricket-world-cup/india-vs-england-birmingham-weather-forecast-today-and-pitch-report-5807251/,"India vs England, Birmingham Weather Forecast Today and Pitch Report: Cloudy morning in Birmingham",140,legacy_pre_explicit_source_only,passed_revised,spin,1,1,2,standard,,,spin,,,2,,,,2026-09-13T15:48:00Z,ai_assisted_reaudit_01,Source says the dry fresh Edgbaston pitch promises more turn than usual for spinners; it does not identify the stated England-bowler effect as pace.,Source reopened and coded under explicit_source_only_v1; unsupported legacy fields were blanked.
1144517,https://indianexpress.com/article/sports/cricket-world-cup/sri-lanka-vs-south-africa-weather-forecast-5804549/,"Sri Lanka vs South Africa, Chester-le-Street Weather Forecast Today and Pitch Report: Weather unlikely to hinder SL vs SA clash",141,legacy_pre_explicit_source_only,passed_revised,batting_friendly,2,1,1,standard,,,batting_friendly,2,,,,,,2026-09-13T15:48:00Z,ai_assisted_reaudit_01,Source explicitly terms the focal Riverside pitch batsmen-friendly and says dry conditions will add batting power.,Source reopened and coded under explicit_source_only_v1; unsupported legacy fields were blanked.
1144516,https://indianexpress.com/article/sports/cricket-world-cup/india-vs-west-indies-manchester-weather-forecast-today-and-pitch-report-5802271/,"India vs West Indies, Manchester Weather Forecast Today and Pitch Report: No rains expected",142,legacy_pre_explicit_source_only,passed_revised,batting_friendly,2,1,1,standard,,,batting_friendly,2,,,,,,2026-09-13T15:48:00Z,ai_assisted_reaudit_01,"Source explicitly says sunny, dry conditions mean the Old Trafford pitch will suit batsmen again.",Source reopened and coded under explicit_source_only_v1; unsupported legacy fields were blanked.
1144515,https://indianexpress.com/article/sports/cricket-world-cup/pakistan-vs-new-zealand-birmingham-weather-forecast-today-pitch-report-5799779/,"Pakistan vs New Zealand, Birmingham Weather Forecast Today and Pitch Report: Wet outfield delays toss",143,legacy_pre_explicit_source_only,passed_revised,slow_two_paced,0,1,2,standard,1,,unknown,,,,,,,2026-09-13T15:48:00Z,ai_assisted_reaudit_01,Source says only that the pitch was two-paced in the previous Edgbaston match; it does not forecast the same focal-match behavior.,Source reopened and coded under explicit_source_only_v1; unsupported legacy fields were blanked.
1144512,https://indianexpress.com/article/sports/cricket-world-cup/pakistan-vs-south-africa-lords-weather-forecast-today-and-pitch-report-5795463/,"Pakistan vs South Africa, Lord’s Weather Forecast Today and Pitch Report: Will rain play spoilsport?",144,legacy_pre_explicit_source_only,passed_revised,pace_seam,0,2,0,standard,,,pace_seam,0,2,,,,,2026-09-13T15:48:00Z,ai_assisted_reaudit_01,Source says the Lord’s pitch will be hard to bat on from the start and will give fast bowlers enough new-ball assistance.,Source reopened and coded under explicit_source_only_v1; unsupported legacy fields were blanked.
1144509,https://indianexpress.com/article/sports/cricket-world-cup/england-vs-sri-lanka-leeds-weather-today-and-headingley-pitch-report-5792176/,"World Cup 2019: England vs Sri Lanka, Leeds Weather Today and Headingley Pitch Report",145,legacy_pre_explicit_source_only,passed_revised,balanced,2,2,0,standard,,,batting_friendly,2,1,,,,,2026-09-13T15:48:00Z,ai_assisted_reaudit_01,"Source calls Headingley a flat, run-scoring, batsman-assisting track and says forecast overcast conditions should favor seamers.",Source reopened and coded under explicit_source_only_v1; unsupported legacy fields were blanked.
1144508,https://indianexpress.com/article/sports/cricket-world-cup/australia-vs-bangladesh-nottingham-weather-pitch-report-trent-bridge-5790263/,"Australia vs Bangladesh, Nottingham Weather and Pitch Report Today: Expected to stay cloudy, might rain",146,legacy_pre_explicit_source_only,passed_revised,batting_friendly,2,1,,standard,0,,batting_friendly,2,,,,,,2026-09-13T15:48:00Z,ai_assisted_reaudit_01,Source calls Trent Bridge a very good batting surface with many runs expected in both innings.,Source reopened and coded under explicit_source_only_v1; unsupported legacy fields were blanked.
1144505,https://www.icc-cricket.com/tournaments/cricketworldcup/news/west-indies-bangladesh-eye-resurgence-as-competition-stiffens,"West Indies, Bangladesh eye resurgence as competition stiffens",147,legacy_pre_explicit_source_only,passed_revised,batting_friendly,2,,,standard,,,batting_friendly,2,,,,,,2026-09-13T15:48:00Z,ai_assisted_reaudit_01,ICC conditions note says sun and short Taunton boundaries make a high-scoring match possible; no bowling or bounce effect is stated.,Source reopened and coded under explicit_source_only_v1; unsupported legacy fields were blanked.
1144502,https://www.icc-cricket.com/tournaments/cricketworldcup/news/on-song-australia-look-to-continue-surge-against-sri-lanka,On song Australia look to continue surge against Sri Lanka,148,legacy_pre_explicit_source_only,passed_revised,batting_friendly,2,1,1,standard,,,batting_friendly,2,,,,,,2026-09-13T15:48:00Z,ai_assisted_reaudit_01,ICC says the Oval pitch has been good for batting and gives no reason to expect that to change.,Source reopened and coded under explicit_source_only_v1; unsupported legacy fields were blanked.
1144501,https://www.icc-cricket.com/tournaments/cricketworldcup/news/england-look-to-continue-dominance-against-spirited-west-indies,England look to continue dominance against spirited West Indies,149,legacy_pre_explicit_source_only,passed_revised,pace_seam,0,2,0,standard,,,pace_seam,,2,,,,,2026-09-13T15:48:00Z,ai_assisted_reaudit_01,ICC conditions note says a cloudy start will assist fast bowlers early and influence the toss; no other focal effect is stated.,Source reopened and coded under explicit_source_only_v1; unsupported legacy fields were blanked.
1144499,https://www.icc-cricket.com/tournaments/cricketworldcup/news/australia-seek-revival-against-uplifted-pakistan,Australia seek revival against uplifted Pakistan,150,legacy_pre_explicit_source_only,passed_revised,pace_seam,1,2,0,standard,,,pace_seam,,2,,,,,2026-09-13T15:48:00Z,ai_assisted_reaudit_01,ICC conditions note explicitly expects the Taunton pitch to assist fast bowlers early in the day.,Source reopened and coded under explicit_source_only_v1; unsupported legacy fields were blanked.
1144496,https://www.icc-cricket.com/tournaments/cricketworldcup/news/upbeat-india-gear-up-for-australian-challenge,Upbeat India gear up for Australian challenge,151,legacy_pre_explicit_source_only,passed_revised,spin,0,1,2,standard,1,,spin,0,,2,,,,2026-09-13T15:50:39Z,ai_assisted_reaudit_01,ICC says batting second has been difficult and that dryness plus large square boundaries may bring spinners into play.,Source reopened and coded under explicit_source_only_v1; unsupported legacy fields were blanked.
1144494,https://www.icc-cricket.com/tournaments/cricketworldcup/news/england-eye-comeback-against-spirited-bangladesh,England eye comeback against spirited Bangladesh,152,legacy_pre_explicit_source_only,passed_revised,pace_seam,0,2,0,standard,,,unknown,,,,,,,2026-09-13T15:50:39Z,ai_assisted_reaudit_01,"ICC forecasts overcast and wind and says teams may exploit conditions, but does not identify a pitch or bowling-modality effect.",Source reopened and coded under explicit_source_only_v1; unsupported legacy fields were blanked.
1144491,https://www.icc-cricket.com/tournaments/cricketworldcup/news/bangladesh-new-zealand-hunt-for-early-advantage,"Bangladesh, New Zealand hunt for early advantage",153,legacy_pre_explicit_source_only,passed_revised,batting_friendly,2,2,,standard,0,,batting_friendly,2,1,,,,,2026-09-13T15:50:39Z,ai_assisted_reaudit_01,ICC says the Oval surface favors batsmen while forecast cloud cover should give seam bowlers assistance.,Source reopened and coded under explicit_source_only_v1; unsupported legacy fields were blanked.
1144490,https://www.icc-cricket.com/tournaments/cricketworldcup/news/rattled-south-africa-face-uphill-challenge,Rattled South Africa face uphill challenge,154,legacy_pre_explicit_source_only,passed_revised,batting_friendly,2,1,,standard,0,,batting_friendly,2,,,,,,2026-09-13T15:50:39Z,ai_assisted_reaudit_01,ICC explicitly expects extremely batting-friendly underfoot conditions at Southampton.,Source reopened and coded under explicit_source_only_v1; unsupported legacy fields were blanked.
1144488,https://www.thenews.com.pk/latest/479705-pakistan-vs-england-preview-world-cup-2019-match-6-weather-report-pitch-report-match-details,"Pakistan vs England preview, World Cup 2019 Match 6, Weather Report, Pitch Report, Match Details",155,legacy_pre_explicit_source_only,passed_revised,batting_friendly,2,1,,standard,0,,batting_friendly,2,1,,,,,2026-09-13T15:50:39Z,ai_assisted_reaudit_01,Source says the reused Trent Bridge pitch is run-laden with a high score possible and that forecast cloud may produce early swing.,Source reopened and coded under explicit_source_only_v1; unsupported legacy fields were blanked.
1144487,https://www.icc-cricket.com/tournaments/cricketworldcup/news/south-africa-eye-first-win-against-resolute-bangladesh,South Africa eye first win against resolute Bangladesh,156,legacy_pre_explicit_source_only,passed_revised,pace_seam,0,2,0,standard,0,,pace_seam,,2,,,,,2026-09-13T15:50:39Z,ai_assisted_reaudit_01,"ICC explicitly says overcast and windy conditions might assist seamers early; no batting, spin, bounce, or dew effect is stated.",Source reopened and coded under explicit_source_only_v1; unsupported legacy fields were blanked.
1144484,https://www.cricbuzz.com/cricket-news/108234/clash-of-contrasting-approaches-as-trent-bridge-runfest-looms-west-indies-vs-pakistan-world-cup-2019-match-2-match-preview,Clash of contrasting approaches as Trent Bridge runfest looms,157,legacy_pre_explicit_source_only,passed_revised,batting_friendly,2,1,,standard,0,,batting_friendly,2,,,,,,2026-09-13T15:50:39Z,ai_assisted_reaudit_01,Cricbuzz explicitly expects an excellent batting pitch with plenty of runs on offer.,Source reopened and coded under explicit_source_only_v1; unsupported legacy fields were blanked.
656493,https://www.hindustantimes.com/worldcup2015/ind-vs-aus-sf-spin-friendly-sydney-has-aussie-pacers-wishing-for-green-top/story-6Cu7f2NGv2X1Pdh46OwYhN.html,Ind vs Aus SF: Spin-friendly Sydney has Aussie pacers wishing for green top,158,legacy_pre_explicit_source_only,passed_revised,spin,1,1,2,standard,0,,spin,,,2,,,,2026-09-13T15:50:39Z,ai_assisted_reaudit_01,Source headline calls the SCG spin-friendly and reports a pre-match prediction that spin could decide the semifinal.,Source reopened and coded under explicit_source_only_v1; unsupported legacy fields were blanked.
656487,https://www.cricket.com.au/news/3268344/green-adelaide-pitch-set-to-favour-quicks,Green Adelaide pitch set to favour quicks,159,legacy_pre_explicit_source_only,passed_revised,pace_seam,0,2,0,standard,0,,pace_seam,,2,0,,,,2026-09-13T15:50:39Z,ai_assisted_reaudit_01,"Source shows a green-tinged focal strip, quotes the captain expecting fast bowling to be vital, and says spinners were likely to be omitted.",Source reopened and coded under explicit_source_only_v1; unsupported legacy fields were blanked.
656481,https://www.icc-cricket.com/news/pakistan-v-ireland-preview-match-42-adelaide,"Pakistan v Ireland Preview, Match 42, Adelaide",160,legacy_pre_explicit_source_only,passed_revised,balanced,1,2,1,standard,0,,unknown,,,,,,,2026-09-13T15:50:39Z,ai_assisted_reaudit_01,"ICC says Adelaide will almost certainly be a bat-first surface, but reverse swing remains uncertain and no batting-ease or bowling-support effect is stated.",Source reopened and coded under explicit_source_only_v1; unsupported legacy fields were blanked.
656471,https://www.icc-cricket.com/news/bangladesh-v-new-zealand-match-37-hamilton,"Bangladesh v New Zealand, Match 37, Hamilton",161,legacy_pre_explicit_source_only,passed_revised,spin,1,1,2,standard,0,,spin,,,2,,,,2026-09-13T15:50:39Z,ai_assisted_reaudit_01,Bangladesh’s coach says he is sure the focal Hamilton pitch will help spinners.,Source reopened and coded under explicit_source_only_v1; unsupported legacy fields were blanked.
656465,https://www.rediff.com/cricket/report/icc-world-cup-following-icc-diktat-curator-prepares-batting-strip-for-india-ireland-tie/20150308.htm,"Following ICC diktat, curator prepares batting strip for India-Ireland match",162,legacy_pre_explicit_source_only,passed_revised,batting_friendly,2,0,0,standard,0,,batting_friendly,2,0,0,standard,,,2026-09-13T15:50:39Z,ai_assisted_reaudit_01,"Curator says the focal wicket was prepared as a good batting track with negligible seam movement, less turn, and hard, even bounce and carry.",Source reopened and coded under explicit_source_only_v1; unsupported legacy fields were blanked.
656463,https://www.icc-cricket.com/news/bangladesh-v-england-preview-match-33-adelaide,"Bangladesh v England Preview, Match 33, Adelaide",163,legacy_pre_explicit_source_only,passed_revised,balanced,1,1,1,,0,,unknown,,,,,,,2026-09-13T15:50:39Z,ai_assisted_reaudit_01,"ICC only states conditional possibilities if Adelaide offers purchase, dodgy pace, or uneven bounce; it does not forecast any of them.",Source reopened and coded under explicit_source_only_v1; unsupported legacy fields were blanked.
656461,https://www.sbs.com.au/news/article/aussies-lankans-ponder-scg-pitch/b253g7ive,"Aussies, Lankans ponder SCG pitch",164,legacy_pre_explicit_source_only,passed_revised,spin,2,1,2,standard,0,,spin,,,1,,,,2026-09-13T15:50:39Z,ai_assisted_reaudit_01,"Sri Lanka’s captain says spin might play a big part, while other focal-pitch comments are explicitly uncertain or conditional.",Source reopened and coded under explicit_source_only_v1; unsupported legacy fields were blanked.
656453,https://indianexpress.com/article/sports/cricket-world-cup/2310180/west-indies-have-pitch-pacers-to-their-advantage/,"India vs West Indies: West Indies have pitch, pacers to their advantage",165,legacy_pre_explicit_source_only,passed_revised,pace_seam,0,2,0,steep,0,,pace_seam,,2,,steep,,,2026-09-13T15:50:39Z,ai_assisted_reaudit_01,Source identifies the WACA as one of the quickest wickets and explicitly says its bounce and carry favor West Indies pacers.,Source reopened and coded under explicit_source_only_v1; unsupported legacy fields were blanked.
656399,https://www.icc-cricket.com/news/new-zealand-v-sri-lanka-preview-match-1-at-hagley-oval,"New Zealand v Sri Lanka Preview, Match 1 at Hagley Oval",166,legacy_pre_explicit_source_only,passed_revised,balanced,2,2,0,standard,0,,batting_friendly,2,,,standard,,,2026-09-13T15:50:39Z,ai_assisted_reaudit_01,"ICC expects firm, true conditions, says the ball carries beautifully, and describes excellent batting value when weather holds.",Source reopened and coded under explicit_source_only_v1; unsupported legacy fields were blanked.
656401,https://www.icc-cricket.com/news/australia-v-england-preview-match-2-at-mcg,"Australia v England Preview, Match 2 at MCG",167,legacy_pre_explicit_source_only,passed_revised,balanced,1,1,0,,0,,unknown,,,,,,,2026-09-13T15:50:39Z,ai_assisted_reaudit_01,ICC explicitly says no one is sure how the focal MCG drop-in pitch will behave and that it can offer a bit of everything.,Source reopened and coded under explicit_source_only_v1; unsupported legacy fields were blanked.
656405,https://dunyanews.tv/en/Cricket/261562-Pitch-Report-from-Adelaide-Bat-if-you-win-the-tos,"Pitch Report from Adelaide: Bat if you win the toss, tells Wasim Akram",168,legacy_pre_explicit_source_only,passed_revised,batting_friendly,2,1,0,standard,0,,batting_friendly,2,1,0,,,,2026-09-13T15:50:39Z,ai_assisted_reaudit_01,"Pre-match pitch reading calls Adelaide a batting paradise with serious pace, slight movement only early or under lights, and no expected turn.",Source reopened and coded under explicit_source_only_v1; unsupported legacy fields were blanked.
656407,https://www.icc-cricket.com/news/west-indies-v-ireland-preview-match-5-at-nelson,"West Indies v Ireland, Preview, Match 5 at Nelson",169,legacy_pre_explicit_source_only,passed_revised,batting_friendly,2,1,0,standard,0,,batting_friendly,2,,,standard,,,2026-09-13T15:50:39Z,ai_assisted_reaudit_01,"ICC says the Saxton Oval pitch is expected to be true and batsman-friendly, with conditions completing a run-fest recipe.",Source reopened and coded under explicit_source_only_v1; unsupported legacy fields were blanked.
656409,https://www.cricbuzz.com/cricket-news/70110/icc-cricket-world-cup-2015-new-zealand-v-scotland-preview-new-zealand-on-guard-against-upbeat-scotland-cricbuzzcom,New Zealand on guard against upbeat Scotland,170,legacy_pre_explicit_source_only,passed_revised,batting_friendly,2,1,0,standard,0,,batting_friendly,2,,,,,,2026-09-13T15:50:39Z,ai_assisted_reaudit_01,Both captains describe University Oval as a good batting surface and explicitly expect many runs.,Source reopened and coded under explicit_source_only_v1; unsupported legacy fields were blanked.
656413,https://www.icc-cricket.com/news/zimbabwe-v-uae-preview-match-8-nelson,"Zimbabwe v UAE Preview, Match 8, Nelson",171,legacy_pre_explicit_source_only,passed_revised,batting_friendly,2,1,0,standard,0,,batting_friendly,2,1,,,,,2026-09-13T15:50:39Z,ai_assisted_reaudit_01,ICC says Saxton Oval gives fast bowlers early assistance before becoming perfect for batting and run-scoring.,Source reopened and coded under explicit_source_only_v1; unsupported legacy fields were blanked.
656415,https://www.icc-cricket.com/news/new-zealand-v-england-preview-match-9-wellington,"New Zealand v England Preview, Match 9, Wellington",172,legacy_pre_explicit_source_only,passed_revised,batting_friendly,2,1,0,standard,0,,batting_friendly,2,,,,,,2026-09-13T15:50:39Z,ai_assisted_reaudit_01,"ICC says the Wellington wicket has runs in it; pace and bounce comments describe England’s bowlers, not the pitch.",Source reopened and coded under explicit_source_only_v1; unsupported legacy fields were blanked.
656423,https://www.icc-cricket.com/news/south-africa-v-india-preview-match-13-melbourne,"South Africa v India Preview, Match 13, Melbourne",173,legacy_pre_explicit_source_only,passed_revised,slow_two_paced,1,1,1,low,1,,unknown,,,,,,,2026-09-13T15:50:39Z,ai_assisted_reaudit_01,ICC cites a different MCG pitch from the prior November as unusually slow and explicitly leaves the focal behavior unresolved.,Source reopened and coded under explicit_source_only_v1; unsupported legacy fields were blanked.
1022347,https://www.icc-cricket.com/news/preview-thrill-seeking-england-faces-resurgent-bangladesh,Preview: Thrill-seeking England faces resurgent Bangladesh,174,legacy_pre_explicit_source_only,passed_revised,batting_friendly,2,2,0,standard,0,,batting_friendly,2,1,,standard,,,2026-09-13T15:50:39Z,ai_assisted_reaudit_01,"ICC calls the Oval fast and true, near a batsman’s paradise, with paceman assistance and a run-filled match expected.",Source reopened and coded under explicit_source_only_v1; unsupported legacy fields were blanked.
1022361,https://www.icc-cricket.com/news/sri-lanka-gets-mathews-boost-in-must-win-game,Sri Lanka gets Mathews boost in must-win game,175,legacy_pre_explicit_source_only,passed_revised,balanced,2,2,0,standard,0,,batting_friendly,2,,,,,,2026-09-13T15:50:39Z,ai_assisted_reaudit_01,ICC says Oval pitches are generally batting-friendly; it gives bowlers a generic chance without attributing a codable modality.,Source reopened and coded under explicit_source_only_v1; unsupported legacy fields were blanked.
1022363,https://www.icc-cricket.com/news/new-zealand-bangladesh-eye-elusive-win,"New Zealand, Bangladesh eye elusive win",176,legacy_pre_explicit_source_only,passed_revised,balanced,1,1,0,standard,0,,balanced,1,,,,,,2026-09-13T15:54:07Z,ai_assisted_reaudit_01,ICC expects the fresh Cardiff pitch to offer little to bowlers without being a complete batting belter; conditional cloud/nip is not coded.,Source reopened and coded under explicit_source_only_v1; unsupported legacy fields were blanked.
1022373,https://www.icc-cricket.com/news/confident-india-runs-into-charged-up-bangladesh,Confident India runs into charged-up Bangladesh,177,legacy_pre_explicit_source_only,passed_revised,batting_friendly,2,1,0,standard,0,,batting_friendly,2,,,,,,2026-09-13T15:54:07Z,ai_assisted_reaudit_01,ICC explicitly expects the playing surface to be batsman-friendly while not allowing bowlers to run through sides.,Source reopened and coded under explicit_source_only_v1; unsupported legacy fields were blanked.
1022375,https://www.icc-cricket.com/news/rejuvenated-pakistan-must-hold-nerve-for-big-india-rematch,Rejuvenated Pakistan must hold nerve for big India rematch,178,legacy_pre_explicit_source_only,passed_revised,batting_friendly,2,1,0,standard,0,,batting_friendly,2,,,,,,2026-09-13T15:54:07Z,ai_assisted_reaudit_01,"ICC says the fresh, unused Oval pitch will provide batsmen-friendly conditions.",Source reopened and coded under explicit_source_only_v1; unsupported legacy fields were blanked.
1119497,https://www.icc-cricket.com/news/australia-looks-to-bounce-back-in-smiths-100th-odi,Australia looks to bounce back in Smith’s 100th ODI,179,legacy_pre_explicit_source_only,passed_revised,balanced,1,1,1,standard,0,,balanced,1,,1,,,,2026-09-13T15:54:07Z,ai_assisted_reaudit_01,"Curators say Eden Gardens was prepared to be fair to batters and bowlers, while overcast conditions could help slower bowlers.",Source reopened and coded under explicit_source_only_v1; unsupported legacy fields were blanked.
1119498,https://indianexpress.com/article/sports/cricket/india-vs-australia-3rd-odi-kuldeep-yadav-yuzvendra-chahal-batsmen-to-benefit-most-in-indore-says-pitch-curator-4856359/,"India vs Australia, 3rd ODI: Kuldeep Yadav, Yuzvendra Chahal, batsmen to benefit most in Indore, says pitch curator",180,legacy_pre_explicit_source_only,passed_revised,batting_friendly,2,1,2,standard,0,,batting_friendly,2,,1,steep,,,2026-09-13T15:54:07Z,ai_assisted_reaudit_01,Curator calls the focal Indore pitch a likely high-scoring belter and says it will suit wrist spin with extra bounce.,Source reopened and coded under explicit_source_only_v1; unsupported legacy fields were blanked.
1168245,https://indianexpress.com/article/sports/cricket/india-vs-australia-4th-odi-preview-mohali-pitch-report-5618214/,India vs Australia 4th ODI Preview: India aim to bounce back after reality check in Ranchi,181,legacy_pre_explicit_source_only,passed_revised,balanced,2,2,0,standard,0,,pace_seam,,2,,,,,2026-09-13T15:54:07Z,ai_assisted_reaudit_01,Source says Mohali is known to favor pacers and forecasts an even contest if that behavior holds; focal batting ease is not stated.,Source reopened and coded under explicit_source_only_v1; unsupported legacy fields were blanked.
1187028,https://www.hindustantimes.com/cricket/rajkot-weather-today-rajkot-pitch-report-importance-of-toss/story-lk0J5xZXSupS2TzlTOnlPO.html,"India vs Australia: Rajkot weather today, pitch report, importance of toss",182,legacy_pre_explicit_source_only,passed_revised,batting_friendly,2,1,1,standard,0,,batting_friendly,2,,,,,,2026-09-13T15:54:07Z,ai_assisted_reaudit_01,Source says Rajkot has always been a batting paradise and bowlers must minimize damage; no bowling support is stated.,Source reopened and coded under explicit_source_only_v1; unsupported legacy fields were blanked.
1187029,https://www.hindustantimes.com/cricket/india-vs-australia-3rd-odi-bengaluru-weather-and-pitch-report-high-scoring-match-on-the-cards/story-2XMAkpyOnPDlZEJWXQvT2N.html,India vs Australia 3rd ODI: Bengaluru weather and pitch report - High-scoring match on the cards,183,legacy_pre_explicit_source_only,passed_revised,batting_friendly,2,1,1,standard,0,,batting_friendly,2,,,,,,2026-09-13T15:54:07Z,ai_assisted_reaudit_01,Source explicitly forecasts the Bengaluru pitch as a belter and the match as high-scoring.,Source reopened and coded under explicit_source_only_v1; unsupported legacy fields were blanked.
1348657,https://indianexpress.com/article/sports/cricket/ind-vs-aus-rains-might-force-vizag-odi-into-a-t20-game-8505380/,IND vs AUS: Rains might force Vizag ODI into a T20 game,184,legacy_pre_explicit_source_only,passed_revised,batting_friendly,2,1,0,standard,0,,batting_friendly,2,,,,,,2026-09-13T15:54:07Z,ai_assisted_reaudit_01,Source says ground staff laid a batting beauty at Vizag; rain risk is stated without a specific pitch-effect forecast.,Source reopened and coded under explicit_source_only_v1; unsupported legacy fields were blanked.
1348658,https://timesofindia.indiatimes.com/sports/cricket/australia-in-india/ind-vs-aus-3rd-odi-mitchell-starc-threat-looms-large-as-india-face-australia-in-odi-series-finale/articleshow/98846670.cms,IND vs AUS 3rd ODI: Mitchell Starc threat looms large as India face Australia in ODI series finale,185,legacy_pre_explicit_source_only,passed_revised,slow_two_paced,0,1,2,low,1,,slow_two_paced,0,1,,,1,,2026-09-13T15:54:07Z,ai_assisted_reaudit_01,Source forecasts a traditional slow Chepauk track and separately says humidity and sea breeze may help Starc generate pace and swing.,Source reopened and coded under explicit_source_only_v1; unsupported legacy fields were blanked.
1157758,https://timesofindia.indiatimes.com/sports/cricket/west-indies-in-india/india-vs-west-indies-pitch-for-fifth-odi-an-unknown-quantity/articleshow/66439221.cms,India vs West Indies: Pitch for fifth ODI an unknown quantity,186,legacy_pre_explicit_source_only,passed_revised,batting_friendly,2,1,1,standard,0,,batting_friendly,2,,,,,,2026-09-13T15:54:07Z,ai_assisted_reaudit_01,"Organizer explicitly says the focal Thiruvananthapuram wicket will assist batters, permit free stroke-play, and could produce 300-plus.",Source reopened and coded under explicit_source_only_v1; unsupported legacy fields were blanked.
1187022,https://indianexpress.com/article/sports/cricket/india-vs-west-indies-rolling-out-the-odi-red-carpet-6170744/,India vs West Indies: Rolling out the ODI red carpet at Vizag,187,legacy_pre_explicit_source_only,passed_revised,batting_friendly,2,1,1,standard,0,,batting_friendly,2,,,,,,2026-09-13T15:54:07Z,ai_assisted_reaudit_01,Pre-match source explicitly says the Vizag pitch promises a run-fest; firmness alone is not converted into bounce or pace support.,Source reopened and coded under explicit_source_only_v1; unsupported legacy fields were blanked.
1122279,https://www.cricbuzz.com/cricket-news/100087/india-seek-odi-redemption-as-world-cup-talk-sets-in-vs-south-africa-cricket-team-in-1st-odi-durban-cricbuzzcom,India seek ODI redemption as World Cup talk sets in,188,legacy_pre_explicit_source_only,passed_revised,balanced,1,1,0,standard,0,,unknown,,,,,,,2026-09-13T15:54:07Z,ai_assisted_reaudit_01,Cricbuzz says the brown-grass Kingsmead pitch should resemble a modern ODI wicket but states no specific expected batting or bowling effect.,Source reopened and coded under explicit_source_only_v1; unsupported legacy fields were blanked.
1122281,https://www.icc-cricket.com/news/south-africa-vs-india-preview-3rd-odi,"South Africa vs India preview, 3rd ODI",189,legacy_pre_explicit_source_only,passed_revised,batting_friendly,2,1,0,standard,0,,batting_friendly,2,,,,,,2026-09-13T15:54:07Z,ai_assisted_reaudit_01,ICC explicitly expects Newlands to be more batsman-friendly for the ODI than it was for the preceding Test.,Source reopened and coded under explicit_source_only_v1; unsupported legacy fields were blanked.
1122283,https://www.indiatoday.in/sports/cricket/story/india-vs-south-africa-5th-odi-weather-forecast-pitch-report-st-george-s-park-port-elizabeth-1168520-2018-02-13,"India vs South Africa, 5th ODI: Weather forecast, pitch report St George's Park, Port Elizabeth",190,legacy_pre_explicit_source_only,passed_revised,slow_two_paced,0,1,2,low,1,,spin,,,2,,,,2026-09-13T15:54:07Z,ai_assisted_reaudit_01,Source calls St George’s Park slow and explicitly expects the focal surface to help India’s wrist spinners; batting impact is not stated.,Source reopened and coded under explicit_source_only_v1; unsupported legacy fields were blanked.
1122284,https://www.indiatoday.in/amp/sports/cricket/story/india-vs-south-africa-6th-odi-weather-forecast-pitch-report-supersport-park-centurion-1170756-2018-02-16,"India vs South Africa, 6th ODI: Weather forecast, pitch report at SuperSport Park, Centurion",191,legacy_pre_explicit_source_only,passed_revised,spin,0,0,2,low,1,,slow_two_paced,,,2,,1,,2026-09-13T15:54:07Z,ai_assisted_reaudit_01,"Source describes the focal Centurion surface as slow and subcontinental, citing strong spinner impact; no separate batting-ease effect is stated.",Source reopened and coded under explicit_source_only_v1; unsupported legacy fields were blanked.
1277082,https://www.icc-cricket.com/news/india-eyeing-a-fresh-start-south-africa-looking-to-ride-on-momentum,India eyeing a fresh start; South Africa looking to ride on momentum,192,legacy_pre_explicit_source_only,passed_revised,spin,0,0,2,low,1,,spin,,,2,,,,2026-09-13T15:54:07Z,ai_assisted_reaudit_01,India’s captain says the Boland Park pitch looks likely to offer substantially more help to spinners.,Source reopened and coded under explicit_source_only_v1; unsupported legacy fields were blanked.
1277084,https://www.icc-cricket.com/news/south-africa-look-to-seal-series-whitewash-as-action-shifts-to-cape-town,South Africa look to seal series whitewash as action shifts to Cape Town,193,legacy_pre_explicit_source_only,passed_revised,pace_seam,0,2,0,steep,0,,unknown,,,,,,,2026-09-13T15:54:07Z,ai_assisted_reaudit_01,ICC only calls Cape Town spicier than Paarl without naming a batting or bowling-modality effect; pace support is not inferred from the adjective.,Source reopened and coded under explicit_source_only_v1; unsupported legacy fields were blanked.
749787,https://www.odt.co.nz/sport/cricket/cricket-williamson-may-return-today,Cricket: Williamson may return today,194,legacy_pre_explicit_source_only,passed_revised,balanced,1,1,0,standard,0,,pace_seam,,2,,steep,,,2026-09-13T15:54:07Z,ai_assisted_reaudit_01,Pre-match report says the focal Saxton Oval pitch has more pace and bounce than the prior year.,Source reopened and coded under explicit_source_only_v1; unsupported legacy fields were blanked.
914211,https://www.icc-cricket.com/news/new-zealand-eyes-winning-finish-to-brilliant-year,New Zealand eyes winning finish to brilliant year,195,legacy_pre_explicit_source_only,passed_revised,slow_two_paced,0,0,1,low,1,,slow_two_paced,,,,,1,,2026-09-13T15:54:07Z,ai_assisted_reaudit_01,ICC explicitly expects Saxton Oval to be slower than Christchurch; no batting or bowling-modality effect is stated.,Source reopened and coded under explicit_source_only_v1; unsupported legacy fields were blanked.
1119537,https://cricketaddictor.com/cricket/england-australia-odi-series-2018-preview/,"ENG vs AUS 2018, 1st ODI: Arch-Rivals Eye Dominant Run after Recent Setbacks",196,legacy_pre_explicit_source_only,passed_revised,batting_friendly,2,0,1,standard,0,,batting_friendly,2,0,1,,,,2026-09-13T15:54:07Z,ai_assisted_reaudit_01,"Source says the Oval is generally good for batting, dry weather may give spin purchase, and the white ball is not expected to swing.",Source reopened and coded under explicit_source_only_v1; unsupported legacy fields were blanked.
1119538,https://www.cricbuzz.com/cricket-news/102585/england-out-to-erase-cardiff-memories-from-2017-champions-trophy-campaign-vs-australia-2nd-odi-preview-cricbuzzcom,England out to erase Cardiff memories from 2017 Champions Trophy campaign,197,legacy_pre_explicit_source_only,passed_revised,slow_two_paced,0,0,2,low,1,,slow_two_paced,0,,1,,1,,2026-09-13T15:54:07Z,ai_assisted_reaudit_01,"Cricbuzz expects a slow Cardiff pitch, tough batting, and assistance for slower bowlers.",Source reopened and coded under explicit_source_only_v1; unsupported legacy fields were blanked.
1119539,https://www.icc-cricket.com/news/australia-look-to-raise-game-to-avoid-another-series-defeat,Australia look to raise game to avoid another series defeat,198,legacy_pre_explicit_source_only,passed_revised,batting_friendly,2,0,0,standard,0,,batting_friendly,2,,,,,,2026-09-13T15:54:07Z,ai_assisted_reaudit_01,ICC explicitly expects Trent Bridge to be a batting paradise and another high-scoring match.,Source reopened and coded under explicit_source_only_v1; unsupported legacy fields were blanked.
1119540,https://www.icc-cricket.com/news/series-conceded-australia-look-to-salvage-pride,"Series conceded, Australia look to salvage pride",199,legacy_pre_explicit_source_only,passed_revised,batting_friendly,2,0,0,standard,0,,batting_friendly,2,,,,,,2026-09-13T15:54:07Z,ai_assisted_reaudit_01,ICC says history indicates Chester-le-Street will again be a belter.,Source reopened and coded under explicit_source_only_v1; unsupported legacy fields were blanked.
1198239,https://www.latestly.com/sports/cricket/england-vs-australia-manchester-pitch-report-rain-forecast-heres-how-weather-will-behave-for-eng-vs-aus-2nd-odi-2020-at-old-trafford-cricket-ground-2024820.html,"England vs Australia Manchester, Pitch Report & Rain Forecast: Here’s How Weather Will Behave for ENG vs AUS 2nd ODI 2020 at Old Trafford Cricket Ground",200,legacy_pre_explicit_source_only,passed_revised,batting_friendly,2,0,0,standard,0,,batting_friendly,2,,,,,,2026-09-13T15:54:07Z,ai_assisted_reaudit_01,Source says Old Trafford traditionally favors batters; middle-over unpredictability is not converted into an unsupported field.,Source reopened and coded under explicit_source_only_v1; unsupported legacy fields were blanked.
1377779,https://www.business-standard.com/cricket/news/cwc-qualifier-final-preview-confident-and-upbeat-dutch-face-unbeaten-lanka-123070900011_1.html,CWC Qualifier Final preview: Confident and upbeat Dutch face unbeaten Lanka,201,legacy_pre_explicit_source_only,passed_unchanged,batting_friendly,2,,,,,,batting_friendly,2,,,,,,2026-09-13T15:56:49Z,ai_assisted_reaudit_01,Source says Harare heavily favors batters and explicitly forecasts a high-scoring final after time for pitch recovery.,Source reopened and coded under explicit_source_only_v1; unsupported legacy fields were blanked.
1377776,https://www.business-standard.com/cricket/news/cwc-qualifier-preview-scots-face-the-dutch-challenge-for-a-world-cup-berth-123070500786_1.html,CWC Qualifier preview: Scots face the Dutch challenge for a World Cup berth,202,legacy_pre_explicit_source_only,passed_unchanged,unknown,0,,,,,,unknown,0,,,,,,2026-09-13T15:56:49Z,ai_assisted_reaudit_01,Source expects the Bulawayo trend of difficult batting to continue but does not state a bowling-modality effect.,Source reopened and coded under explicit_source_only_v1; unsupported legacy fields were blanked.
1377773,https://www.business-standard.com/cricket/news/cwc-qualifier-preview-zimbabwe-face-scotland-world-cup-berth-up-for-grabs-123070301083_1.html,"CWC Qualifier preview: Zimbabwe face Scotland, World Cup berth up for grabs",203,legacy_pre_explicit_source_only,passed_unchanged,unknown,0,,,,,,unknown,0,,,,,,2026-09-13T15:56:49Z,ai_assisted_reaudit_01,Source expects the Bulawayo trend of difficult batting to continue but does not state a bowling-modality effect.,Source reopened and coded under explicit_source_only_v1; unsupported legacy fields were blanked.
1377770,https://www.newsbytesapp.com/news/sports/cwc-qualifiers-super-sixes-sl-vs-zim-preview/story,"CWC Qualifiers Super-Sixes: Zimbabwe, SL aim to extend winning run",204,legacy_pre_explicit_source_only,source_unavailable,batting_friendly,2,,1,,,,,,,,,,,2026-09-13T15:56:49Z,ai_assisted_reaudit_01,"NewsBytes source returned HTTP 403 on re-audit, so no source text was available for compliant coding.",Source reopened and coded under explicit_source_only_v1; unsupported legacy fields were blanked.
1377766,https://www.business-standard.com/cricket/news/zimbabwe-vs-oman-cwc-qualifier-preview-red-hot-zimbabwe-face-oman-in-super-six-opener-123062800882_1.html,CWC Qualifier preview: Red-hot Zimbabwe face Oman in super six opener,205,legacy_pre_explicit_source_only,passed_unchanged,spin,0,,2,,,,spin,0,,2,,,,2026-09-13T15:56:49Z,ai_assisted_reaudit_01,"Source calls the Queens Sports Club track turning, says it is helping spinners, and warns the chase against that effect.",Source reopened and coded under explicit_source_only_v1; unsupported legacy fields were blanked.
1377765,https://www.business-standard.com/cricket/news/cwc-qualifier-day-10-preview-sl-sco-fight-for-four-wins-ire-for-first-123062600802_1.html,"CWC Qualifier Day 10 preview: SL, SCO fight for four wins; IRE for first",206,legacy_pre_explicit_source_only,passed_revised,spin,1,,2,,,,spin,,,2,,,,2026-09-13T15:56:49Z,ai_assisted_reaudit_01,Source says the Bulawayo Athletic Club wicket supports spin as it dries; no separate batting-ease or pace effect is stated.,Source reopened and coded under explicit_source_only_v1; unsupported legacy fields were blanked.
1377764,https://www.business-standard.com/cricket/news/cwc-qualifier-day-10-preview-sl-sco-fight-for-four-wins-ire-for-first-123062600802_1.html,"CWC Qualifier Day 10 preview: SL, SCO fight for four wins; IRE for first",207,legacy_pre_explicit_source_only,passed_revised,spin,0,1,2,,,1,spin,,1,2,,,1,2026-09-13T15:56:49Z,ai_assisted_reaudit_01,"Source says the worn Queens Sports Club wicket helps spin, while early breeze and pitch dew give faster bowlers some swing.",Source reopened and coded under explicit_source_only_v1; unsupported legacy fields were blanked.
1377762,https://www.business-standard.com/cricket/news/cwc-qualifier-day-9-preview-zimbabwe-eye-streak-windies-win-against-ned-123062600046_1.html,"CWC Qualifier Day 9 preview: Zimbabwe eye streak, Windies win against NED",208,legacy_pre_explicit_source_only,passed_unchanged,batting_friendly,2,,,,,,batting_friendly,2,,,,,,2026-09-13T15:56:49Z,ai_assisted_reaudit_01,Source says Harare has improved each game and that run-scoring should not be a problem absent rash shots.,Source reopened and coded under explicit_source_only_v1; unsupported legacy fields were blanked.
1377761,https://www.business-standard.com/cricket/news/cwc-qualifier-day-8-preview-ireland-fight-for-survival-oman-face-scotland-123062500125_1.html,"CWC Qualifier Day 8 preview: Ireland fight for survival, Oman face Scotland",209,legacy_pre_explicit_source_only,passed_unchanged,balanced,1,,,,,,balanced,1,,,,,,2026-09-13T15:56:49Z,ai_assisted_reaudit_01,Source says Bulawayo Athletic Club has something for both batters and bowlers without naming a bowling modality.,Source reopened and coded under explicit_source_only_v1; unsupported legacy fields were blanked.
1377760,https://www.business-standard.com/cricket/news/cwc-qualifier-day-8-preview-ireland-fight-for-survival-oman-face-scotland-123062500125_1.html,"CWC Qualifier Day 8 preview: Ireland fight for survival, Oman face Scotland",210,legacy_pre_explicit_source_only,passed_unchanged,spin,0,,2,,,,spin,0,,2,,,,2026-09-13T15:56:49Z,ai_assisted_reaudit_01,Source says Bulawayo batting has become difficult and explicitly expects spinners to be more successful.,Source reopened and coded under explicit_source_only_v1; unsupported legacy fields were blanked.
1377753,https://www.business-standard.com/cricket/news/cwc-qualifier-day-4-preview-ireland-seek-recovery-oman-second-victory-123062000642_1.html,"CWC Qualifier Day 4 preview: Ireland seek recovery, Oman second victory",211,legacy_pre_explicit_source_only,passed_revised,balanced,1,,1,standard,,,balanced,,,1,standard,,,2026-09-13T15:56:49Z,ai_assisted_reaudit_01,Source calls the Bulawayo Athletic Club wicket quality and true and says it should suit both teams’ spin resources.,Source reopened and coded under explicit_source_only_v1; unsupported legacy fields were blanked.
1377752,https://www.business-standard.com/cricket/news/cwc-qualifier-day-4-preview-ireland-seek-recovery-oman-second-victory-123062000642_1.html,"CWC Qualifier Day 4 preview: Ireland seek recovery, Oman second victory",212,legacy_pre_explicit_source_only,passed_unchanged,batting_friendly,2,,,,,,batting_friendly,2,,,,,,2026-09-13T15:56:49Z,ai_assisted_reaudit_01,Source says Queens Sports Club has become as good as any other batting-friendly venue.,Source reopened and coded under explicit_source_only_v1; unsupported legacy fields were blanked.
1377751,https://www.business-standard.com/cricket/news/cwc-qualifier-day-3-preview-depleted-dutch-face-zimbabwe-nepal-take-on-us-123062000128_1.html,"CWC Qualifier Day 3 preview: Depleted Dutch face Zimbabwe, Nepal take on US",213,legacy_pre_explicit_source_only,passed_unchanged,batting_friendly,2,,,,,,batting_friendly,2,,,,,,2026-09-13T15:56:49Z,ai_assisted_reaudit_01,"Source expects quick runs from Takashinga’s flat, dry wicket; no bowling effect is stated.",Source reopened and coded under explicit_source_only_v1; unsupported legacy fields were blanked.
1377750,https://www.business-standard.com/cricket/news/cwc-qualifier-day-3-preview-depleted-dutch-face-zimbabwe-nepal-take-on-us-123062000128_1.html,"CWC Qualifier Day 3 preview: Depleted Dutch face Zimbabwe, Nepal take on US",214,legacy_pre_explicit_source_only,passed_unchanged,batting_friendly,2,0,0,,,,batting_friendly,2,0,0,,,,2026-09-13T15:56:49Z,ai_assisted_reaudit_01,Source calls Harare a road with no help for bowlers and no batting difficulty.,Source reopened and coded under explicit_source_only_v1; unsupported legacy fields were blanked.
1377749,https://www.business-standard.com/cricket/news/cwc-qualifier-day-2-preview-sri-lanka-take-on-uae-oman-challenge-ireland-123061900043_1.html,"CWC Qualifier Day 2 preview: Sri Lanka take on UAE, Oman challenge Ireland",215,legacy_pre_explicit_source_only,passed_unchanged,batting_friendly,2,,,,,,batting_friendly,2,,,,,,2026-09-13T15:56:49Z,ai_assisted_reaudit_01,"Source calls Bulawayo Athletic Club a batting paradise after 1,213 warm-up runs and urges batters to exploit it.",Source reopened and coded under explicit_source_only_v1; unsupported legacy fields were blanked.
1377748,https://www.business-standard.com/cricket/news/cwc-qualifier-day-2-preview-sri-lanka-take-on-uae-oman-challenge-ireland-123061900043_1.html,"CWC Qualifier Day 2 preview: Sri Lanka take on UAE, Oman challenge Ireland",216,legacy_pre_explicit_source_only,passed_unchanged,spin,0,,2,,,,spin,0,,2,,,,2026-09-13T15:56:49Z,ai_assisted_reaudit_01,Source calls Queens Sports Club the toughest warm-up ground and explicitly says the pitch assists spinners.,Source reopened and coded under explicit_source_only_v1; unsupported legacy fields were blanked.
1377747,https://www.business-standard.com/cricket/news/cwc-qualifier-day-1-preview-hosts-zimbabwe-take-on-nepal-windies-face-us-123061800238_1.html,"CWC Qualifier Day 1 preview: Hosts Zimbabwe take on Nepal, Windies face US",217,legacy_pre_explicit_source_only,passed_unchanged,batting_friendly,2,1,,,,,batting_friendly,2,1,,,,,2026-09-13T15:56:49Z,ai_assisted_reaudit_01,Source says Takashinga produced plentiful quick runs in friendly conditions while offering expected early swing.,Source reopened and coded under explicit_source_only_v1; unsupported legacy fields were blanked.
1377746,https://www.business-standard.com/cricket/news/cwc-qualifier-day-1-preview-hosts-zimbabwe-take-on-nepal-windies-face-us-123061800238_1.html,"CWC Qualifier Day 1 preview: Hosts Zimbabwe take on Nepal, Windies face US",218,legacy_pre_explicit_source_only,passed_unchanged,batting_friendly,2,,0,,,,batting_friendly,2,,0,,,,2026-09-13T15:56:49Z,ai_assisted_reaudit_01,Source says Harare makes run-scoring easy and that two new balls leave hardly any chance for its old-ball turn.,Source reopened and coded under explicit_source_only_v1; unsupported legacy fields were blanked.
1364125,https://www.thedailystar.net/sports/cricket/news/pacers-enjoying-conditions-rain-threat-looms-3317701,"Pacers enjoying conditions, but rain threat looms",219,legacy_pre_explicit_source_only,passed_unchanged,pace_seam,0,2,,steep,,,pace_seam,0,2,,steep,,,2026-09-13T15:56:49Z,ai_assisted_reaudit_01,"Source says Chelmsford conditions move the new ball, provide extra bounce, and may make top-order batting difficult.",Source reopened and coded under explicit_source_only_v1; unsupported legacy fields were blanked.
1339621,https://www.dawn.com/news/1750561,All eyes on in-form Fakhar as Pakistan look to seal ODI series,220,legacy_pre_explicit_source_only,passed_revised,unknown,1,,0,low,,,unknown,,,0,low,,,2026-09-13T15:56:49Z,ai_assisted_reaudit_01,Source expects less spin assistance than in winter and describes the focal Karachi wicket as visually low; batting ease is unstated.,Source reopened and coded under explicit_source_only_v1; unsupported legacy fields were blanked.
1339620,https://www.dawn.com/news/1749860,"After landmark 500th win, Pakistan look for more in second New Zealand ODI",221,legacy_pre_explicit_source_only,passed_revised,balanced,1,1,,low,,,pace_seam,,1,,low,,,2026-09-13T15:56:49Z,ai_assisted_reaudit_01,Pre-match discussion identifies reverse swing and lower wickets as the relevant Rawalpindi conditions; batting ease and spin support are not stated.,Source reopened and coded under explicit_source_only_v1; unsupported legacy fields were blanked.
1339607,https://supersport.com/cricket/general/news/3824ae91-4d78-49ee-bfb1-509d3c983e2e/de-kock-and-proteas-ready-for-crucial-dutch-task,De Kock and Proteas ready for crucial Dutch task,222,legacy_pre_explicit_source_only,source_unavailable,batting_friendly,2,,,,,,,,,,,,,2026-09-13T15:56:49Z,ai_assisted_reaudit_01,"SuperSport page exposed only a loading shell on re-audit, so no source text was available for compliant coding.",Source reopened and coded under explicit_source_only_v1; unsupported legacy fields were blanked.
1362379,https://thesportsrush.com/cricket-news-harare-sports-club-pitch-report-zim-vs-ned-1st-odi-pitch-report-of-harare-stadium/,Harare Sports Club pitch report: ZIM vs NED 1st ODI pitch report of Harare Stadium,223,legacy_pre_explicit_source_only,passed_unchanged,balanced,1,1,0,,1,,balanced,1,1,0,,1,,2026-09-13T15:56:49Z,ai_assisted_reaudit_01,"Source says Harare slows later without significant turn, helps pacers with the new ball, and remains a bat-leaning contest overall.",Source reopened and coded under explicit_source_only_v1; unsupported legacy fields were blanked.
1339603,https://www.sportsunfold.com/senwes-park-potchefstroom-pitch-report-batting-and-bowling-south-africa-vs-west-indies-3rd-odi-preview-20-3-23-rsa-vs-wi-3rd-odi-west-indies-tour-of-south-africa-2023-live-cricket-s/,"Senwes Park, Potchefstroom Pitch Report: Batting And Bowling South Africa vs West Indies, 3rd ODI Preview",224,legacy_pre_explicit_source_only,passed_unchanged,batting_friendly,2,1,1,standard,,1,batting_friendly,2,1,1,standard,,1,2026-09-13T15:56:49Z,ai_assisted_reaudit_01,"Source calls Senwes Park batting-friendly with firm, reliable pace and bounce, later turn, early fast-bowler value, and expected dew.",Source reopened and coded under explicit_source_only_v1; unsupported legacy fields were blanked.
1355717,https://www.sportsunfold.com/sylhet-international-cricket-stadium-sylhet-pitch-report-batting-and-bowling-bangladesh-vs-ireland-1st-odi-preview-18-3-23-ind-vs-ban-vs-ire-1st-odi-ireland-tour-of-bangladesh-2023/,"Sylhet International Cricket Stadium, Sylhet Pitch Report: Bangladesh vs Ireland, 1st ODI Preview",225,legacy_pre_explicit_source_only,passed_unchanged,batting_friendly,2,,,,,,batting_friendly,2,,,,,,2026-09-13T15:56:49Z,ai_assisted_reaudit_01,"Source calls Sylhet a good batting surface, cites its high scoring, and expects another major batting innings.",Source reopened and coded under explicit_source_only_v1; unsupported legacy fields were blanked.
1351399,https://sportstime247.com/zahur-ahmed-chowdhury-stadium-chattogram-pitch-report-for-ban-vs-eng-odi-records/,Zahur Ahmed Chowdhury Stadium Chattogram Pitch Report for BAN vs ENG ODI and Records,226,legacy_pre_explicit_source_only,passed_unchanged,batting_friendly,2,,1,,,,batting_friendly,2,,1,,,,2026-09-13T15:57:36Z,ai_assisted_reaudit_01,Source forecasts a great fresh wicket for batting with later assistance for spinners and possible similar batting fireworks.,Source reopened and coded under explicit_source_only_v1; unsupported legacy fields were blanked.
1351397,https://www.dhakatribune.com/sport/cricket/305852/bangladesh-out-to-maintain-home-supremacy-against,Bangladesh out to maintain home supremacy against world champions,227,legacy_pre_explicit_source_only,source_unavailable,spin,1,,2,low,1,,,,,,,,,2026-09-13T15:57:36Z,ai_assisted_reaudit_01,"Dhaka Tribune source returned HTTP 403 on re-audit, so no source text was available for compliant coding.",Source reopened and coded under explicit_source_only_v1; unsupported legacy fields were blanked.
1339597,https://thesportsrush.com/cricket-news-diamond-oval-kimberley-pitch-report-sa-vs-eng-3rd-odi-pitch-report-batting-or-bowling/,Diamond Oval Kimberley pitch report: SA vs ENG 3rd ODI pitch report batting or bowling,228,legacy_pre_explicit_source_only,passed_unchanged,pace_seam,1,1,,,,,pace_seam,1,1,,,,,2026-09-13T15:57:36Z,ai_assisted_reaudit_01,Source expects new-ball help for fast bowlers followed by easier batting once the ball gets old.,Source reopened and coded under explicit_source_only_v1; unsupported legacy fields were blanked.
1339596,https://thesportsrush.com/cricket-news-sa-vs-eng-2nd-odi-pitch-report-today-match-mangaung-oval-bloemfontein-pitch-report-batting-or-bowling-for-odi/,SA vs ENG 2nd ODI pitch report today match: Mangaung Oval Bloemfontein pitch report batting or bowling for ODI,,explicit_source_only_v1,current_standard,balanced,1,1,,,,,balanced,1,1,,,,,2026-09-13T08:06:16Z,ai_assisted_primary_01,"The adjacent Mangaung surface was expected to stay tacky with spongy bounce, favoring new-ball batting before pace variations became effective.",Initially coded under explicit_source_only_v1.
1339595,https://thesportsrush.com/cricket-news-mangaung-oval-pitch-report-mangaung-oval-bloemfontein-pitch-report-of-sa-vs-eng-1st-odi/,Mangaung Oval pitch report: Mangaung Oval Bloemfontein pitch report of SA vs ENG 1st ODI,,explicit_source_only_v1,current_standard,balanced,1,1,1,standard,,,balanced,1,1,1,standard,,,2026-09-13T08:06:16Z,ai_assisted_primary_01,"Expected even bounce and generally good batting, with new-ball swing for pace and some later spin assistance.",Initially coded under explicit_source_only_v1.
1348648,https://www.mykhel.com/cricket/india-vs-new-zealand-3rd-odi-indore-holkar-cricket-stadium-pitch-report-weather-forecast-record-206937.html,"India Vs New Zealand 3rd ODI: Indore Holkar Cricket Stadium Pitch Report, Weather Forecast, Stats & Record",,explicit_source_only_v1,current_standard,batting_friendly,2,,,standard,,,batting_friendly,2,,,standard,,,2026-09-13T08:06:16Z,ai_assisted_primary_01,Even bounce and short boundaries favored batting; pace had some prior success but bowlers were expected to work to contain scoring.,Initially coded under explicit_source_only_v1.
1348647,https://www.mykhel.com/cricket/india-vs-new-zealand-2nd-odi-raipur-svns-international-stadium-pitch-report-and-weather-forecast-206770.html,India Vs New Zealand 2nd ODI: Raipur SVNS International Stadium Pitch Report and Weather Forecast,,explicit_source_only_v1,current_standard,batting_friendly,2,1,1,,,,batting_friendly,2,1,1,,,,2026-09-13T08:06:16Z,ai_assisted_primary_01,"Raipur was expected to favor batting early before slowing, increasing the value of spin, cutters, and slower balls.",Initially coded under explicit_source_only_v1.
1348645,https://www.mykhel.com/cricket/india-vs-sri-lanka-3rd-odi-thiruvananthapuram-greenfield-stadium-pitch-report-weather-forecast-stats-206331.html,"India Vs Sri Lanka 3rd ODI: Thiruvananthapuram Greenfield Stadium Pitch Report, Weather Forecast and Stats",,explicit_source_only_v1,current_standard,balanced,0,1,1,,,,balanced,0,1,1,,,,2026-09-13T08:06:16Z,ai_assisted_primary_01,"Prior international evidence suggested difficult scoring, with spin influential in the ODI and seamers aided in the latest T20.",Initially coded under explicit_source_only_v1.
1339613,https://www.dawn.com/news/1731313,Spin to play crucial role in Pakistan’s ODI series decider against New Zealand,,explicit_source_only_v1,current_standard,spin,1,,2,,,,spin,1,,2,,,,2026-09-13T08:06:16Z,ai_assisted_primary_01,"The decider was expected to retain unusual turn and bounce, with little dew and greater second-innings grip for spin.",Initially coded under explicit_source_only_v1.
1348644,https://www.mykhel.com/cricket/india-vs-sri-lanka-2nd-odi-eden-gardens-pitch-report-stats-record-and-kolkata-weather-forecast-206197.html,"India Vs Sri Lanka 2nd ODI: Eden Gardens Pitch Report, Stats, Record and Kolkata Weather Forecast",,explicit_source_only_v1,current_standard,batting_friendly,2,,1,,,1,batting_friendly,2,,1,,,1,2026-09-13T08:06:16Z,ai_assisted_primary_01,"Small boundaries and a batting-friendly surface were expected, with later spin, some seam assistance, and evening dew.",Initially coded under explicit_source_only_v1.
1339612,https://thesportsrush.com/cricket-news-pak-vs-nz-2nd-odi-pitch-report-national-stadium-karachi-pitch-report-tomorrow-match/,PAK vs NZ 2nd ODI pitch report: National Stadium Karachi pitch report tomorrow match,,explicit_source_only_v1,current_standard,batting_friendly,2,1,1,,,,batting_friendly,2,1,1,,,,2026-09-13T08:06:16Z,ai_assisted_primary_01,"Karachi was expected to stay flat and high-scoring, with brief new-ball movement before the surface slowed and aided spin.",Initially coded under explicit_source_only_v1.
1348643,https://www.business-standard.com/article/sports/ind-vs-sl-1st-odi-pitch-report-weather-forecast-live-streaming-details-123010900838_1.html,"IND vs SL 1st ODI: Pitch report, weather forecast, live streaming details",,explicit_source_only_v1,current_standard,batting_friendly,2,,1,,,,batting_friendly,2,,1,,,,2026-09-13T08:06:16Z,ai_assisted_primary_01,Small dimensions favored boundary hitting with little early bowling help; spinners could gain purchase later.,Initially coded under explicit_source_only_v1.
1339611,https://thesportsrush.com/cricket-news-pak-vs-nz-1st-odi-pitch-report-national-stadium-karachi-pitch-report-for-pakistan-vs-new-zealand-tomorrow-match/,PAK vs NZ 1st ODI pitch report: National Stadium Karachi pitch report for Pakistan vs New Zealand tomorrow match,,explicit_source_only_v1,current_standard,batting_friendly,2,1,1,,,,batting_friendly,2,1,1,,,,2026-09-13T08:06:16Z,ai_assisted_primary_01,"A high-scoring Karachi pitch was expected, with limited new-ball pace assistance and increasing spin influence later.",Initially coded under explicit_source_only_v1.
1340847,https://www.sportsunfold.com/zahur-ahmed-chowdhury-stadium-chattogram-pitch-report-batting-and-bowling-bangladesh-vs-india-3rd-odi-preview-12-10-22-india-tour-of-bangladesh-2022-live-cricket-score/,"Zahur Ahmed Chowdhury Stadium, Chattogram, Pitch Report: Batting And Bowling Bangladesh vs India, 3rd ODI Preview",,explicit_source_only_v1,current_standard,spin,0,1,2,,,1,spin,0,1,2,,,1,2026-09-13T08:06:16Z,ai_assisted_primary_01,"Chattogram was expected to favor spin and difficult scoring overall, with the powerplay best for batting, early pace movement, and late dew.",Initially coded under explicit_source_only_v1.
1340846,https://www.mykhel.com/cricket/india-vs-bangladesh-1st-2nd-odi-mirpur-shere-bangla-stadium-pitch-weather-boundary-length-stats-203546.html,"India vs Bangladesh, 1st & 2nd ODI: Mirpur Shere Bangla Stadium Pitch Report, Weather, Boundary Length, Stats",,explicit_source_only_v1,current_standard,balanced,1,,1,,,,balanced,1,,1,,,,2026-09-13T08:06:16Z,ai_assisted_primary_01,"Batting could be productive, but expected wear brought spinners increasingly into the game as the match progressed.",Initially coded under explicit_source_only_v1.
1340845,https://www.crictracker.com/cricket-news/ban-v-ind-odi-series-2022-bangladesh-vs-india-weather-forecast-and-pitch-report-sher-e-bangla-national-cricket-stadium-dhaka/,BAN v IND ODI Series 2022: Bangladesh vs India Weather Forecast and Pitch Report of Sher-E-Bangla National Cricket Stadium (Dhaka),,explicit_source_only_v1,current_standard,slow_two_paced,,,,,,,slow_two_paced,,,,,,,2026-09-13T08:06:16Z,ai_assisted_primary_01,"The surface was expected to slow in the second half, favoring batting first, with little dew influence.",Initially coded under explicit_source_only_v1.
1322278,https://www.mykhel.com/cricket/india-vs-new-zealand-1st-odi-auckland-eden-park-pitch-report-weather-boundary-length-stats-202627.html,"India vs New Zealand, 1st ODI: Auckland Eden Park Pitch Report, Weather, Boundary Length, Stats",,explicit_source_only_v1,current_standard,batting_friendly,2,0,1,,,,batting_friendly,2,0,1,,,,2026-09-13T08:06:16Z,ai_assisted_primary_01,"A batter-friendly drop-in surface was expected, with limited pace impact before slowing and offering spinners more later.",Initially coded under explicit_source_only_v1.
1317490,https://thesportsrush.com/cricket-news-sydney-cricket-ground-pitch-report-tomorrow-match-scg-pitch-report-for-australia-vs-england-2nd-odi/,Sydney Cricket Ground pitch report tomorrow match: SCG pitch report for Australia vs England 2nd ODI,,explicit_source_only_v1,current_standard,batting_friendly,2,,2,standard,,,batting_friendly,2,,2,standard,,,2026-09-13T08:06:16Z,ai_assisted_primary_01,"The SCG was expected to favor batting with reliable bounce, while its dry surface aided spin and became harder to bat on later.",Initially coded under explicit_source_only_v1.
